classifier regression tests	UNKNOWN STEP	﻿2026-08-02T15:50:12.2308720Z Current runner version: '2.336.0'
classifier regression tests	UNKNOWN STEP	2026-08-02T15:50:12.2333648Z ##[group]Runner Image Provisioner
classifier regression tests	UNKNOWN STEP	2026-08-02T15:50:12.2334578Z Hosted Compute Agent
classifier regression tests	UNKNOWN STEP	2026-08-02T15:50:12.2335162Z Version: 20260707.563
classifier regression tests	UNKNOWN STEP	2026-08-02T15:50:12.2335889Z Commit: 02667638d2b423fbc733a8e32a88b44996a3ba6e
classifier regression tests	UNKNOWN STEP	2026-08-02T15:50:12.2336615Z Build Date: 2026-07-07T19:33:50Z
classifier regression tests	UNKNOWN STEP	2026-08-02T15:50:12.2337299Z Worker ID: {01be4c0e-8e32-4cb4-8d56-9003a829f8f6}
classifier regression tests	UNKNOWN STEP	2026-08-02T15:50:12.2338339Z Azure Region: westus
classifier regression tests	UNKNOWN STEP	2026-08-02T15:50:12.2338936Z ##[endgroup]
classifier regression tests	UNKNOWN STEP	2026-08-02T15:50:12.2340451Z ##[group]Operating System
classifier regression tests	UNKNOWN STEP	2026-08-02T15:50:12.2341125Z Ubuntu
classifier regression tests	UNKNOWN STEP	2026-08-02T15:50:12.2341675Z 24.04.4
classifier regression tests	UNKNOWN STEP	2026-08-02T15:50:12.2342287Z LTS
classifier regression tests	UNKNOWN STEP	2026-08-02T15:50:12.2342850Z ##[endgroup]
classifier regression tests	UNKNOWN STEP	2026-08-02T15:50:12.2343368Z ##[group]Runner Image
classifier regression tests	UNKNOWN STEP	2026-08-02T15:50:12.2344060Z Image: ubuntu-24.04
classifier regression tests	UNKNOWN STEP	2026-08-02T15:50:12.2344644Z Version: 20260720.247.2
classifier regression tests	UNKNOWN STEP	2026-08-02T15:50:12.2345921Z Included Software: https://github.com/actions/runner-images/blob/ubuntu24/20260720.247/images/ubuntu/Ubuntu2404-Readme.md
classifier regression tests	UNKNOWN STEP	2026-08-02T15:50:12.2347437Z Image Release: https://github.com/actions/runner-images/releases/tag/ubuntu24%2F20260720.247
classifier regression tests	UNKNOWN STEP	2026-08-02T15:50:12.2348766Z ##[endgroup]
classifier regression tests	UNKNOWN STEP	2026-08-02T15:50:12.2349966Z ##[group]GITHUB_TOKEN Permissions
classifier regression tests	UNKNOWN STEP	2026-08-02T15:50:12.2351910Z Contents: read
classifier regression tests	UNKNOWN STEP	2026-08-02T15:50:12.2352519Z Metadata: read
classifier regression tests	UNKNOWN STEP	2026-08-02T15:50:12.2353141Z Packages: read
classifier regression tests	UNKNOWN STEP	2026-08-02T15:50:12.2353721Z ##[endgroup]
classifier regression tests	UNKNOWN STEP	2026-08-02T15:50:12.2355762Z Secret source: Actions
classifier regression tests	UNKNOWN STEP	2026-08-02T15:50:12.2356919Z Prepare workflow directory
classifier regression tests	UNKNOWN STEP	2026-08-02T15:50:12.2691730Z Prepare all required actions
classifier regression tests	UNKNOWN STEP	2026-08-02T15:50:12.2741698Z Getting action download info
classifier regression tests	UNKNOWN STEP	2026-08-02T15:50:12.6201621Z Download action repository 'actions/checkout@v4' (SHA:11d5960a326750d5838078e36cf38b85af677262)
classifier regression tests	UNKNOWN STEP	2026-08-02T15:50:13.0790802Z Download action repository 'actions/setup-python@v5' (SHA:a26af69be951a213d495a4c3e4e4022e16d87065)
classifier regression tests	UNKNOWN STEP	2026-08-02T15:50:13.2608499Z Complete job name: classifier regression tests
classifier regression tests	UNKNOWN STEP	2026-08-02T15:50:13.3358502Z Node 20 is being deprecated. This workflow is running with Node 24 by default. If you need to temporarily use Node 20, you can set the ACTIONS_ALLOW_USE_UNSECURE_NODE_VERSION=true environment variable. For more information see: https://github.blog/changelog/2025-09-19-deprecation-of-node-20-on-github-actions-runners/
classifier regression tests	UNKNOWN STEP	2026-08-02T15:50:13.3367352Z ##[group]Run actions/checkout@v4
classifier regression tests	UNKNOWN STEP	2026-08-02T15:50:13.3368309Z with:
classifier regression tests	UNKNOWN STEP	2026-08-02T15:50:13.3368793Z   repository: Ace7111/kyberslash-evaluation
classifier regression tests	UNKNOWN STEP	2026-08-02T15:50:13.3372531Z   token: ***
classifier regression tests	UNKNOWN STEP	2026-08-02T15:50:13.3372960Z   ssh-strict: true
classifier regression tests	UNKNOWN STEP	2026-08-02T15:50:13.3373391Z   ssh-user: git
classifier regression tests	UNKNOWN STEP	2026-08-02T15:50:13.3373829Z   persist-credentials: true
classifier regression tests	UNKNOWN STEP	2026-08-02T15:50:13.3374303Z   clean: true
classifier regression tests	UNKNOWN STEP	2026-08-02T15:50:13.3374737Z   sparse-checkout-cone-mode: true
classifier regression tests	UNKNOWN STEP	2026-08-02T15:50:13.3375246Z   fetch-depth: 1
classifier regression tests	UNKNOWN STEP	2026-08-02T15:50:13.3375657Z   fetch-tags: false
classifier regression tests	UNKNOWN STEP	2026-08-02T15:50:13.3376093Z   show-progress: true
classifier regression tests	UNKNOWN STEP	2026-08-02T15:50:13.3376527Z   lfs: false
classifier regression tests	UNKNOWN STEP	2026-08-02T15:50:13.3376975Z   submodules: false
classifier regression tests	UNKNOWN STEP	2026-08-02T15:50:13.3377418Z   set-safe-directory: true
classifier regression tests	UNKNOWN STEP	2026-08-02T15:50:13.3377916Z   allow-unsafe-pr-checkout: false
classifier regression tests	UNKNOWN STEP	2026-08-02T15:50:13.3378858Z ##[endgroup]
classifier regression tests	UNKNOWN STEP	2026-08-02T15:50:13.4406530Z Syncing repository: Ace7111/kyberslash-evaluation
classifier regression tests	UNKNOWN STEP	2026-08-02T15:50:13.4409461Z ##[group]Getting Git version info
classifier regression tests	UNKNOWN STEP	2026-08-02T15:50:13.4411055Z Working directory is '/home/runner/work/kyberslash-evaluation/kyberslash-evaluation'
classifier regression tests	UNKNOWN STEP	2026-08-02T15:50:13.4413152Z [command]/usr/bin/git version
classifier regression tests	UNKNOWN STEP	2026-08-02T15:50:13.4456267Z git version 2.54.0
classifier regression tests	UNKNOWN STEP	2026-08-02T15:50:13.4485395Z ##[endgroup]
classifier regression tests	UNKNOWN STEP	2026-08-02T15:50:13.4504421Z Temporarily overriding HOME='/home/runner/work/_temp/933fab90-49c9-4f10-8848-00fef435b320' before making global git config changes
classifier regression tests	UNKNOWN STEP	2026-08-02T15:50:13.4506818Z Adding repository directory to the temporary git global config as a safe directory
classifier regression tests	UNKNOWN STEP	2026-08-02T15:50:13.4512576Z [command]/usr/bin/git config --global --add safe.directory /home/runner/work/kyberslash-evaluation/kyberslash-evaluation
classifier regression tests	UNKNOWN STEP	2026-08-02T15:50:13.4573333Z Deleting the contents of '/home/runner/work/kyberslash-evaluation/kyberslash-evaluation'
classifier regression tests	UNKNOWN STEP	2026-08-02T15:50:13.4578550Z ##[group]Initializing the repository
classifier regression tests	UNKNOWN STEP	2026-08-02T15:50:13.4584413Z [command]/usr/bin/git init /home/runner/work/kyberslash-evaluation/kyberslash-evaluation
classifier regression tests	UNKNOWN STEP	2026-08-02T15:50:13.4695469Z hint: Using 'master' as the name for the initial branch. This default branch name
classifier regression tests	UNKNOWN STEP	2026-08-02T15:50:13.4697295Z hint: will change to "main" in Git 3.0. To configure the initial branch name
classifier regression tests	UNKNOWN STEP	2026-08-02T15:50:13.4699200Z hint: to use in all of your new repositories, which will suppress this warning,
classifier regression tests	UNKNOWN STEP	2026-08-02T15:50:13.4701045Z hint: call:
classifier regression tests	UNKNOWN STEP	2026-08-02T15:50:13.4701866Z hint:
classifier regression tests	UNKNOWN STEP	2026-08-02T15:50:13.4703166Z hint: 	git config --global init.defaultBranch <name>
classifier regression tests	UNKNOWN STEP	2026-08-02T15:50:13.4704070Z hint:
classifier regression tests	UNKNOWN STEP	2026-08-02T15:50:13.4704712Z hint: Names commonly chosen instead of 'master' are 'main', 'trunk' and
classifier regression tests	UNKNOWN STEP	2026-08-02T15:50:13.4705702Z hint: 'development'. The just-created branch can be renamed via this command:
classifier regression tests	UNKNOWN STEP	2026-08-02T15:50:13.4706469Z hint:
classifier regression tests	UNKNOWN STEP	2026-08-02T15:50:13.4706869Z hint: 	git branch -m <name>
classifier regression tests	UNKNOWN STEP	2026-08-02T15:50:13.4707339Z hint:
classifier regression tests	UNKNOWN STEP	2026-08-02T15:50:13.4708272Z hint: Disable this message with "git config set advice.defaultBranchName false"
classifier regression tests	UNKNOWN STEP	2026-08-02T15:50:13.4709928Z Initialized empty Git repository in /home/runner/work/kyberslash-evaluation/kyberslash-evaluation/.git/
classifier regression tests	UNKNOWN STEP	2026-08-02T15:50:13.4721016Z [command]/usr/bin/git remote add origin https://github.com/Ace7111/kyberslash-evaluation
classifier regression tests	UNKNOWN STEP	2026-08-02T15:50:13.4760054Z ##[endgroup]
classifier regression tests	UNKNOWN STEP	2026-08-02T15:50:13.4760965Z ##[group]Disabling automatic garbage collection
classifier regression tests	UNKNOWN STEP	2026-08-02T15:50:13.4764678Z [command]/usr/bin/git config --local gc.auto 0
classifier regression tests	UNKNOWN STEP	2026-08-02T15:50:13.4796535Z ##[endgroup]
classifier regression tests	UNKNOWN STEP	2026-08-02T15:50:13.4797682Z ##[group]Setting up auth
classifier regression tests	UNKNOWN STEP	2026-08-02T15:50:13.4804842Z [command]/usr/bin/git config --local --name-only --get-regexp core\.sshCommand
classifier regression tests	UNKNOWN STEP	2026-08-02T15:50:13.4841966Z [command]/usr/bin/git submodule foreach --recursive sh -c "git config --local --name-only --get-regexp 'core\.sshCommand' && git config --local --unset-all 'core.sshCommand' || :"
classifier regression tests	UNKNOWN STEP	2026-08-02T15:50:13.5239831Z [command]/usr/bin/git config --local --name-only --get-regexp http\.https\:\/\/github\.com\/\.extraheader
classifier regression tests	UNKNOWN STEP	2026-08-02T15:50:13.5280405Z [command]/usr/bin/git submodule foreach --recursive sh -c "git config --local --name-only --get-regexp 'http\.https\:\/\/github\.com\/\.extraheader' && git config --local --unset-all 'http.https://github.com/.extraheader' || :"
classifier regression tests	UNKNOWN STEP	2026-08-02T15:50:13.5534690Z [command]/usr/bin/git config --local --name-only --get-regexp ^includeIf\.gitdir:
classifier regression tests	UNKNOWN STEP	2026-08-02T15:50:13.5572105Z [command]/usr/bin/git submodule foreach --recursive git config --local --show-origin --name-only --get-regexp remote.origin.url
classifier regression tests	UNKNOWN STEP	2026-08-02T15:50:13.5801447Z [command]/usr/bin/git config --local http.https://github.com/.extraheader AUTHORIZATION: basic ***
classifier regression tests	UNKNOWN STEP	2026-08-02T15:50:13.5840682Z ##[endgroup]
classifier regression tests	UNKNOWN STEP	2026-08-02T15:50:13.5841527Z ##[group]Fetching the repository
classifier regression tests	UNKNOWN STEP	2026-08-02T15:50:13.5851079Z [command]/usr/bin/git -c protocol.version=2 fetch --no-tags --prune --no-recurse-submodules --depth=1 origin +c36da0f41ae2be8e5a855b5edf63e5074665cffa:refs/remotes/origin/main
classifier regression tests	UNKNOWN STEP	2026-08-02T15:50:14.0932668Z From https://github.com/Ace7111/kyberslash-evaluation
classifier regression tests	UNKNOWN STEP	2026-08-02T15:50:14.0935294Z  * [new ref]         c36da0f41ae2be8e5a855b5edf63e5074665cffa -> origin/main
classifier regression tests	UNKNOWN STEP	2026-08-02T15:50:14.0971200Z ##[endgroup]
classifier regression tests	UNKNOWN STEP	2026-08-02T15:50:14.0973179Z ##[group]Determining the checkout info
classifier regression tests	UNKNOWN STEP	2026-08-02T15:50:14.0974995Z ##[endgroup]
classifier regression tests	UNKNOWN STEP	2026-08-02T15:50:14.0979515Z [command]/usr/bin/git sparse-checkout disable
classifier regression tests	UNKNOWN STEP	2026-08-02T15:50:14.1031779Z [command]/usr/bin/git config --local --unset-all extensions.worktreeConfig
classifier regression tests	UNKNOWN STEP	2026-08-02T15:50:14.1063444Z ##[group]Checking out the ref
classifier regression tests	UNKNOWN STEP	2026-08-02T15:50:14.1067273Z [command]/usr/bin/git checkout --progress --force -B main refs/remotes/origin/main
classifier regression tests	UNKNOWN STEP	2026-08-02T15:50:14.1231573Z Switched to a new branch 'main'
classifier regression tests	UNKNOWN STEP	2026-08-02T15:50:14.1235822Z branch 'main' set up to track 'origin/main'.
classifier regression tests	UNKNOWN STEP	2026-08-02T15:50:14.1240948Z ##[endgroup]
classifier regression tests	UNKNOWN STEP	2026-08-02T15:50:14.1284896Z [command]/usr/bin/git log -1 --format=%H
classifier regression tests	UNKNOWN STEP	2026-08-02T15:50:14.1311883Z c36da0f41ae2be8e5a855b5edf63e5074665cffa
classifier regression tests	UNKNOWN STEP	2026-08-02T15:50:14.1692394Z Node 20 is being deprecated. This workflow is running with Node 24 by default. If you need to temporarily use Node 20, you can set the ACTIONS_ALLOW_USE_UNSECURE_NODE_VERSION=true environment variable. For more information see: https://github.blog/changelog/2025-09-19-deprecation-of-node-20-on-github-actions-runners/
classifier regression tests	UNKNOWN STEP	2026-08-02T15:50:14.1698400Z ##[group]Run actions/setup-python@v5
classifier regression tests	UNKNOWN STEP	2026-08-02T15:50:14.1699530Z with:
classifier regression tests	UNKNOWN STEP	2026-08-02T15:50:14.1700321Z   python-version: 3.12
classifier regression tests	UNKNOWN STEP	2026-08-02T15:50:14.1701254Z   check-latest: false
classifier regression tests	UNKNOWN STEP	2026-08-02T15:50:14.1710870Z   token: ***
classifier regression tests	UNKNOWN STEP	2026-08-02T15:50:14.1711751Z   update-environment: true
classifier regression tests	UNKNOWN STEP	2026-08-02T15:50:14.1712761Z   allow-prereleases: false
classifier regression tests	UNKNOWN STEP	2026-08-02T15:50:14.1713754Z   freethreaded: false
classifier regression tests	UNKNOWN STEP	2026-08-02T15:50:14.1714651Z ##[endgroup]
classifier regression tests	UNKNOWN STEP	2026-08-02T15:50:14.3049368Z ##[group]Installed versions
classifier regression tests	UNKNOWN STEP	2026-08-02T15:50:14.3149982Z (node:2244) [DEP0040] DeprecationWarning: The `punycode` module is deprecated. Please use a userland alternative instead.
classifier regression tests	UNKNOWN STEP	2026-08-02T15:50:14.3154868Z (Use `node --trace-deprecation ...` to show where the warning was created)
classifier regression tests	UNKNOWN STEP	2026-08-02T15:50:14.3157496Z Successfully set up CPython (3.12.13)
classifier regression tests	UNKNOWN STEP	2026-08-02T15:50:14.3171677Z ##[endgroup]
classifier regression tests	UNKNOWN STEP	2026-08-02T15:50:14.3334826Z ##[group]Run python3 tests/test_classify.py
classifier regression tests	UNKNOWN STEP	2026-08-02T15:50:14.3336541Z ^[[36;1mpython3 tests/test_classify.py^[[0m
classifier regression tests	UNKNOWN STEP	2026-08-02T15:50:14.3467290Z shell: /usr/bin/bash -e {0}
classifier regression tests	UNKNOWN STEP	2026-08-02T15:50:14.3469285Z env:
classifier regression tests	UNKNOWN STEP	2026-08-02T15:50:14.3470610Z   pythonLocation: /opt/hostedtoolcache/Python/3.12.13/x64
classifier regression tests	UNKNOWN STEP	2026-08-02T15:50:14.3473773Z   PKG_CONFIG_PATH: /opt/hostedtoolcache/Python/3.12.13/x64/lib/pkgconfig
classifier regression tests	UNKNOWN STEP	2026-08-02T15:50:14.3476094Z   Python_ROOT_DIR: /opt/hostedtoolcache/Python/3.12.13/x64
classifier regression tests	UNKNOWN STEP	2026-08-02T15:50:14.3477769Z   Python2_ROOT_DIR: /opt/hostedtoolcache/Python/3.12.13/x64
classifier regression tests	UNKNOWN STEP	2026-08-02T15:50:14.3479643Z   Python3_ROOT_DIR: /opt/hostedtoolcache/Python/3.12.13/x64
classifier regression tests	UNKNOWN STEP	2026-08-02T15:50:14.3481884Z   LD_LIBRARY_PATH: /opt/hostedtoolcache/Python/3.12.13/x64/lib
classifier regression tests	UNKNOWN STEP	2026-08-02T15:50:14.3484093Z ##[endgroup]
classifier regression tests	UNKNOWN STEP	2026-08-02T15:50:14.9302788Z 23/23 classifier cases passed
classifier regression tests	UNKNOWN STEP	2026-08-02T15:50:14.9303492Z 4/4 disassembly-parsing cases passed
classifier regression tests	UNKNOWN STEP	2026-08-02T15:50:14.9613857Z Node 20 is being deprecated. This workflow is running with Node 24 by default. If you need to temporarily use Node 20, you can set the ACTIONS_ALLOW_USE_UNSECURE_NODE_VERSION=true environment variable. For more information see: https://github.blog/changelog/2025-09-19-deprecation-of-node-20-on-github-actions-runners/
classifier regression tests	UNKNOWN STEP	2026-08-02T15:50:14.9615528Z Post job cleanup.
classifier regression tests	UNKNOWN STEP	2026-08-02T15:50:15.0830917Z (node:2255) [DEP0040] DeprecationWarning: The `punycode` module is deprecated. Please use a userland alternative instead.
classifier regression tests	UNKNOWN STEP	2026-08-02T15:50:15.0832315Z (Use `node --trace-deprecation ...` to show where the warning was created)
classifier regression tests	UNKNOWN STEP	2026-08-02T15:50:15.1093172Z Node 20 is being deprecated. This workflow is running with Node 24 by default. If you need to temporarily use Node 20, you can set the ACTIONS_ALLOW_USE_UNSECURE_NODE_VERSION=true environment variable. For more information see: https://github.blog/changelog/2025-09-19-deprecation-of-node-20-on-github-actions-runners/
classifier regression tests	UNKNOWN STEP	2026-08-02T15:50:15.1095871Z Post job cleanup.
classifier regression tests	UNKNOWN STEP	2026-08-02T15:50:15.2027318Z [command]/usr/bin/git version
classifier regression tests	UNKNOWN STEP	2026-08-02T15:50:15.2070663Z git version 2.54.0
classifier regression tests	UNKNOWN STEP	2026-08-02T15:50:15.2111957Z Temporarily overriding HOME='/home/runner/work/_temp/9f5deacf-5cd6-406c-aa17-49be7b987696' before making global git config changes
classifier regression tests	UNKNOWN STEP	2026-08-02T15:50:15.2113942Z Adding repository directory to the temporary git global config as a safe directory
classifier regression tests	UNKNOWN STEP	2026-08-02T15:50:15.2117200Z [command]/usr/bin/git config --global --add safe.directory /home/runner/work/kyberslash-evaluation/kyberslash-evaluation
classifier regression tests	UNKNOWN STEP	2026-08-02T15:50:15.2161721Z [command]/usr/bin/git config --local --name-only --get-regexp core\.sshCommand
classifier regression tests	UNKNOWN STEP	2026-08-02T15:50:15.2200887Z [command]/usr/bin/git submodule foreach --recursive sh -c "git config --local --name-only --get-regexp 'core\.sshCommand' && git config --local --unset-all 'core.sshCommand' || :"
classifier regression tests	UNKNOWN STEP	2026-08-02T15:50:15.2454258Z [command]/usr/bin/git config --local --name-only --get-regexp http\.https\:\/\/github\.com\/\.extraheader
classifier regression tests	UNKNOWN STEP	2026-08-02T15:50:15.2483743Z http.https://github.com/.extraheader
classifier regression tests	UNKNOWN STEP	2026-08-02T15:50:15.2496504Z [command]/usr/bin/git config --local --unset-all http.https://github.com/.extraheader
classifier regression tests	UNKNOWN STEP	2026-08-02T15:50:15.2537190Z [command]/usr/bin/git submodule foreach --recursive sh -c "git config --local --name-only --get-regexp 'http\.https\:\/\/github\.com\/\.extraheader' && git config --local --unset-all 'http.https://github.com/.extraheader' || :"
classifier regression tests	UNKNOWN STEP	2026-08-02T15:50:15.2799809Z [command]/usr/bin/git config --local --name-only --get-regexp ^includeIf\.gitdir:
classifier regression tests	UNKNOWN STEP	2026-08-02T15:50:15.2842329Z [command]/usr/bin/git submodule foreach --recursive git config --local --show-origin --name-only --get-regexp remote.origin.url
classifier regression tests	UNKNOWN STEP	2026-08-02T15:50:15.3242906Z Cleaning up orphan processes
classifier regression tests	UNKNOWN STEP	2026-08-02T15:50:15.3580897Z ##[warning]Node.js 20 is deprecated. The following actions target Node.js 20 but are being forced to run on Node.js 24: actions/checkout@v4, actions/setup-python@v5. For more information see: https://github.blog/changelog/2025-09-19-deprecation-of-node-20-on-github-actions-runners/
audit kyber-patched / clang -O0	UNKNOWN STEP	﻿2026-08-02T15:50:21.4114330Z Current runner version: '2.336.0'
audit kyber-patched / clang -O0	UNKNOWN STEP	2026-08-02T15:50:21.4141668Z ##[group]Runner Image Provisioner
audit kyber-patched / clang -O0	UNKNOWN STEP	2026-08-02T15:50:21.4142690Z Hosted Compute Agent
audit kyber-patched / clang -O0	UNKNOWN STEP	2026-08-02T15:50:21.4143330Z Version: 20260707.563
audit kyber-patched / clang -O0	UNKNOWN STEP	2026-08-02T15:50:21.4143946Z Commit: 02667638d2b423fbc733a8e32a88b44996a3ba6e
audit kyber-patched / clang -O0	UNKNOWN STEP	2026-08-02T15:50:21.4144982Z Build Date: 2026-07-07T19:33:50Z
audit kyber-patched / clang -O0	UNKNOWN STEP	2026-08-02T15:50:21.4145692Z Worker ID: {a767fc62-e372-4728-abfc-d16b1a961b5a}
audit kyber-patched / clang -O0	UNKNOWN STEP	2026-08-02T15:50:21.4146455Z Azure Region: westus
audit kyber-patched / clang -O0	UNKNOWN STEP	2026-08-02T15:50:21.4147079Z ##[endgroup]
audit kyber-patched / clang -O0	UNKNOWN STEP	2026-08-02T15:50:21.4148633Z ##[group]Operating System
audit kyber-patched / clang -O0	UNKNOWN STEP	2026-08-02T15:50:21.4149391Z Ubuntu
audit kyber-patched / clang -O0	UNKNOWN STEP	2026-08-02T15:50:21.4149981Z 24.04.4
audit kyber-patched / clang -O0	UNKNOWN STEP	2026-08-02T15:50:21.4150472Z LTS
audit kyber-patched / clang -O0	UNKNOWN STEP	2026-08-02T15:50:21.4151051Z ##[endgroup]
audit kyber-patched / clang -O0	UNKNOWN STEP	2026-08-02T15:50:21.4151634Z ##[group]Runner Image
audit kyber-patched / clang -O0	UNKNOWN STEP	2026-08-02T15:50:21.4152269Z Image: ubuntu-24.04
audit kyber-patched / clang -O0	UNKNOWN STEP	2026-08-02T15:50:21.4152856Z Version: 20260720.247.2
audit kyber-patched / clang -O0	UNKNOWN STEP	2026-08-02T15:50:21.4154758Z Included Software: https://github.com/actions/runner-images/blob/ubuntu24/20260720.247/images/ubuntu/Ubuntu2404-Readme.md
audit kyber-patched / clang -O0	UNKNOWN STEP	2026-08-02T15:50:21.4156437Z Image Release: https://github.com/actions/runner-images/releases/tag/ubuntu24%2F20260720.247
audit kyber-patched / clang -O0	UNKNOWN STEP	2026-08-02T15:50:21.4157462Z ##[endgroup]
audit kyber-patched / clang -O0	UNKNOWN STEP	2026-08-02T15:50:21.4158651Z ##[group]GITHUB_TOKEN Permissions
audit kyber-patched / clang -O0	UNKNOWN STEP	2026-08-02T15:50:21.4161166Z Contents: read
audit kyber-patched / clang -O0	UNKNOWN STEP	2026-08-02T15:50:21.4161793Z Metadata: read
audit kyber-patched / clang -O0	UNKNOWN STEP	2026-08-02T15:50:21.4162333Z Packages: read
audit kyber-patched / clang -O0	UNKNOWN STEP	2026-08-02T15:50:21.4162978Z ##[endgroup]
audit kyber-patched / clang -O0	UNKNOWN STEP	2026-08-02T15:50:21.4165420Z Secret source: Actions
audit kyber-patched / clang -O0	UNKNOWN STEP	2026-08-02T15:50:21.4166633Z Prepare workflow directory
audit kyber-patched / clang -O0	UNKNOWN STEP	2026-08-02T15:50:21.4527722Z Prepare all required actions
audit kyber-patched / clang -O0	UNKNOWN STEP	2026-08-02T15:50:21.4580763Z Getting action download info
audit kyber-patched / clang -O0	UNKNOWN STEP	2026-08-02T15:50:21.8056624Z Download action repository 'actions/checkout@v4' (SHA:11d5960a326750d5838078e36cf38b85af677262)
audit kyber-patched / clang -O0	UNKNOWN STEP	2026-08-02T15:50:22.2670083Z Download action repository 'actions/setup-python@v5' (SHA:a26af69be951a213d495a4c3e4e4022e16d87065)
audit kyber-patched / clang -O0	UNKNOWN STEP	2026-08-02T15:50:22.3984022Z Download action repository 'actions/upload-artifact@v4' (SHA:ea165f8d65b6e75b540449e92b4886f43607fa02)
audit kyber-patched / clang -O0	UNKNOWN STEP	2026-08-02T15:50:22.6962702Z Complete job name: audit kyber-patched / clang -O0
audit kyber-patched / clang -O0	UNKNOWN STEP	2026-08-02T15:50:22.7805542Z Node 20 is being deprecated. This workflow is running with Node 24 by default. If you need to temporarily use Node 20, you can set the ACTIONS_ALLOW_USE_UNSECURE_NODE_VERSION=true environment variable. For more information see: https://github.blog/changelog/2025-09-19-deprecation-of-node-20-on-github-actions-runners/
audit kyber-patched / clang -O0	UNKNOWN STEP	2026-08-02T15:50:22.7815143Z ##[group]Run actions/checkout@v4
audit kyber-patched / clang -O0	UNKNOWN STEP	2026-08-02T15:50:22.7815978Z with:
audit kyber-patched / clang -O0	UNKNOWN STEP	2026-08-02T15:50:22.7816481Z   repository: Ace7111/kyberslash-evaluation
audit kyber-patched / clang -O0	UNKNOWN STEP	2026-08-02T15:50:22.7821096Z   token: ***
audit kyber-patched / clang -O0	UNKNOWN STEP	2026-08-02T15:50:22.7821540Z   ssh-strict: true
audit kyber-patched / clang -O0	UNKNOWN STEP	2026-08-02T15:50:22.7821975Z   ssh-user: git
audit kyber-patched / clang -O0	UNKNOWN STEP	2026-08-02T15:50:22.7822410Z   persist-credentials: true
audit kyber-patched / clang -O0	UNKNOWN STEP	2026-08-02T15:50:22.7822883Z   clean: true
audit kyber-patched / clang -O0	UNKNOWN STEP	2026-08-02T15:50:22.7823321Z   sparse-checkout-cone-mode: true
audit kyber-patched / clang -O0	UNKNOWN STEP	2026-08-02T15:50:22.7823844Z   fetch-depth: 1
audit kyber-patched / clang -O0	UNKNOWN STEP	2026-08-02T15:50:22.7824263Z   fetch-tags: false
audit kyber-patched / clang -O0	UNKNOWN STEP	2026-08-02T15:50:22.7824893Z   show-progress: true
audit kyber-patched / clang -O0	UNKNOWN STEP	2026-08-02T15:50:22.7825393Z   lfs: false
audit kyber-patched / clang -O0	UNKNOWN STEP	2026-08-02T15:50:22.7825859Z   submodules: false
audit kyber-patched / clang -O0	UNKNOWN STEP	2026-08-02T15:50:22.7826308Z   set-safe-directory: true
audit kyber-patched / clang -O0	UNKNOWN STEP	2026-08-02T15:50:22.7826809Z   allow-unsafe-pr-checkout: false
audit kyber-patched / clang -O0	UNKNOWN STEP	2026-08-02T15:50:22.7827629Z ##[endgroup]
audit kyber-patched / clang -O0	UNKNOWN STEP	2026-08-02T15:50:22.8907151Z Syncing repository: Ace7111/kyberslash-evaluation
audit kyber-patched / clang -O0	UNKNOWN STEP	2026-08-02T15:50:22.8909508Z ##[group]Getting Git version info
audit kyber-patched / clang -O0	UNKNOWN STEP	2026-08-02T15:50:22.8910406Z Working directory is '/home/runner/work/kyberslash-evaluation/kyberslash-evaluation'
audit kyber-patched / clang -O0	UNKNOWN STEP	2026-08-02T15:50:22.8911561Z [command]/usr/bin/git version
audit kyber-patched / clang -O0	UNKNOWN STEP	2026-08-02T15:50:22.8977915Z git version 2.54.0
audit kyber-patched / clang -O0	UNKNOWN STEP	2026-08-02T15:50:22.9038759Z ##[endgroup]
audit kyber-patched / clang -O0	UNKNOWN STEP	2026-08-02T15:50:22.9053147Z Temporarily overriding HOME='/home/runner/work/_temp/b6aa59a9-583a-4ac7-84d1-af0d71a6f0fc' before making global git config changes
audit kyber-patched / clang -O0	UNKNOWN STEP	2026-08-02T15:50:22.9055695Z Adding repository directory to the temporary git global config as a safe directory
audit kyber-patched / clang -O0	UNKNOWN STEP	2026-08-02T15:50:22.9061589Z [command]/usr/bin/git config --global --add safe.directory /home/runner/work/kyberslash-evaluation/kyberslash-evaluation
audit kyber-patched / clang -O0	UNKNOWN STEP	2026-08-02T15:50:22.9122301Z Deleting the contents of '/home/runner/work/kyberslash-evaluation/kyberslash-evaluation'
audit kyber-patched / clang -O0	UNKNOWN STEP	2026-08-02T15:50:22.9126724Z ##[group]Initializing the repository
audit kyber-patched / clang -O0	UNKNOWN STEP	2026-08-02T15:50:22.9132937Z [command]/usr/bin/git init /home/runner/work/kyberslash-evaluation/kyberslash-evaluation
audit kyber-patched / clang -O0	UNKNOWN STEP	2026-08-02T15:50:22.9257750Z hint: Using 'master' as the name for the initial branch. This default branch name
audit kyber-patched / clang -O0	UNKNOWN STEP	2026-08-02T15:50:22.9259935Z hint: will change to "main" in Git 3.0. To configure the initial branch name
audit kyber-patched / clang -O0	UNKNOWN STEP	2026-08-02T15:50:22.9262004Z hint: to use in all of your new repositories, which will suppress this warning,
audit kyber-patched / clang -O0	UNKNOWN STEP	2026-08-02T15:50:22.9263930Z hint: call:
audit kyber-patched / clang -O0	UNKNOWN STEP	2026-08-02T15:50:22.9266607Z hint:
audit kyber-patched / clang -O0	UNKNOWN STEP	2026-08-02T15:50:22.9267936Z hint: 	git config --global init.defaultBranch <name>
audit kyber-patched / clang -O0	UNKNOWN STEP	2026-08-02T15:50:22.9269125Z hint:
audit kyber-patched / clang -O0	UNKNOWN STEP	2026-08-02T15:50:22.9270166Z hint: Names commonly chosen instead of 'master' are 'main', 'trunk' and
audit kyber-patched / clang -O0	UNKNOWN STEP	2026-08-02T15:50:22.9271883Z hint: 'development'. The just-created branch can be renamed via this command:
audit kyber-patched / clang -O0	UNKNOWN STEP	2026-08-02T15:50:22.9273441Z hint:
audit kyber-patched / clang -O0	UNKNOWN STEP	2026-08-02T15:50:22.9274176Z hint: 	git branch -m <name>
audit kyber-patched / clang -O0	UNKNOWN STEP	2026-08-02T15:50:22.9275303Z hint:
audit kyber-patched / clang -O0	UNKNOWN STEP	2026-08-02T15:50:22.9276409Z hint: Disable this message with "git config set advice.defaultBranchName false"
audit kyber-patched / clang -O0	UNKNOWN STEP	2026-08-02T15:50:22.9278551Z Initialized empty Git repository in /home/runner/work/kyberslash-evaluation/kyberslash-evaluation/.git/
audit kyber-patched / clang -O0	UNKNOWN STEP	2026-08-02T15:50:22.9282046Z [command]/usr/bin/git remote add origin https://github.com/Ace7111/kyberslash-evaluation
audit kyber-patched / clang -O0	UNKNOWN STEP	2026-08-02T15:50:22.9340023Z ##[endgroup]
audit kyber-patched / clang -O0	UNKNOWN STEP	2026-08-02T15:50:22.9345703Z ##[group]Disabling automatic garbage collection
audit kyber-patched / clang -O0	UNKNOWN STEP	2026-08-02T15:50:22.9346995Z [command]/usr/bin/git config --local gc.auto 0
audit kyber-patched / clang -O0	UNKNOWN STEP	2026-08-02T15:50:22.9390682Z ##[endgroup]
audit kyber-patched / clang -O0	UNKNOWN STEP	2026-08-02T15:50:22.9391492Z ##[group]Setting up auth
audit kyber-patched / clang -O0	UNKNOWN STEP	2026-08-02T15:50:22.9398302Z [command]/usr/bin/git config --local --name-only --get-regexp core\.sshCommand
audit kyber-patched / clang -O0	UNKNOWN STEP	2026-08-02T15:50:22.9442259Z [command]/usr/bin/git submodule foreach --recursive sh -c "git config --local --name-only --get-regexp 'core\.sshCommand' && git config --local --unset-all 'core.sshCommand' || :"
audit kyber-patched / clang -O0	UNKNOWN STEP	2026-08-02T15:50:22.9853405Z [command]/usr/bin/git config --local --name-only --get-regexp http\.https\:\/\/github\.com\/\.extraheader
audit kyber-patched / clang -O0	UNKNOWN STEP	2026-08-02T15:50:22.9893427Z [command]/usr/bin/git submodule foreach --recursive sh -c "git config --local --name-only --get-regexp 'http\.https\:\/\/github\.com\/\.extraheader' && git config --local --unset-all 'http.https://github.com/.extraheader' || :"
audit kyber-patched / clang -O0	UNKNOWN STEP	2026-08-02T15:50:23.0131387Z [command]/usr/bin/git config --local --name-only --get-regexp ^includeIf\.gitdir:
audit kyber-patched / clang -O0	UNKNOWN STEP	2026-08-02T15:50:23.0174499Z [command]/usr/bin/git submodule foreach --recursive git config --local --show-origin --name-only --get-regexp remote.origin.url
audit kyber-patched / clang -O0	UNKNOWN STEP	2026-08-02T15:50:23.0412467Z [command]/usr/bin/git config --local http.https://github.com/.extraheader AUTHORIZATION: basic ***
audit kyber-patched / clang -O0	UNKNOWN STEP	2026-08-02T15:50:23.0454216Z ##[endgroup]
audit kyber-patched / clang -O0	UNKNOWN STEP	2026-08-02T15:50:23.0455526Z ##[group]Fetching the repository
audit kyber-patched / clang -O0	UNKNOWN STEP	2026-08-02T15:50:23.0467053Z [command]/usr/bin/git -c protocol.version=2 fetch --no-tags --prune --no-recurse-submodules --depth=1 origin +c36da0f41ae2be8e5a855b5edf63e5074665cffa:refs/remotes/origin/main
audit kyber-patched / clang -O0	UNKNOWN STEP	2026-08-02T15:50:23.6079169Z From https://github.com/Ace7111/kyberslash-evaluation
audit kyber-patched / clang -O0	UNKNOWN STEP	2026-08-02T15:50:23.6082082Z  * [new ref]         c36da0f41ae2be8e5a855b5edf63e5074665cffa -> origin/main
audit kyber-patched / clang -O0	UNKNOWN STEP	2026-08-02T15:50:23.6117948Z ##[endgroup]
audit kyber-patched / clang -O0	UNKNOWN STEP	2026-08-02T15:50:23.6120242Z ##[group]Determining the checkout info
audit kyber-patched / clang -O0	UNKNOWN STEP	2026-08-02T15:50:23.6122950Z ##[endgroup]
audit kyber-patched / clang -O0	UNKNOWN STEP	2026-08-02T15:50:23.6127942Z [command]/usr/bin/git sparse-checkout disable
audit kyber-patched / clang -O0	UNKNOWN STEP	2026-08-02T15:50:23.6191761Z [command]/usr/bin/git config --local --unset-all extensions.worktreeConfig
audit kyber-patched / clang -O0	UNKNOWN STEP	2026-08-02T15:50:23.6227816Z ##[group]Checking out the ref
audit kyber-patched / clang -O0	UNKNOWN STEP	2026-08-02T15:50:23.6232530Z [command]/usr/bin/git checkout --progress --force -B main refs/remotes/origin/main
audit kyber-patched / clang -O0	UNKNOWN STEP	2026-08-02T15:50:23.6402151Z Switched to a new branch 'main'
audit kyber-patched / clang -O0	UNKNOWN STEP	2026-08-02T15:50:23.6405109Z branch 'main' set up to track 'origin/main'.
audit kyber-patched / clang -O0	UNKNOWN STEP	2026-08-02T15:50:23.6413252Z ##[endgroup]
audit kyber-patched / clang -O0	UNKNOWN STEP	2026-08-02T15:50:23.6461286Z [command]/usr/bin/git log -1 --format=%H
audit kyber-patched / clang -O0	UNKNOWN STEP	2026-08-02T15:50:23.6491333Z c36da0f41ae2be8e5a855b5edf63e5074665cffa
audit kyber-patched / clang -O0	UNKNOWN STEP	2026-08-02T15:50:23.6894064Z Node 20 is being deprecated. This workflow is running with Node 24 by default. If you need to temporarily use Node 20, you can set the ACTIONS_ALLOW_USE_UNSECURE_NODE_VERSION=true environment variable. For more information see: https://github.blog/changelog/2025-09-19-deprecation-of-node-20-on-github-actions-runners/
audit kyber-patched / clang -O0	UNKNOWN STEP	2026-08-02T15:50:23.6900115Z ##[group]Run actions/setup-python@v5
audit kyber-patched / clang -O0	UNKNOWN STEP	2026-08-02T15:50:23.6901266Z with:
audit kyber-patched / clang -O0	UNKNOWN STEP	2026-08-02T15:50:23.6902122Z   python-version: 3.12
audit kyber-patched / clang -O0	UNKNOWN STEP	2026-08-02T15:50:23.6903079Z   check-latest: false
audit kyber-patched / clang -O0	UNKNOWN STEP	2026-08-02T15:50:23.6912423Z   token: ***
audit kyber-patched / clang -O0	UNKNOWN STEP	2026-08-02T15:50:23.6913321Z   update-environment: true
audit kyber-patched / clang -O0	UNKNOWN STEP	2026-08-02T15:50:23.6914375Z   allow-prereleases: false
audit kyber-patched / clang -O0	UNKNOWN STEP	2026-08-02T15:50:23.6915774Z   freethreaded: false
audit kyber-patched / clang -O0	UNKNOWN STEP	2026-08-02T15:50:23.6916711Z ##[endgroup]
audit kyber-patched / clang -O0	UNKNOWN STEP	2026-08-02T15:50:23.8433431Z ##[group]Installed versions
audit kyber-patched / clang -O0	UNKNOWN STEP	2026-08-02T15:50:23.8916522Z (node:2262) [DEP0040] DeprecationWarning: The `punycode` module is deprecated. Please use a userland alternative instead.
audit kyber-patched / clang -O0	UNKNOWN STEP	2026-08-02T15:50:23.8920603Z (Use `node --trace-deprecation ...` to show where the warning was created)
audit kyber-patched / clang -O0	UNKNOWN STEP	2026-08-02T15:50:23.8922902Z Successfully set up CPython (3.12.13)
audit kyber-patched / clang -O0	UNKNOWN STEP	2026-08-02T15:50:23.8925519Z ##[endgroup]
audit kyber-patched / clang -O0	UNKNOWN STEP	2026-08-02T15:50:23.9189160Z ##[group]Run git clone --quiet https://github.com/pq-crystals/kyber.git targets/pq-crystals-kyber
audit kyber-patched / clang -O0	UNKNOWN STEP	2026-08-02T15:50:23.9193592Z ^[[36;1mgit clone --quiet https://github.com/pq-crystals/kyber.git targets/pq-crystals-kyber^[[0m
audit kyber-patched / clang -O0	UNKNOWN STEP	2026-08-02T15:50:23.9336617Z shell: /usr/bin/bash -e {0}
audit kyber-patched / clang -O0	UNKNOWN STEP	2026-08-02T15:50:23.9338240Z env:
audit kyber-patched / clang -O0	UNKNOWN STEP	2026-08-02T15:50:23.9339494Z   pythonLocation: /opt/hostedtoolcache/Python/3.12.13/x64
audit kyber-patched / clang -O0	UNKNOWN STEP	2026-08-02T15:50:23.9341323Z   PKG_CONFIG_PATH: /opt/hostedtoolcache/Python/3.12.13/x64/lib/pkgconfig
audit kyber-patched / clang -O0	UNKNOWN STEP	2026-08-02T15:50:23.9343133Z   Python_ROOT_DIR: /opt/hostedtoolcache/Python/3.12.13/x64
audit kyber-patched / clang -O0	UNKNOWN STEP	2026-08-02T15:50:23.9346045Z   Python2_ROOT_DIR: /opt/hostedtoolcache/Python/3.12.13/x64
audit kyber-patched / clang -O0	UNKNOWN STEP	2026-08-02T15:50:23.9348623Z   Python3_ROOT_DIR: /opt/hostedtoolcache/Python/3.12.13/x64
audit kyber-patched / clang -O0	UNKNOWN STEP	2026-08-02T15:50:23.9351288Z   LD_LIBRARY_PATH: /opt/hostedtoolcache/Python/3.12.13/x64/lib
audit kyber-patched / clang -O0	UNKNOWN STEP	2026-08-02T15:50:23.9352715Z ##[endgroup]
audit kyber-patched / clang -O0	UNKNOWN STEP	2026-08-02T15:50:24.5970301Z ##[group]Run clang --version
audit kyber-patched / clang -O0	UNKNOWN STEP	2026-08-02T15:50:24.5971439Z ^[[36;1mclang --version^[[0m
audit kyber-patched / clang -O0	UNKNOWN STEP	2026-08-02T15:50:24.5972469Z ^[[36;1mobjdump --version | head -1^[[0m
audit kyber-patched / clang -O0	UNKNOWN STEP	2026-08-02T15:50:24.5973587Z ^[[36;1muname -m^[[0m
audit kyber-patched / clang -O0	UNKNOWN STEP	2026-08-02T15:50:24.6023000Z shell: /usr/bin/bash -e {0}
audit kyber-patched / clang -O0	UNKNOWN STEP	2026-08-02T15:50:24.6023999Z env:
audit kyber-patched / clang -O0	UNKNOWN STEP	2026-08-02T15:50:24.6025244Z   pythonLocation: /opt/hostedtoolcache/Python/3.12.13/x64
audit kyber-patched / clang -O0	UNKNOWN STEP	2026-08-02T15:50:24.6026987Z   PKG_CONFIG_PATH: /opt/hostedtoolcache/Python/3.12.13/x64/lib/pkgconfig
audit kyber-patched / clang -O0	UNKNOWN STEP	2026-08-02T15:50:24.6028748Z   Python_ROOT_DIR: /opt/hostedtoolcache/Python/3.12.13/x64
audit kyber-patched / clang -O0	UNKNOWN STEP	2026-08-02T15:50:24.6030332Z   Python2_ROOT_DIR: /opt/hostedtoolcache/Python/3.12.13/x64
audit kyber-patched / clang -O0	UNKNOWN STEP	2026-08-02T15:50:24.6031941Z   Python3_ROOT_DIR: /opt/hostedtoolcache/Python/3.12.13/x64
audit kyber-patched / clang -O0	UNKNOWN STEP	2026-08-02T15:50:24.6033572Z   LD_LIBRARY_PATH: /opt/hostedtoolcache/Python/3.12.13/x64/lib
audit kyber-patched / clang -O0	UNKNOWN STEP	2026-08-02T15:50:24.6035090Z ##[endgroup]
audit kyber-patched / clang -O0	UNKNOWN STEP	2026-08-02T15:50:28.2053934Z Ubuntu clang version 18.1.3 (1ubuntu1)
audit kyber-patched / clang -O0	UNKNOWN STEP	2026-08-02T15:50:28.2055475Z Target: x86_64-pc-linux-gnu
audit kyber-patched / clang -O0	UNKNOWN STEP	2026-08-02T15:50:28.2056079Z Thread model: posix
audit kyber-patched / clang -O0	UNKNOWN STEP	2026-08-02T15:50:28.2056527Z InstalledDir: /usr/bin
audit kyber-patched / clang -O0	UNKNOWN STEP	2026-08-02T15:50:28.3957475Z GNU objdump (GNU Binutils for Ubuntu) 2.42
audit kyber-patched / clang -O0	UNKNOWN STEP	2026-08-02T15:50:28.3972287Z x86_64
audit kyber-patched / clang -O0	UNKNOWN STEP	2026-08-02T15:50:28.4011880Z ##[group]Run # NOTE the "=" on --opt-levels. Without it argparse reads a value like
audit kyber-patched / clang -O0	UNKNOWN STEP	2026-08-02T15:50:28.4012520Z ^[[36;1m# NOTE the "=" on --opt-levels. Without it argparse reads a value like^[[0m
audit kyber-patched / clang -O0	UNKNOWN STEP	2026-08-02T15:50:28.4013043Z ^[[36;1m# "-Os" as a flag and the run fails with "expected at least one argument".^[[0m
audit kyber-patched / clang -O0	UNKNOWN STEP	2026-08-02T15:50:28.4013482Z ^[[36;1mpython3 scripts/build_matrix.py \^[[0m
audit kyber-patched / clang -O0	UNKNOWN STEP	2026-08-02T15:50:28.4013796Z ^[[36;1m  --targets kyber-patched \^[[0m
audit kyber-patched / clang -O0	UNKNOWN STEP	2026-08-02T15:50:28.4014081Z ^[[36;1m  --compilers clang \^[[0m
audit kyber-patched / clang -O0	UNKNOWN STEP	2026-08-02T15:50:28.4015008Z ^[[36;1m  --opt-levels='-O0' \^[[0m
audit kyber-patched / clang -O0	UNKNOWN STEP	2026-08-02T15:50:28.4015395Z ^[[36;1m  --out audit.json^[[0m
audit kyber-patched / clang -O0	UNKNOWN STEP	2026-08-02T15:50:28.4060322Z shell: /usr/bin/bash -e {0}
audit kyber-patched / clang -O0	UNKNOWN STEP	2026-08-02T15:50:28.4060606Z env:
audit kyber-patched / clang -O0	UNKNOWN STEP	2026-08-02T15:50:28.4060886Z   pythonLocation: /opt/hostedtoolcache/Python/3.12.13/x64
audit kyber-patched / clang -O0	UNKNOWN STEP	2026-08-02T15:50:28.4061363Z   PKG_CONFIG_PATH: /opt/hostedtoolcache/Python/3.12.13/x64/lib/pkgconfig
audit kyber-patched / clang -O0	UNKNOWN STEP	2026-08-02T15:50:28.4061860Z   Python_ROOT_DIR: /opt/hostedtoolcache/Python/3.12.13/x64
audit kyber-patched / clang -O0	UNKNOWN STEP	2026-08-02T15:50:28.4062271Z   Python2_ROOT_DIR: /opt/hostedtoolcache/Python/3.12.13/x64
audit kyber-patched / clang -O0	UNKNOWN STEP	2026-08-02T15:50:28.4062689Z   Python3_ROOT_DIR: /opt/hostedtoolcache/Python/3.12.13/x64
audit kyber-patched / clang -O0	UNKNOWN STEP	2026-08-02T15:50:28.4063096Z   LD_LIBRARY_PATH: /opt/hostedtoolcache/Python/3.12.13/x64/lib
audit kyber-patched / clang -O0	UNKNOWN STEP	2026-08-02T15:50:28.4063438Z ##[endgroup]
audit kyber-patched / clang -O0	UNKNOWN STEP	2026-08-02T15:50:36.1580722Z [NO_SECRET_DEPENDENT_DIV ] kyber-patched_clang_O0_768  secret_div=0 total_div=4
audit kyber-patched / clang -O0	UNKNOWN STEP	2026-08-02T15:50:36.1581186Z 
audit kyber-patched / clang -O0	UNKNOWN STEP	2026-08-02T15:50:36.1581422Z Wrote 1 cells to audit.json
audit kyber-patched / clang -O0	UNKNOWN STEP	2026-08-02T15:50:36.1707491Z ##[group]Run python3 - <<'PY'
audit kyber-patched / clang -O0	UNKNOWN STEP	2026-08-02T15:50:36.1707854Z ^[[36;1mpython3 - <<'PY'^[[0m
audit kyber-patched / clang -O0	UNKNOWN STEP	2026-08-02T15:50:36.1708109Z ^[[36;1mimport json, sys^[[0m
audit kyber-patched / clang -O0	UNKNOWN STEP	2026-08-02T15:50:36.1708403Z ^[[36;1mrows = json.load(open("audit.json"))^[[0m
audit kyber-patched / clang -O0	UNKNOWN STEP	2026-08-02T15:50:36.1708707Z ^[[36;1m^[[0m
audit kyber-patched / clang -O0	UNKNOWN STEP	2026-08-02T15:50:36.1708993Z ^[[36;1mgated = [r for r in rows if r.get("gate_failed_at")]^[[0m
audit kyber-patched / clang -O0	UNKNOWN STEP	2026-08-02T15:50:36.1709348Z ^[[36;1mfor r in gated:^[[0m
audit kyber-patched / clang -O0	UNKNOWN STEP	2026-08-02T15:50:36.1709657Z ^[[36;1m    print(f"::warning::{r['experiment_id']} failed at "^[[0m
audit kyber-patched / clang -O0	UNKNOWN STEP	2026-08-02T15:50:36.1710083Z ^[[36;1m          f"{r['gate_failed_at']} - no security verdict produced")^[[0m
audit kyber-patched / clang -O0	UNKNOWN STEP	2026-08-02T15:50:36.1710426Z ^[[36;1m^[[0m
audit kyber-patched / clang -O0	UNKNOWN STEP	2026-08-02T15:50:36.1710720Z ^[[36;1mvulnerable = [r for r in rows if r.get("verdict") == "VULNERABLE"]^[[0m
audit kyber-patched / clang -O0	UNKNOWN STEP	2026-08-02T15:50:36.1711092Z ^[[36;1mfor r in vulnerable:^[[0m
audit kyber-patched / clang -O0	UNKNOWN STEP	2026-08-02T15:50:36.1711396Z ^[[36;1m    fns = ", ".join(r.get("vulnerable_functions", []))^[[0m
audit kyber-patched / clang -O0	UNKNOWN STEP	2026-08-02T15:50:36.1711824Z ^[[36;1m    variants = ", ".join(r.get("kyberslash_variants", []))^[[0m
audit kyber-patched / clang -O0	UNKNOWN STEP	2026-08-02T15:50:36.1712318Z ^[[36;1m    print(f"::error::{r['experiment_id']}: secret-dependent division in "^[[0m
audit kyber-patched / clang -O0	UNKNOWN STEP	2026-08-02T15:50:36.1712717Z ^[[36;1m          f"{fns} ({variants})")^[[0m
audit kyber-patched / clang -O0	UNKNOWN STEP	2026-08-02T15:50:36.1712977Z ^[[36;1m^[[0m
audit kyber-patched / clang -O0	UNKNOWN STEP	2026-08-02T15:50:36.1713164Z ^[[36;1mif vulnerable:^[[0m
audit kyber-patched / clang -O0	UNKNOWN STEP	2026-08-02T15:50:36.1713386Z ^[[36;1m    sys.exit(1)^[[0m
audit kyber-patched / clang -O0	UNKNOWN STEP	2026-08-02T15:50:36.1713595Z ^[[36;1m^[[0m
audit kyber-patched / clang -O0	UNKNOWN STEP	2026-08-02T15:50:36.1713856Z ^[[36;1maudited = [r for r in rows if not r.get("gate_failed_at")]^[[0m
audit kyber-patched / clang -O0	UNKNOWN STEP	2026-08-02T15:50:36.1714194Z ^[[36;1mif not audited:^[[0m
audit kyber-patched / clang -O0	UNKNOWN STEP	2026-08-02T15:50:36.1714829Z ^[[36;1m    print("::error::no cell produced a verdict - nothing was actually audited")^[[0m
audit kyber-patched / clang -O0	UNKNOWN STEP	2026-08-02T15:50:36.1715275Z ^[[36;1m    sys.exit(1)^[[0m
audit kyber-patched / clang -O0	UNKNOWN STEP	2026-08-02T15:50:36.1715490Z ^[[36;1m^[[0m
audit kyber-patched / clang -O0	UNKNOWN STEP	2026-08-02T15:50:36.1715819Z ^[[36;1m# Incidental divisions are expected and must not fail the build. Reporting^[[0m
audit kyber-patched / clang -O0	UNKNOWN STEP	2026-08-02T15:50:36.1716355Z ^[[36;1m# them keeps the distinction visible: a correctly patched binary still^[[0m
audit kyber-patched / clang -O0	UNKNOWN STEP	2026-08-02T15:50:36.1716880Z ^[[36;1m# contains divisions in Keccak and rejection sampling, and a check that^[[0m
audit kyber-patched / clang -O0	UNKNOWN STEP	2026-08-02T15:50:36.1717353Z ^[[36;1m# merely grepped for a division mnemonic would reject it.^[[0m
audit kyber-patched / clang -O0	UNKNOWN STEP	2026-08-02T15:50:36.1717694Z ^[[36;1mfor r in audited:^[[0m
audit kyber-patched / clang -O0	UNKNOWN STEP	2026-08-02T15:50:36.1717958Z ^[[36;1m    print(f"{r['experiment_id']}: clean "^[[0m
audit kyber-patched / clang -O0	UNKNOWN STEP	2026-08-02T15:50:36.1718342Z ^[[36;1m          f"({r.get('total_divisions', 0)} incidental division(s))")^[[0m
audit kyber-patched / clang -O0	UNKNOWN STEP	2026-08-02T15:50:36.1718686Z ^[[36;1mPY^[[0m
audit kyber-patched / clang -O0	UNKNOWN STEP	2026-08-02T15:50:36.1763313Z shell: /usr/bin/bash -e {0}
audit kyber-patched / clang -O0	UNKNOWN STEP	2026-08-02T15:50:36.1763575Z env:
audit kyber-patched / clang -O0	UNKNOWN STEP	2026-08-02T15:50:36.1763852Z   pythonLocation: /opt/hostedtoolcache/Python/3.12.13/x64
audit kyber-patched / clang -O0	UNKNOWN STEP	2026-08-02T15:50:36.1764314Z   PKG_CONFIG_PATH: /opt/hostedtoolcache/Python/3.12.13/x64/lib/pkgconfig
audit kyber-patched / clang -O0	UNKNOWN STEP	2026-08-02T15:50:36.1765060Z   Python_ROOT_DIR: /opt/hostedtoolcache/Python/3.12.13/x64
audit kyber-patched / clang -O0	UNKNOWN STEP	2026-08-02T15:50:36.1765460Z   Python2_ROOT_DIR: /opt/hostedtoolcache/Python/3.12.13/x64
audit kyber-patched / clang -O0	UNKNOWN STEP	2026-08-02T15:50:36.1765852Z   Python3_ROOT_DIR: /opt/hostedtoolcache/Python/3.12.13/x64
audit kyber-patched / clang -O0	UNKNOWN STEP	2026-08-02T15:50:36.1766468Z   LD_LIBRARY_PATH: /opt/hostedtoolcache/Python/3.12.13/x64/lib
audit kyber-patched / clang -O0	UNKNOWN STEP	2026-08-02T15:50:36.1766800Z ##[endgroup]
audit kyber-patched / clang -O0	UNKNOWN STEP	2026-08-02T15:50:36.2075105Z EXP-kyber-patched_clang_O0_768: clean (4 incidental division(s))
audit kyber-patched / clang -O0	UNKNOWN STEP	2026-08-02T15:50:36.2180727Z Node 20 is being deprecated. This workflow is running with Node 24 by default. If you need to temporarily use Node 20, you can set the ACTIONS_ALLOW_USE_UNSECURE_NODE_VERSION=true environment variable. For more information see: https://github.blog/changelog/2025-09-19-deprecation-of-node-20-on-github-actions-runners/
audit kyber-patched / clang -O0	UNKNOWN STEP	2026-08-02T15:50:36.2182073Z ##[group]Run actions/upload-artifact@v4
audit kyber-patched / clang -O0	UNKNOWN STEP	2026-08-02T15:50:36.2182349Z with:
audit kyber-patched / clang -O0	UNKNOWN STEP	2026-08-02T15:50:36.2182571Z   name: audit-kyber-patched-clang--O0
audit kyber-patched / clang -O0	UNKNOWN STEP	2026-08-02T15:50:36.2182846Z   path: audit.json
audit kyber-patched / clang -O0	UNKNOWN STEP	2026-08-02T15:50:36.2183069Z   if-no-files-found: warn
audit kyber-patched / clang -O0	UNKNOWN STEP	2026-08-02T15:50:36.2183313Z   compression-level: 6
audit kyber-patched / clang -O0	UNKNOWN STEP	2026-08-02T15:50:36.2183546Z   overwrite: false
audit kyber-patched / clang -O0	UNKNOWN STEP	2026-08-02T15:50:36.2183760Z   include-hidden-files: false
audit kyber-patched / clang -O0	UNKNOWN STEP	2026-08-02T15:50:36.2184030Z env:
audit kyber-patched / clang -O0	UNKNOWN STEP	2026-08-02T15:50:36.2184284Z   pythonLocation: /opt/hostedtoolcache/Python/3.12.13/x64
audit kyber-patched / clang -O0	UNKNOWN STEP	2026-08-02T15:50:36.2185036Z   PKG_CONFIG_PATH: /opt/hostedtoolcache/Python/3.12.13/x64/lib/pkgconfig
audit kyber-patched / clang -O0	UNKNOWN STEP	2026-08-02T15:50:36.2185505Z   Python_ROOT_DIR: /opt/hostedtoolcache/Python/3.12.13/x64
audit kyber-patched / clang -O0	UNKNOWN STEP	2026-08-02T15:50:36.2185922Z   Python2_ROOT_DIR: /opt/hostedtoolcache/Python/3.12.13/x64
audit kyber-patched / clang -O0	UNKNOWN STEP	2026-08-02T15:50:36.2186313Z   Python3_ROOT_DIR: /opt/hostedtoolcache/Python/3.12.13/x64
audit kyber-patched / clang -O0	UNKNOWN STEP	2026-08-02T15:50:36.2186705Z   LD_LIBRARY_PATH: /opt/hostedtoolcache/Python/3.12.13/x64/lib
audit kyber-patched / clang -O0	UNKNOWN STEP	2026-08-02T15:50:36.2187028Z ##[endgroup]
audit kyber-patched / clang -O0	UNKNOWN STEP	2026-08-02T15:50:36.4002078Z (node:2315) [DEP0040] DeprecationWarning: The `punycode` module is deprecated. Please use a userland alternative instead.
audit kyber-patched / clang -O0	UNKNOWN STEP	2026-08-02T15:50:36.4003193Z (Use `node --trace-deprecation ...` to show where the warning was created)
audit kyber-patched / clang -O0	UNKNOWN STEP	2026-08-02T15:50:36.4072965Z With the provided path, there will be 1 file uploaded
audit kyber-patched / clang -O0	UNKNOWN STEP	2026-08-02T15:50:36.4095303Z Artifact name is valid!
audit kyber-patched / clang -O0	UNKNOWN STEP	2026-08-02T15:50:36.4096256Z Root directory input is valid!
audit kyber-patched / clang -O0	UNKNOWN STEP	2026-08-02T15:50:36.7264238Z Beginning upload of artifact content to blob storage
audit kyber-patched / clang -O0	UNKNOWN STEP	2026-08-02T15:50:36.7457541Z (node:2315) [DEP0169] DeprecationWarning: `url.parse()` behavior is not standardized and prone to errors that have security implications. Use the WHATWG URL API instead. CVEs are not issued for `url.parse()` vulnerabilities.
audit kyber-patched / clang -O0	UNKNOWN STEP	2026-08-02T15:50:37.0393364Z Uploaded bytes 688
audit kyber-patched / clang -O0	UNKNOWN STEP	2026-08-02T15:50:37.1233320Z Finished uploading artifact content to blob storage!
audit kyber-patched / clang -O0	UNKNOWN STEP	2026-08-02T15:50:37.1235070Z SHA256 digest of uploaded artifact zip is 43fb5e1a8224c7de0b158c960d0e65885666c082c886a5a135fda01239cc8ead
audit kyber-patched / clang -O0	UNKNOWN STEP	2026-08-02T15:50:37.1236367Z Finalizing artifact upload
audit kyber-patched / clang -O0	UNKNOWN STEP	2026-08-02T15:50:37.3396966Z Artifact audit-kyber-patched-clang--O0.zip successfully finalized. Artifact ID 8835716772
audit kyber-patched / clang -O0	UNKNOWN STEP	2026-08-02T15:50:37.3399210Z Artifact audit-kyber-patched-clang--O0 has been successfully uploaded! Final size is 688 bytes. Artifact ID is 8835716772
audit kyber-patched / clang -O0	UNKNOWN STEP	2026-08-02T15:50:37.3406684Z Artifact download URL: https://github.com/Ace7111/kyberslash-evaluation/actions/runs/30755244934/artifacts/8835716772
audit kyber-patched / clang -O0	UNKNOWN STEP	2026-08-02T15:50:37.3624948Z Node 20 is being deprecated. This workflow is running with Node 24 by default. If you need to temporarily use Node 20, you can set the ACTIONS_ALLOW_USE_UNSECURE_NODE_VERSION=true environment variable. For more information see: https://github.blog/changelog/2025-09-19-deprecation-of-node-20-on-github-actions-runners/
audit kyber-patched / clang -O0	UNKNOWN STEP	2026-08-02T15:50:37.3626336Z Post job cleanup.
audit kyber-patched / clang -O0	UNKNOWN STEP	2026-08-02T15:50:37.4865932Z (node:2328) [DEP0040] DeprecationWarning: The `punycode` module is deprecated. Please use a userland alternative instead.
audit kyber-patched / clang -O0	UNKNOWN STEP	2026-08-02T15:50:37.4867246Z (Use `node --trace-deprecation ...` to show where the warning was created)
audit kyber-patched / clang -O0	UNKNOWN STEP	2026-08-02T15:50:37.5039166Z Node 20 is being deprecated. This workflow is running with Node 24 by default. If you need to temporarily use Node 20, you can set the ACTIONS_ALLOW_USE_UNSECURE_NODE_VERSION=true environment variable. For more information see: https://github.blog/changelog/2025-09-19-deprecation-of-node-20-on-github-actions-runners/
audit kyber-patched / clang -O0	UNKNOWN STEP	2026-08-02T15:50:37.5040620Z Post job cleanup.
audit kyber-patched / clang -O0	UNKNOWN STEP	2026-08-02T15:50:37.6099262Z [command]/usr/bin/git version
audit kyber-patched / clang -O0	UNKNOWN STEP	2026-08-02T15:50:37.6187415Z git version 2.54.0
audit kyber-patched / clang -O0	UNKNOWN STEP	2026-08-02T15:50:37.6236207Z Temporarily overriding HOME='/home/runner/work/_temp/30a4844b-2dfd-4f75-b098-22ad0eec64a4' before making global git config changes
audit kyber-patched / clang -O0	UNKNOWN STEP	2026-08-02T15:50:37.6238096Z Adding repository directory to the temporary git global config as a safe directory
audit kyber-patched / clang -O0	UNKNOWN STEP	2026-08-02T15:50:37.6243939Z [command]/usr/bin/git config --global --add safe.directory /home/runner/work/kyberslash-evaluation/kyberslash-evaluation
audit kyber-patched / clang -O0	UNKNOWN STEP	2026-08-02T15:50:37.6309367Z [command]/usr/bin/git config --local --name-only --get-regexp core\.sshCommand
audit kyber-patched / clang -O0	UNKNOWN STEP	2026-08-02T15:50:37.6367723Z [command]/usr/bin/git submodule foreach --recursive sh -c "git config --local --name-only --get-regexp 'core\.sshCommand' && git config --local --unset-all 'core.sshCommand' || :"
audit kyber-patched / clang -O0	UNKNOWN STEP	2026-08-02T15:50:37.6718101Z [command]/usr/bin/git config --local --name-only --get-regexp http\.https\:\/\/github\.com\/\.extraheader
audit kyber-patched / clang -O0	UNKNOWN STEP	2026-08-02T15:50:37.6773901Z http.https://github.com/.extraheader
audit kyber-patched / clang -O0	UNKNOWN STEP	2026-08-02T15:50:37.6780136Z [command]/usr/bin/git config --local --unset-all http.https://github.com/.extraheader
audit kyber-patched / clang -O0	UNKNOWN STEP	2026-08-02T15:50:37.6858784Z [command]/usr/bin/git submodule foreach --recursive sh -c "git config --local --name-only --get-regexp 'http\.https\:\/\/github\.com\/\.extraheader' && git config --local --unset-all 'http.https://github.com/.extraheader' || :"
audit kyber-patched / clang -O0	UNKNOWN STEP	2026-08-02T15:50:37.7177561Z [command]/usr/bin/git config --local --name-only --get-regexp ^includeIf\.gitdir:
audit kyber-patched / clang -O0	UNKNOWN STEP	2026-08-02T15:50:37.7247865Z [command]/usr/bin/git submodule foreach --recursive git config --local --show-origin --name-only --get-regexp remote.origin.url
audit kyber-patched / clang -O0	UNKNOWN STEP	2026-08-02T15:50:37.7701014Z Cleaning up orphan processes
audit kyber-patched / clang -O0	UNKNOWN STEP	2026-08-02T15:50:37.7990125Z ##[warning]Node.js 20 is deprecated. The following actions target Node.js 20 but are being forced to run on Node.js 24: actions/checkout@v4, actions/setup-python@v5, actions/upload-artifact@v4. For more information see: https://github.blog/changelog/2025-09-19-deprecation-of-node-20-on-github-actions-runners/
audit kyber-patched / gcc -O0	UNKNOWN STEP	﻿2026-08-02T15:50:22.6134702Z Current runner version: '2.336.0'
audit kyber-patched / gcc -O0	UNKNOWN STEP	2026-08-02T15:50:22.6158789Z ##[group]Runner Image Provisioner
audit kyber-patched / gcc -O0	UNKNOWN STEP	2026-08-02T15:50:22.6159761Z Hosted Compute Agent
audit kyber-patched / gcc -O0	UNKNOWN STEP	2026-08-02T15:50:22.6160346Z Version: 20260707.563
audit kyber-patched / gcc -O0	UNKNOWN STEP	2026-08-02T15:50:22.6160976Z Commit: 02667638d2b423fbc733a8e32a88b44996a3ba6e
audit kyber-patched / gcc -O0	UNKNOWN STEP	2026-08-02T15:50:22.6161751Z Build Date: 2026-07-07T19:33:50Z
audit kyber-patched / gcc -O0	UNKNOWN STEP	2026-08-02T15:50:22.6162421Z Worker ID: {b6c70923-ec13-455b-86ff-07883cecc506}
audit kyber-patched / gcc -O0	UNKNOWN STEP	2026-08-02T15:50:22.6163455Z Azure Region: westus
audit kyber-patched / gcc -O0	UNKNOWN STEP	2026-08-02T15:50:22.6164042Z ##[endgroup]
audit kyber-patched / gcc -O0	UNKNOWN STEP	2026-08-02T15:50:22.6165544Z ##[group]Operating System
audit kyber-patched / gcc -O0	UNKNOWN STEP	2026-08-02T15:50:22.6166265Z Ubuntu
audit kyber-patched / gcc -O0	UNKNOWN STEP	2026-08-02T15:50:22.6166784Z 24.04.4
audit kyber-patched / gcc -O0	UNKNOWN STEP	2026-08-02T15:50:22.6167269Z LTS
audit kyber-patched / gcc -O0	UNKNOWN STEP	2026-08-02T15:50:22.6167832Z ##[endgroup]
audit kyber-patched / gcc -O0	UNKNOWN STEP	2026-08-02T15:50:22.6168391Z ##[group]Runner Image
audit kyber-patched / gcc -O0	UNKNOWN STEP	2026-08-02T15:50:22.6169010Z Image: ubuntu-24.04
audit kyber-patched / gcc -O0	UNKNOWN STEP	2026-08-02T15:50:22.6169576Z Version: 20260720.247.2
audit kyber-patched / gcc -O0	UNKNOWN STEP	2026-08-02T15:50:22.6171194Z Included Software: https://github.com/actions/runner-images/blob/ubuntu24/20260720.247/images/ubuntu/Ubuntu2404-Readme.md
audit kyber-patched / gcc -O0	UNKNOWN STEP	2026-08-02T15:50:22.6173049Z Image Release: https://github.com/actions/runner-images/releases/tag/ubuntu24%2F20260720.247
audit kyber-patched / gcc -O0	UNKNOWN STEP	2026-08-02T15:50:22.6174065Z ##[endgroup]
audit kyber-patched / gcc -O0	UNKNOWN STEP	2026-08-02T15:50:22.6175208Z ##[group]GITHUB_TOKEN Permissions
audit kyber-patched / gcc -O0	UNKNOWN STEP	2026-08-02T15:50:22.6177418Z Contents: read
audit kyber-patched / gcc -O0	UNKNOWN STEP	2026-08-02T15:50:22.6178065Z Metadata: read
audit kyber-patched / gcc -O0	UNKNOWN STEP	2026-08-02T15:50:22.6178587Z Packages: read
audit kyber-patched / gcc -O0	UNKNOWN STEP	2026-08-02T15:50:22.6179230Z ##[endgroup]
audit kyber-patched / gcc -O0	UNKNOWN STEP	2026-08-02T15:50:22.6181239Z Secret source: Actions
audit kyber-patched / gcc -O0	UNKNOWN STEP	2026-08-02T15:50:22.6182344Z Prepare workflow directory
audit kyber-patched / gcc -O0	UNKNOWN STEP	2026-08-02T15:50:22.6556935Z Prepare all required actions
audit kyber-patched / gcc -O0	UNKNOWN STEP	2026-08-02T15:50:22.6607056Z Getting action download info
audit kyber-patched / gcc -O0	UNKNOWN STEP	2026-08-02T15:50:22.9977341Z Download action repository 'actions/checkout@v4' (SHA:11d5960a326750d5838078e36cf38b85af677262)
audit kyber-patched / gcc -O0	UNKNOWN STEP	2026-08-02T15:50:23.4053614Z Download action repository 'actions/setup-python@v5' (SHA:a26af69be951a213d495a4c3e4e4022e16d87065)
audit kyber-patched / gcc -O0	UNKNOWN STEP	2026-08-02T15:50:23.4836289Z Download action repository 'actions/upload-artifact@v4' (SHA:ea165f8d65b6e75b540449e92b4886f43607fa02)
audit kyber-patched / gcc -O0	UNKNOWN STEP	2026-08-02T15:50:23.6975591Z Complete job name: audit kyber-patched / gcc -O0
audit kyber-patched / gcc -O0	UNKNOWN STEP	2026-08-02T15:50:23.7742791Z Node 20 is being deprecated. This workflow is running with Node 24 by default. If you need to temporarily use Node 20, you can set the ACTIONS_ALLOW_USE_UNSECURE_NODE_VERSION=true environment variable. For more information see: https://github.blog/changelog/2025-09-19-deprecation-of-node-20-on-github-actions-runners/
audit kyber-patched / gcc -O0	UNKNOWN STEP	2026-08-02T15:50:23.7751472Z ##[group]Run actions/checkout@v4
audit kyber-patched / gcc -O0	UNKNOWN STEP	2026-08-02T15:50:23.7752219Z with:
audit kyber-patched / gcc -O0	UNKNOWN STEP	2026-08-02T15:50:23.7752893Z   repository: Ace7111/kyberslash-evaluation
audit kyber-patched / gcc -O0	UNKNOWN STEP	2026-08-02T15:50:23.7756933Z   token: ***
audit kyber-patched / gcc -O0	UNKNOWN STEP	2026-08-02T15:50:23.7757356Z   ssh-strict: true
audit kyber-patched / gcc -O0	UNKNOWN STEP	2026-08-02T15:50:23.7757775Z   ssh-user: git
audit kyber-patched / gcc -O0	UNKNOWN STEP	2026-08-02T15:50:23.7758202Z   persist-credentials: true
audit kyber-patched / gcc -O0	UNKNOWN STEP	2026-08-02T15:50:23.7758666Z   clean: true
audit kyber-patched / gcc -O0	UNKNOWN STEP	2026-08-02T15:50:23.7759083Z   sparse-checkout-cone-mode: true
audit kyber-patched / gcc -O0	UNKNOWN STEP	2026-08-02T15:50:23.7759582Z   fetch-depth: 1
audit kyber-patched / gcc -O0	UNKNOWN STEP	2026-08-02T15:50:23.7759992Z   fetch-tags: false
audit kyber-patched / gcc -O0	UNKNOWN STEP	2026-08-02T15:50:23.7760409Z   show-progress: true
audit kyber-patched / gcc -O0	UNKNOWN STEP	2026-08-02T15:50:23.7760863Z   lfs: false
audit kyber-patched / gcc -O0	UNKNOWN STEP	2026-08-02T15:50:23.7761281Z   submodules: false
audit kyber-patched / gcc -O0	UNKNOWN STEP	2026-08-02T15:50:23.7761713Z   set-safe-directory: true
audit kyber-patched / gcc -O0	UNKNOWN STEP	2026-08-02T15:50:23.7762203Z   allow-unsafe-pr-checkout: false
audit kyber-patched / gcc -O0	UNKNOWN STEP	2026-08-02T15:50:23.7763120Z ##[endgroup]
audit kyber-patched / gcc -O0	UNKNOWN STEP	2026-08-02T15:50:23.8756748Z Syncing repository: Ace7111/kyberslash-evaluation
audit kyber-patched / gcc -O0	UNKNOWN STEP	2026-08-02T15:50:23.8759322Z ##[group]Getting Git version info
audit kyber-patched / gcc -O0	UNKNOWN STEP	2026-08-02T15:50:23.8760854Z Working directory is '/home/runner/work/kyberslash-evaluation/kyberslash-evaluation'
audit kyber-patched / gcc -O0	UNKNOWN STEP	2026-08-02T15:50:23.8762956Z [command]/usr/bin/git version
audit kyber-patched / gcc -O0	UNKNOWN STEP	2026-08-02T15:50:23.8844963Z git version 2.54.0
audit kyber-patched / gcc -O0	UNKNOWN STEP	2026-08-02T15:50:23.8923354Z ##[endgroup]
audit kyber-patched / gcc -O0	UNKNOWN STEP	2026-08-02T15:50:23.8931613Z Temporarily overriding HOME='/home/runner/work/_temp/a5b67153-a0d5-466e-a047-8ebe048103af' before making global git config changes
audit kyber-patched / gcc -O0	UNKNOWN STEP	2026-08-02T15:50:23.8934877Z Adding repository directory to the temporary git global config as a safe directory
audit kyber-patched / gcc -O0	UNKNOWN STEP	2026-08-02T15:50:23.8937694Z [command]/usr/bin/git config --global --add safe.directory /home/runner/work/kyberslash-evaluation/kyberslash-evaluation
audit kyber-patched / gcc -O0	UNKNOWN STEP	2026-08-02T15:50:23.8988590Z Deleting the contents of '/home/runner/work/kyberslash-evaluation/kyberslash-evaluation'
audit kyber-patched / gcc -O0	UNKNOWN STEP	2026-08-02T15:50:23.8994276Z ##[group]Initializing the repository
audit kyber-patched / gcc -O0	UNKNOWN STEP	2026-08-02T15:50:23.8999089Z [command]/usr/bin/git init /home/runner/work/kyberslash-evaluation/kyberslash-evaluation
audit kyber-patched / gcc -O0	UNKNOWN STEP	2026-08-02T15:50:23.9130144Z hint: Using 'master' as the name for the initial branch. This default branch name
audit kyber-patched / gcc -O0	UNKNOWN STEP	2026-08-02T15:50:23.9131586Z hint: will change to "main" in Git 3.0. To configure the initial branch name
audit kyber-patched / gcc -O0	UNKNOWN STEP	2026-08-02T15:50:23.9133500Z hint: to use in all of your new repositories, which will suppress this warning,
audit kyber-patched / gcc -O0	UNKNOWN STEP	2026-08-02T15:50:23.9134844Z hint: call:
audit kyber-patched / gcc -O0	UNKNOWN STEP	2026-08-02T15:50:23.9135513Z hint:
audit kyber-patched / gcc -O0	UNKNOWN STEP	2026-08-02T15:50:23.9136335Z hint: 	git config --global init.defaultBranch <name>
audit kyber-patched / gcc -O0	UNKNOWN STEP	2026-08-02T15:50:23.9137431Z hint:
audit kyber-patched / gcc -O0	UNKNOWN STEP	2026-08-02T15:50:23.9138384Z hint: Names commonly chosen instead of 'master' are 'main', 'trunk' and
audit kyber-patched / gcc -O0	UNKNOWN STEP	2026-08-02T15:50:23.9139480Z hint: 'development'. The just-created branch can be renamed via this command:
audit kyber-patched / gcc -O0	UNKNOWN STEP	2026-08-02T15:50:23.9140282Z hint:
audit kyber-patched / gcc -O0	UNKNOWN STEP	2026-08-02T15:50:23.9140725Z hint: 	git branch -m <name>
audit kyber-patched / gcc -O0	UNKNOWN STEP	2026-08-02T15:50:23.9141195Z hint:
audit kyber-patched / gcc -O0	UNKNOWN STEP	2026-08-02T15:50:23.9142024Z hint: Disable this message with "git config set advice.defaultBranchName false"
audit kyber-patched / gcc -O0	UNKNOWN STEP	2026-08-02T15:50:23.9143509Z Initialized empty Git repository in /home/runner/work/kyberslash-evaluation/kyberslash-evaluation/.git/
audit kyber-patched / gcc -O0	UNKNOWN STEP	2026-08-02T15:50:23.9149541Z [command]/usr/bin/git remote add origin https://github.com/Ace7111/kyberslash-evaluation
audit kyber-patched / gcc -O0	UNKNOWN STEP	2026-08-02T15:50:23.9197795Z ##[endgroup]
audit kyber-patched / gcc -O0	UNKNOWN STEP	2026-08-02T15:50:23.9198852Z ##[group]Disabling automatic garbage collection
audit kyber-patched / gcc -O0	UNKNOWN STEP	2026-08-02T15:50:23.9201871Z [command]/usr/bin/git config --local gc.auto 0
audit kyber-patched / gcc -O0	UNKNOWN STEP	2026-08-02T15:50:23.9242113Z ##[endgroup]
audit kyber-patched / gcc -O0	UNKNOWN STEP	2026-08-02T15:50:23.9243803Z ##[group]Setting up auth
audit kyber-patched / gcc -O0	UNKNOWN STEP	2026-08-02T15:50:23.9275881Z [command]/usr/bin/git config --local --name-only --get-regexp core\.sshCommand
audit kyber-patched / gcc -O0	UNKNOWN STEP	2026-08-02T15:50:23.9312701Z [command]/usr/bin/git submodule foreach --recursive sh -c "git config --local --name-only --get-regexp 'core\.sshCommand' && git config --local --unset-all 'core.sshCommand' || :"
audit kyber-patched / gcc -O0	UNKNOWN STEP	2026-08-02T15:50:23.9701352Z [command]/usr/bin/git config --local --name-only --get-regexp http\.https\:\/\/github\.com\/\.extraheader
audit kyber-patched / gcc -O0	UNKNOWN STEP	2026-08-02T15:50:23.9739035Z [command]/usr/bin/git submodule foreach --recursive sh -c "git config --local --name-only --get-regexp 'http\.https\:\/\/github\.com\/\.extraheader' && git config --local --unset-all 'http.https://github.com/.extraheader' || :"
audit kyber-patched / gcc -O0	UNKNOWN STEP	2026-08-02T15:50:23.9964606Z [command]/usr/bin/git config --local --name-only --get-regexp ^includeIf\.gitdir:
audit kyber-patched / gcc -O0	UNKNOWN STEP	2026-08-02T15:50:24.0001132Z [command]/usr/bin/git submodule foreach --recursive git config --local --show-origin --name-only --get-regexp remote.origin.url
audit kyber-patched / gcc -O0	UNKNOWN STEP	2026-08-02T15:50:24.0229720Z [command]/usr/bin/git config --local http.https://github.com/.extraheader AUTHORIZATION: basic ***
audit kyber-patched / gcc -O0	UNKNOWN STEP	2026-08-02T15:50:24.0268663Z ##[endgroup]
audit kyber-patched / gcc -O0	UNKNOWN STEP	2026-08-02T15:50:24.0269543Z ##[group]Fetching the repository
audit kyber-patched / gcc -O0	UNKNOWN STEP	2026-08-02T15:50:24.0278503Z [command]/usr/bin/git -c protocol.version=2 fetch --no-tags --prune --no-recurse-submodules --depth=1 origin +c36da0f41ae2be8e5a855b5edf63e5074665cffa:refs/remotes/origin/main
audit kyber-patched / gcc -O0	UNKNOWN STEP	2026-08-02T15:50:24.5160632Z From https://github.com/Ace7111/kyberslash-evaluation
audit kyber-patched / gcc -O0	UNKNOWN STEP	2026-08-02T15:50:24.5163647Z  * [new ref]         c36da0f41ae2be8e5a855b5edf63e5074665cffa -> origin/main
audit kyber-patched / gcc -O0	UNKNOWN STEP	2026-08-02T15:50:24.5210302Z ##[endgroup]
audit kyber-patched / gcc -O0	UNKNOWN STEP	2026-08-02T15:50:24.5214802Z ##[group]Determining the checkout info
audit kyber-patched / gcc -O0	UNKNOWN STEP	2026-08-02T15:50:24.5217087Z ##[endgroup]
audit kyber-patched / gcc -O0	UNKNOWN STEP	2026-08-02T15:50:24.5218085Z [command]/usr/bin/git sparse-checkout disable
audit kyber-patched / gcc -O0	UNKNOWN STEP	2026-08-02T15:50:24.5258420Z [command]/usr/bin/git config --local --unset-all extensions.worktreeConfig
audit kyber-patched / gcc -O0	UNKNOWN STEP	2026-08-02T15:50:24.5289616Z ##[group]Checking out the ref
audit kyber-patched / gcc -O0	UNKNOWN STEP	2026-08-02T15:50:24.5293872Z [command]/usr/bin/git checkout --progress --force -B main refs/remotes/origin/main
audit kyber-patched / gcc -O0	UNKNOWN STEP	2026-08-02T15:50:24.5456529Z Switched to a new branch 'main'
audit kyber-patched / gcc -O0	UNKNOWN STEP	2026-08-02T15:50:24.5459717Z branch 'main' set up to track 'origin/main'.
audit kyber-patched / gcc -O0	UNKNOWN STEP	2026-08-02T15:50:24.5467103Z ##[endgroup]
audit kyber-patched / gcc -O0	UNKNOWN STEP	2026-08-02T15:50:24.5506574Z [command]/usr/bin/git log -1 --format=%H
audit kyber-patched / gcc -O0	UNKNOWN STEP	2026-08-02T15:50:24.5533545Z c36da0f41ae2be8e5a855b5edf63e5074665cffa
audit kyber-patched / gcc -O0	UNKNOWN STEP	2026-08-02T15:50:24.5960641Z Node 20 is being deprecated. This workflow is running with Node 24 by default. If you need to temporarily use Node 20, you can set the ACTIONS_ALLOW_USE_UNSECURE_NODE_VERSION=true environment variable. For more information see: https://github.blog/changelog/2025-09-19-deprecation-of-node-20-on-github-actions-runners/
audit kyber-patched / gcc -O0	UNKNOWN STEP	2026-08-02T15:50:24.5966588Z ##[group]Run actions/setup-python@v5
audit kyber-patched / gcc -O0	UNKNOWN STEP	2026-08-02T15:50:24.5967665Z with:
audit kyber-patched / gcc -O0	UNKNOWN STEP	2026-08-02T15:50:24.5968436Z   python-version: 3.12
audit kyber-patched / gcc -O0	UNKNOWN STEP	2026-08-02T15:50:24.5969345Z   check-latest: false
audit kyber-patched / gcc -O0	UNKNOWN STEP	2026-08-02T15:50:24.5980170Z   token: ***
audit kyber-patched / gcc -O0	UNKNOWN STEP	2026-08-02T15:50:24.5981041Z   update-environment: true
audit kyber-patched / gcc -O0	UNKNOWN STEP	2026-08-02T15:50:24.5982052Z   allow-prereleases: false
audit kyber-patched / gcc -O0	UNKNOWN STEP	2026-08-02T15:50:24.5983337Z   freethreaded: false
audit kyber-patched / gcc -O0	UNKNOWN STEP	2026-08-02T15:50:24.5984237Z ##[endgroup]
audit kyber-patched / gcc -O0	UNKNOWN STEP	2026-08-02T15:50:24.7390763Z ##[group]Installed versions
audit kyber-patched / gcc -O0	UNKNOWN STEP	2026-08-02T15:50:24.7485430Z (node:2236) [DEP0040] DeprecationWarning: The `punycode` module is deprecated. Please use a userland alternative instead.
audit kyber-patched / gcc -O0	UNKNOWN STEP	2026-08-02T15:50:24.7489882Z (Use `node --trace-deprecation ...` to show where the warning was created)
audit kyber-patched / gcc -O0	UNKNOWN STEP	2026-08-02T15:50:24.7492870Z Successfully set up CPython (3.12.13)
audit kyber-patched / gcc -O0	UNKNOWN STEP	2026-08-02T15:50:24.7495457Z ##[endgroup]
audit kyber-patched / gcc -O0	UNKNOWN STEP	2026-08-02T15:50:24.7735119Z ##[group]Run git clone --quiet https://github.com/pq-crystals/kyber.git targets/pq-crystals-kyber
audit kyber-patched / gcc -O0	UNKNOWN STEP	2026-08-02T15:50:24.7739470Z ^[[36;1mgit clone --quiet https://github.com/pq-crystals/kyber.git targets/pq-crystals-kyber^[[0m
audit kyber-patched / gcc -O0	UNKNOWN STEP	2026-08-02T15:50:24.7822706Z shell: /usr/bin/bash -e {0}
audit kyber-patched / gcc -O0	UNKNOWN STEP	2026-08-02T15:50:24.7823782Z env:
audit kyber-patched / gcc -O0	UNKNOWN STEP	2026-08-02T15:50:24.7825198Z   pythonLocation: /opt/hostedtoolcache/Python/3.12.13/x64
audit kyber-patched / gcc -O0	UNKNOWN STEP	2026-08-02T15:50:24.7827795Z   PKG_CONFIG_PATH: /opt/hostedtoolcache/Python/3.12.13/x64/lib/pkgconfig
audit kyber-patched / gcc -O0	UNKNOWN STEP	2026-08-02T15:50:24.7830611Z   Python_ROOT_DIR: /opt/hostedtoolcache/Python/3.12.13/x64
audit kyber-patched / gcc -O0	UNKNOWN STEP	2026-08-02T15:50:24.7833381Z   Python2_ROOT_DIR: /opt/hostedtoolcache/Python/3.12.13/x64
audit kyber-patched / gcc -O0	UNKNOWN STEP	2026-08-02T15:50:24.7835901Z   Python3_ROOT_DIR: /opt/hostedtoolcache/Python/3.12.13/x64
audit kyber-patched / gcc -O0	UNKNOWN STEP	2026-08-02T15:50:24.7838433Z   LD_LIBRARY_PATH: /opt/hostedtoolcache/Python/3.12.13/x64/lib
audit kyber-patched / gcc -O0	UNKNOWN STEP	2026-08-02T15:50:24.7840541Z ##[endgroup]
audit kyber-patched / gcc -O0	UNKNOWN STEP	2026-08-02T15:50:25.4297508Z ##[group]Run gcc --version
audit kyber-patched / gcc -O0	UNKNOWN STEP	2026-08-02T15:50:25.4298078Z ^[[36;1mgcc --version^[[0m
audit kyber-patched / gcc -O0	UNKNOWN STEP	2026-08-02T15:50:25.4298584Z ^[[36;1mobjdump --version | head -1^[[0m
audit kyber-patched / gcc -O0	UNKNOWN STEP	2026-08-02T15:50:25.4299126Z ^[[36;1muname -m^[[0m
audit kyber-patched / gcc -O0	UNKNOWN STEP	2026-08-02T15:50:25.4345364Z shell: /usr/bin/bash -e {0}
audit kyber-patched / gcc -O0	UNKNOWN STEP	2026-08-02T15:50:25.4345876Z env:
audit kyber-patched / gcc -O0	UNKNOWN STEP	2026-08-02T15:50:25.4346404Z   pythonLocation: /opt/hostedtoolcache/Python/3.12.13/x64
audit kyber-patched / gcc -O0	UNKNOWN STEP	2026-08-02T15:50:25.4347138Z   PKG_CONFIG_PATH: /opt/hostedtoolcache/Python/3.12.13/x64/lib/pkgconfig
audit kyber-patched / gcc -O0	UNKNOWN STEP	2026-08-02T15:50:25.4347855Z   Python_ROOT_DIR: /opt/hostedtoolcache/Python/3.12.13/x64
audit kyber-patched / gcc -O0	UNKNOWN STEP	2026-08-02T15:50:25.4348554Z   Python2_ROOT_DIR: /opt/hostedtoolcache/Python/3.12.13/x64
audit kyber-patched / gcc -O0	UNKNOWN STEP	2026-08-02T15:50:25.4349206Z   Python3_ROOT_DIR: /opt/hostedtoolcache/Python/3.12.13/x64
audit kyber-patched / gcc -O0	UNKNOWN STEP	2026-08-02T15:50:25.4349860Z   LD_LIBRARY_PATH: /opt/hostedtoolcache/Python/3.12.13/x64/lib
audit kyber-patched / gcc -O0	UNKNOWN STEP	2026-08-02T15:50:25.4350405Z ##[endgroup]
audit kyber-patched / gcc -O0	UNKNOWN STEP	2026-08-02T15:50:25.4507783Z gcc (Ubuntu 13.3.0-6ubuntu2~24.04.1) 13.3.0
audit kyber-patched / gcc -O0	UNKNOWN STEP	2026-08-02T15:50:25.4508753Z Copyright (C) 2023 Free Software Foundation, Inc.
audit kyber-patched / gcc -O0	UNKNOWN STEP	2026-08-02T15:50:25.4509577Z This is free software; see the source for copying conditions.  There is NO
audit kyber-patched / gcc -O0	UNKNOWN STEP	2026-08-02T15:50:25.4510527Z warranty; not even for MERCHANTABILITY or FITNESS FOR A PARTICULAR PURPOSE.
audit kyber-patched / gcc -O0	UNKNOWN STEP	2026-08-02T15:50:25.4511102Z 
audit kyber-patched / gcc -O0	UNKNOWN STEP	2026-08-02T15:50:25.5088280Z GNU objdump (GNU Binutils for Ubuntu) 2.42
audit kyber-patched / gcc -O0	UNKNOWN STEP	2026-08-02T15:50:25.5101029Z x86_64
audit kyber-patched / gcc -O0	UNKNOWN STEP	2026-08-02T15:50:25.5145629Z ##[group]Run # NOTE the "=" on --opt-levels. Without it argparse reads a value like
audit kyber-patched / gcc -O0	UNKNOWN STEP	2026-08-02T15:50:25.5146456Z ^[[36;1m# NOTE the "=" on --opt-levels. Without it argparse reads a value like^[[0m
audit kyber-patched / gcc -O0	UNKNOWN STEP	2026-08-02T15:50:25.5147191Z ^[[36;1m# "-Os" as a flag and the run fails with "expected at least one argument".^[[0m
audit kyber-patched / gcc -O0	UNKNOWN STEP	2026-08-02T15:50:25.5147996Z ^[[36;1mpython3 scripts/build_matrix.py \^[[0m
audit kyber-patched / gcc -O0	UNKNOWN STEP	2026-08-02T15:50:25.5148501Z ^[[36;1m  --targets kyber-patched \^[[0m
audit kyber-patched / gcc -O0	UNKNOWN STEP	2026-08-02T15:50:25.5148971Z ^[[36;1m  --compilers gcc \^[[0m
audit kyber-patched / gcc -O0	UNKNOWN STEP	2026-08-02T15:50:25.5149406Z ^[[36;1m  --opt-levels='-O0' \^[[0m
audit kyber-patched / gcc -O0	UNKNOWN STEP	2026-08-02T15:50:25.5149839Z ^[[36;1m  --out audit.json^[[0m
audit kyber-patched / gcc -O0	UNKNOWN STEP	2026-08-02T15:50:25.5194204Z shell: /usr/bin/bash -e {0}
audit kyber-patched / gcc -O0	UNKNOWN STEP	2026-08-02T15:50:25.5194636Z env:
audit kyber-patched / gcc -O0	UNKNOWN STEP	2026-08-02T15:50:25.5195088Z   pythonLocation: /opt/hostedtoolcache/Python/3.12.13/x64
audit kyber-patched / gcc -O0	UNKNOWN STEP	2026-08-02T15:50:25.5195756Z   PKG_CONFIG_PATH: /opt/hostedtoolcache/Python/3.12.13/x64/lib/pkgconfig
audit kyber-patched / gcc -O0	UNKNOWN STEP	2026-08-02T15:50:25.5196435Z   Python_ROOT_DIR: /opt/hostedtoolcache/Python/3.12.13/x64
audit kyber-patched / gcc -O0	UNKNOWN STEP	2026-08-02T15:50:25.5197055Z   Python2_ROOT_DIR: /opt/hostedtoolcache/Python/3.12.13/x64
audit kyber-patched / gcc -O0	UNKNOWN STEP	2026-08-02T15:50:25.5197665Z   Python3_ROOT_DIR: /opt/hostedtoolcache/Python/3.12.13/x64
audit kyber-patched / gcc -O0	UNKNOWN STEP	2026-08-02T15:50:25.5198273Z   LD_LIBRARY_PATH: /opt/hostedtoolcache/Python/3.12.13/x64/lib
audit kyber-patched / gcc -O0	UNKNOWN STEP	2026-08-02T15:50:25.5198795Z ##[endgroup]
audit kyber-patched / gcc -O0	UNKNOWN STEP	2026-08-02T15:50:28.1528042Z [NO_SECRET_DEPENDENT_DIV ] kyber-patched_gcc_O0_768  secret_div=0 total_div=0
audit kyber-patched / gcc -O0	UNKNOWN STEP	2026-08-02T15:50:28.1528575Z 
audit kyber-patched / gcc -O0	UNKNOWN STEP	2026-08-02T15:50:28.1528705Z Wrote 1 cells to audit.json
audit kyber-patched / gcc -O0	UNKNOWN STEP	2026-08-02T15:50:28.1665695Z ##[group]Run python3 - <<'PY'
audit kyber-patched / gcc -O0	UNKNOWN STEP	2026-08-02T15:50:28.1666079Z ^[[36;1mpython3 - <<'PY'^[[0m
audit kyber-patched / gcc -O0	UNKNOWN STEP	2026-08-02T15:50:28.1666341Z ^[[36;1mimport json, sys^[[0m
audit kyber-patched / gcc -O0	UNKNOWN STEP	2026-08-02T15:50:28.1666617Z ^[[36;1mrows = json.load(open("audit.json"))^[[0m
audit kyber-patched / gcc -O0	UNKNOWN STEP	2026-08-02T15:50:28.1666925Z ^[[36;1m^[[0m
audit kyber-patched / gcc -O0	UNKNOWN STEP	2026-08-02T15:50:28.1667202Z ^[[36;1mgated = [r for r in rows if r.get("gate_failed_at")]^[[0m
audit kyber-patched / gcc -O0	UNKNOWN STEP	2026-08-02T15:50:28.1667551Z ^[[36;1mfor r in gated:^[[0m
audit kyber-patched / gcc -O0	UNKNOWN STEP	2026-08-02T15:50:28.1667865Z ^[[36;1m    print(f"::warning::{r['experiment_id']} failed at "^[[0m
audit kyber-patched / gcc -O0	UNKNOWN STEP	2026-08-02T15:50:28.1668301Z ^[[36;1m          f"{r['gate_failed_at']} - no security verdict produced")^[[0m
audit kyber-patched / gcc -O0	UNKNOWN STEP	2026-08-02T15:50:28.1668666Z ^[[36;1m^[[0m
audit kyber-patched / gcc -O0	UNKNOWN STEP	2026-08-02T15:50:28.1668980Z ^[[36;1mvulnerable = [r for r in rows if r.get("verdict") == "VULNERABLE"]^[[0m
audit kyber-patched / gcc -O0	UNKNOWN STEP	2026-08-02T15:50:28.1669382Z ^[[36;1mfor r in vulnerable:^[[0m
audit kyber-patched / gcc -O0	UNKNOWN STEP	2026-08-02T15:50:28.1669725Z ^[[36;1m    fns = ", ".join(r.get("vulnerable_functions", []))^[[0m
audit kyber-patched / gcc -O0	UNKNOWN STEP	2026-08-02T15:50:28.1670170Z ^[[36;1m    variants = ", ".join(r.get("kyberslash_variants", []))^[[0m
audit kyber-patched / gcc -O0	UNKNOWN STEP	2026-08-02T15:50:28.1670638Z ^[[36;1m    print(f"::error::{r['experiment_id']}: secret-dependent division in "^[[0m
audit kyber-patched / gcc -O0	UNKNOWN STEP	2026-08-02T15:50:28.1671079Z ^[[36;1m          f"{fns} ({variants})")^[[0m
audit kyber-patched / gcc -O0	UNKNOWN STEP	2026-08-02T15:50:28.1671357Z ^[[36;1m^[[0m
audit kyber-patched / gcc -O0	UNKNOWN STEP	2026-08-02T15:50:28.1671562Z ^[[36;1mif vulnerable:^[[0m
audit kyber-patched / gcc -O0	UNKNOWN STEP	2026-08-02T15:50:28.1671808Z ^[[36;1m    sys.exit(1)^[[0m
audit kyber-patched / gcc -O0	UNKNOWN STEP	2026-08-02T15:50:28.1672042Z ^[[36;1m^[[0m
audit kyber-patched / gcc -O0	UNKNOWN STEP	2026-08-02T15:50:28.1672328Z ^[[36;1maudited = [r for r in rows if not r.get("gate_failed_at")]^[[0m
audit kyber-patched / gcc -O0	UNKNOWN STEP	2026-08-02T15:50:28.1672987Z ^[[36;1mif not audited:^[[0m
audit kyber-patched / gcc -O0	UNKNOWN STEP	2026-08-02T15:50:28.1673397Z ^[[36;1m    print("::error::no cell produced a verdict - nothing was actually audited")^[[0m
audit kyber-patched / gcc -O0	UNKNOWN STEP	2026-08-02T15:50:28.1673820Z ^[[36;1m    sys.exit(1)^[[0m
audit kyber-patched / gcc -O0	UNKNOWN STEP	2026-08-02T15:50:28.1674048Z ^[[36;1m^[[0m
audit kyber-patched / gcc -O0	UNKNOWN STEP	2026-08-02T15:50:28.1674386Z ^[[36;1m# Incidental divisions are expected and must not fail the build. Reporting^[[0m
audit kyber-patched / gcc -O0	UNKNOWN STEP	2026-08-02T15:50:28.1674977Z ^[[36;1m# them keeps the distinction visible: a correctly patched binary still^[[0m
audit kyber-patched / gcc -O0	UNKNOWN STEP	2026-08-02T15:50:28.1675516Z ^[[36;1m# contains divisions in Keccak and rejection sampling, and a check that^[[0m
audit kyber-patched / gcc -O0	UNKNOWN STEP	2026-08-02T15:50:28.1676031Z ^[[36;1m# merely grepped for a division mnemonic would reject it.^[[0m
audit kyber-patched / gcc -O0	UNKNOWN STEP	2026-08-02T15:50:28.1676398Z ^[[36;1mfor r in audited:^[[0m
audit kyber-patched / gcc -O0	UNKNOWN STEP	2026-08-02T15:50:28.1676687Z ^[[36;1m    print(f"{r['experiment_id']}: clean "^[[0m
audit kyber-patched / gcc -O0	UNKNOWN STEP	2026-08-02T15:50:28.1677085Z ^[[36;1m          f"({r.get('total_divisions', 0)} incidental division(s))")^[[0m
audit kyber-patched / gcc -O0	UNKNOWN STEP	2026-08-02T15:50:28.1677448Z ^[[36;1mPY^[[0m
audit kyber-patched / gcc -O0	UNKNOWN STEP	2026-08-02T15:50:28.1725010Z shell: /usr/bin/bash -e {0}
audit kyber-patched / gcc -O0	UNKNOWN STEP	2026-08-02T15:50:28.1725293Z env:
audit kyber-patched / gcc -O0	UNKNOWN STEP	2026-08-02T15:50:28.1725579Z   pythonLocation: /opt/hostedtoolcache/Python/3.12.13/x64
audit kyber-patched / gcc -O0	UNKNOWN STEP	2026-08-02T15:50:28.1726039Z   PKG_CONFIG_PATH: /opt/hostedtoolcache/Python/3.12.13/x64/lib/pkgconfig
audit kyber-patched / gcc -O0	UNKNOWN STEP	2026-08-02T15:50:28.1726507Z   Python_ROOT_DIR: /opt/hostedtoolcache/Python/3.12.13/x64
audit kyber-patched / gcc -O0	UNKNOWN STEP	2026-08-02T15:50:28.1727148Z   Python2_ROOT_DIR: /opt/hostedtoolcache/Python/3.12.13/x64
audit kyber-patched / gcc -O0	UNKNOWN STEP	2026-08-02T15:50:28.1727567Z   Python3_ROOT_DIR: /opt/hostedtoolcache/Python/3.12.13/x64
audit kyber-patched / gcc -O0	UNKNOWN STEP	2026-08-02T15:50:28.1727988Z   LD_LIBRARY_PATH: /opt/hostedtoolcache/Python/3.12.13/x64/lib
audit kyber-patched / gcc -O0	UNKNOWN STEP	2026-08-02T15:50:28.1728338Z ##[endgroup]
audit kyber-patched / gcc -O0	UNKNOWN STEP	2026-08-02T15:50:28.2000917Z EXP-kyber-patched_gcc_O0_768: clean (0 incidental division(s))
audit kyber-patched / gcc -O0	UNKNOWN STEP	2026-08-02T15:50:28.2110374Z Node 20 is being deprecated. This workflow is running with Node 24 by default. If you need to temporarily use Node 20, you can set the ACTIONS_ALLOW_USE_UNSECURE_NODE_VERSION=true environment variable. For more information see: https://github.blog/changelog/2025-09-19-deprecation-of-node-20-on-github-actions-runners/
audit kyber-patched / gcc -O0	UNKNOWN STEP	2026-08-02T15:50:28.2111681Z ##[group]Run actions/upload-artifact@v4
audit kyber-patched / gcc -O0	UNKNOWN STEP	2026-08-02T15:50:28.2111956Z with:
audit kyber-patched / gcc -O0	UNKNOWN STEP	2026-08-02T15:50:28.2112173Z   name: audit-kyber-patched-gcc--O0
audit kyber-patched / gcc -O0	UNKNOWN STEP	2026-08-02T15:50:28.2112790Z   path: audit.json
audit kyber-patched / gcc -O0	UNKNOWN STEP	2026-08-02T15:50:28.2113144Z   if-no-files-found: warn
audit kyber-patched / gcc -O0	UNKNOWN STEP	2026-08-02T15:50:28.2113425Z   compression-level: 6
audit kyber-patched / gcc -O0	UNKNOWN STEP	2026-08-02T15:50:28.2113649Z   overwrite: false
audit kyber-patched / gcc -O0	UNKNOWN STEP	2026-08-02T15:50:28.2113867Z   include-hidden-files: false
audit kyber-patched / gcc -O0	UNKNOWN STEP	2026-08-02T15:50:28.2114117Z env:
audit kyber-patched / gcc -O0	UNKNOWN STEP	2026-08-02T15:50:28.2114374Z   pythonLocation: /opt/hostedtoolcache/Python/3.12.13/x64
audit kyber-patched / gcc -O0	UNKNOWN STEP	2026-08-02T15:50:28.2114808Z   PKG_CONFIG_PATH: /opt/hostedtoolcache/Python/3.12.13/x64/lib/pkgconfig
audit kyber-patched / gcc -O0	UNKNOWN STEP	2026-08-02T15:50:28.2115291Z   Python_ROOT_DIR: /opt/hostedtoolcache/Python/3.12.13/x64
audit kyber-patched / gcc -O0	UNKNOWN STEP	2026-08-02T15:50:28.2115688Z   Python2_ROOT_DIR: /opt/hostedtoolcache/Python/3.12.13/x64
audit kyber-patched / gcc -O0	UNKNOWN STEP	2026-08-02T15:50:28.2116077Z   Python3_ROOT_DIR: /opt/hostedtoolcache/Python/3.12.13/x64
audit kyber-patched / gcc -O0	UNKNOWN STEP	2026-08-02T15:50:28.2116471Z   LD_LIBRARY_PATH: /opt/hostedtoolcache/Python/3.12.13/x64/lib
audit kyber-patched / gcc -O0	UNKNOWN STEP	2026-08-02T15:50:28.2116806Z ##[endgroup]
audit kyber-patched / gcc -O0	UNKNOWN STEP	2026-08-02T15:50:28.3832433Z (node:2302) [DEP0040] DeprecationWarning: The `punycode` module is deprecated. Please use a userland alternative instead.
audit kyber-patched / gcc -O0	UNKNOWN STEP	2026-08-02T15:50:28.3834681Z (Use `node --trace-deprecation ...` to show where the warning was created)
audit kyber-patched / gcc -O0	UNKNOWN STEP	2026-08-02T15:50:28.3916562Z With the provided path, there will be 1 file uploaded
audit kyber-patched / gcc -O0	UNKNOWN STEP	2026-08-02T15:50:28.3917603Z Artifact name is valid!
audit kyber-patched / gcc -O0	UNKNOWN STEP	2026-08-02T15:50:28.3917916Z Root directory input is valid!
audit kyber-patched / gcc -O0	UNKNOWN STEP	2026-08-02T15:50:28.7496442Z Beginning upload of artifact content to blob storage
audit kyber-patched / gcc -O0	UNKNOWN STEP	2026-08-02T15:50:28.7683821Z (node:2302) [DEP0169] DeprecationWarning: `url.parse()` behavior is not standardized and prone to errors that have security implications. Use the WHATWG URL API instead. CVEs are not issued for `url.parse()` vulnerabilities.
audit kyber-patched / gcc -O0	UNKNOWN STEP	2026-08-02T15:50:29.0442070Z Uploaded bytes 684
audit kyber-patched / gcc -O0	UNKNOWN STEP	2026-08-02T15:50:29.1237065Z Finished uploading artifact content to blob storage!
audit kyber-patched / gcc -O0	UNKNOWN STEP	2026-08-02T15:50:29.1238656Z SHA256 digest of uploaded artifact zip is 264d7965fc9ef3575858238038c9ae02f4a5ee55d7d8e23886544186413d9491
audit kyber-patched / gcc -O0	UNKNOWN STEP	2026-08-02T15:50:29.1240359Z Finalizing artifact upload
audit kyber-patched / gcc -O0	UNKNOWN STEP	2026-08-02T15:50:29.3340074Z Artifact audit-kyber-patched-gcc--O0.zip successfully finalized. Artifact ID 8835715266
audit kyber-patched / gcc -O0	UNKNOWN STEP	2026-08-02T15:50:29.3341404Z Artifact audit-kyber-patched-gcc--O0 has been successfully uploaded! Final size is 684 bytes. Artifact ID is 8835715266
audit kyber-patched / gcc -O0	UNKNOWN STEP	2026-08-02T15:50:29.3348116Z Artifact download URL: https://github.com/Ace7111/kyberslash-evaluation/actions/runs/30755244934/artifacts/8835715266
audit kyber-patched / gcc -O0	UNKNOWN STEP	2026-08-02T15:50:29.3537829Z Node 20 is being deprecated. This workflow is running with Node 24 by default. If you need to temporarily use Node 20, you can set the ACTIONS_ALLOW_USE_UNSECURE_NODE_VERSION=true environment variable. For more information see: https://github.blog/changelog/2025-09-19-deprecation-of-node-20-on-github-actions-runners/
audit kyber-patched / gcc -O0	UNKNOWN STEP	2026-08-02T15:50:29.3540101Z Post job cleanup.
audit kyber-patched / gcc -O0	UNKNOWN STEP	2026-08-02T15:50:29.4732684Z (node:2314) [DEP0040] DeprecationWarning: The `punycode` module is deprecated. Please use a userland alternative instead.
audit kyber-patched / gcc -O0	UNKNOWN STEP	2026-08-02T15:50:29.4733778Z (Use `node --trace-deprecation ...` to show where the warning was created)
audit kyber-patched / gcc -O0	UNKNOWN STEP	2026-08-02T15:50:29.4919863Z Node 20 is being deprecated. This workflow is running with Node 24 by default. If you need to temporarily use Node 20, you can set the ACTIONS_ALLOW_USE_UNSECURE_NODE_VERSION=true environment variable. For more information see: https://github.blog/changelog/2025-09-19-deprecation-of-node-20-on-github-actions-runners/
audit kyber-patched / gcc -O0	UNKNOWN STEP	2026-08-02T15:50:29.4921270Z Post job cleanup.
audit kyber-patched / gcc -O0	UNKNOWN STEP	2026-08-02T15:50:29.5825473Z [command]/usr/bin/git version
audit kyber-patched / gcc -O0	UNKNOWN STEP	2026-08-02T15:50:29.5870035Z git version 2.54.0
audit kyber-patched / gcc -O0	UNKNOWN STEP	2026-08-02T15:50:29.5908760Z Temporarily overriding HOME='/home/runner/work/_temp/19e25f71-33ff-48f6-8533-4f08ba2e3642' before making global git config changes
audit kyber-patched / gcc -O0	UNKNOWN STEP	2026-08-02T15:50:29.5910117Z Adding repository directory to the temporary git global config as a safe directory
audit kyber-patched / gcc -O0	UNKNOWN STEP	2026-08-02T15:50:29.5914554Z [command]/usr/bin/git config --global --add safe.directory /home/runner/work/kyberslash-evaluation/kyberslash-evaluation
audit kyber-patched / gcc -O0	UNKNOWN STEP	2026-08-02T15:50:29.5956422Z [command]/usr/bin/git config --local --name-only --get-regexp core\.sshCommand
audit kyber-patched / gcc -O0	UNKNOWN STEP	2026-08-02T15:50:29.5994426Z [command]/usr/bin/git submodule foreach --recursive sh -c "git config --local --name-only --get-regexp 'core\.sshCommand' && git config --local --unset-all 'core.sshCommand' || :"
audit kyber-patched / gcc -O0	UNKNOWN STEP	2026-08-02T15:50:29.6248490Z [command]/usr/bin/git config --local --name-only --get-regexp http\.https\:\/\/github\.com\/\.extraheader
audit kyber-patched / gcc -O0	UNKNOWN STEP	2026-08-02T15:50:29.6279985Z http.https://github.com/.extraheader
audit kyber-patched / gcc -O0	UNKNOWN STEP	2026-08-02T15:50:29.6292406Z [command]/usr/bin/git config --local --unset-all http.https://github.com/.extraheader
audit kyber-patched / gcc -O0	UNKNOWN STEP	2026-08-02T15:50:29.6328274Z [command]/usr/bin/git submodule foreach --recursive sh -c "git config --local --name-only --get-regexp 'http\.https\:\/\/github\.com\/\.extraheader' && git config --local --unset-all 'http.https://github.com/.extraheader' || :"
audit kyber-patched / gcc -O0	UNKNOWN STEP	2026-08-02T15:50:29.6613047Z [command]/usr/bin/git config --local --name-only --get-regexp ^includeIf\.gitdir:
audit kyber-patched / gcc -O0	UNKNOWN STEP	2026-08-02T15:50:29.6655201Z [command]/usr/bin/git submodule foreach --recursive git config --local --show-origin --name-only --get-regexp remote.origin.url
audit kyber-patched / gcc -O0	UNKNOWN STEP	2026-08-02T15:50:29.7040698Z Cleaning up orphan processes
audit kyber-patched / gcc -O0	UNKNOWN STEP	2026-08-02T15:50:29.7331973Z ##[warning]Node.js 20 is deprecated. The following actions target Node.js 20 but are being forced to run on Node.js 24: actions/checkout@v4, actions/setup-python@v5, actions/upload-artifact@v4. For more information see: https://github.blog/changelog/2025-09-19-deprecation-of-node-20-on-github-actions-runners/
audit kyber-current / gcc -Os	UNKNOWN STEP	﻿2026-08-02T15:50:21.4736760Z Current runner version: '2.336.0'
audit kyber-current / gcc -Os	UNKNOWN STEP	2026-08-02T15:50:21.4762693Z ##[group]Runner Image Provisioner
audit kyber-current / gcc -Os	UNKNOWN STEP	2026-08-02T15:50:21.4763638Z Hosted Compute Agent
audit kyber-current / gcc -Os	UNKNOWN STEP	2026-08-02T15:50:21.4764339Z Version: 20260707.563
audit kyber-current / gcc -Os	UNKNOWN STEP	2026-08-02T15:50:21.4764998Z Commit: 02667638d2b423fbc733a8e32a88b44996a3ba6e
audit kyber-current / gcc -Os	UNKNOWN STEP	2026-08-02T15:50:21.4765793Z Build Date: 2026-07-07T19:33:50Z
audit kyber-current / gcc -Os	UNKNOWN STEP	2026-08-02T15:50:21.4766494Z Worker ID: {61fdb338-8f17-4da6-a556-76d3e1a12a6b}
audit kyber-current / gcc -Os	UNKNOWN STEP	2026-08-02T15:50:21.4767193Z Azure Region: westus
audit kyber-current / gcc -Os	UNKNOWN STEP	2026-08-02T15:50:21.4767804Z ##[endgroup]
audit kyber-current / gcc -Os	UNKNOWN STEP	2026-08-02T15:50:21.4769326Z ##[group]Operating System
audit kyber-current / gcc -Os	UNKNOWN STEP	2026-08-02T15:50:21.4770493Z Ubuntu
audit kyber-current / gcc -Os	UNKNOWN STEP	2026-08-02T15:50:21.4771147Z 24.04.4
audit kyber-current / gcc -Os	UNKNOWN STEP	2026-08-02T15:50:21.4771708Z LTS
audit kyber-current / gcc -Os	UNKNOWN STEP	2026-08-02T15:50:21.4772344Z ##[endgroup]
audit kyber-current / gcc -Os	UNKNOWN STEP	2026-08-02T15:50:21.4772965Z ##[group]Runner Image
audit kyber-current / gcc -Os	UNKNOWN STEP	2026-08-02T15:50:21.4773591Z Image: ubuntu-24.04
audit kyber-current / gcc -Os	UNKNOWN STEP	2026-08-02T15:50:21.4774201Z Version: 20260720.247.2
audit kyber-current / gcc -Os	UNKNOWN STEP	2026-08-02T15:50:21.4775439Z Included Software: https://github.com/actions/runner-images/blob/ubuntu24/20260720.247/images/ubuntu/Ubuntu2404-Readme.md
audit kyber-current / gcc -Os	UNKNOWN STEP	2026-08-02T15:50:21.4777498Z Image Release: https://github.com/actions/runner-images/releases/tag/ubuntu24%2F20260720.247
audit kyber-current / gcc -Os	UNKNOWN STEP	2026-08-02T15:50:21.4778477Z ##[endgroup]
audit kyber-current / gcc -Os	UNKNOWN STEP	2026-08-02T15:50:21.4779984Z ##[group]GITHUB_TOKEN Permissions
audit kyber-current / gcc -Os	UNKNOWN STEP	2026-08-02T15:50:21.4782205Z Contents: read
audit kyber-current / gcc -Os	UNKNOWN STEP	2026-08-02T15:50:21.4782914Z Metadata: read
audit kyber-current / gcc -Os	UNKNOWN STEP	2026-08-02T15:50:21.4783524Z Packages: read
audit kyber-current / gcc -Os	UNKNOWN STEP	2026-08-02T15:50:21.4784062Z ##[endgroup]
audit kyber-current / gcc -Os	UNKNOWN STEP	2026-08-02T15:50:21.4786303Z Secret source: Actions
audit kyber-current / gcc -Os	UNKNOWN STEP	2026-08-02T15:50:21.4787373Z Prepare workflow directory
audit kyber-current / gcc -Os	UNKNOWN STEP	2026-08-02T15:50:21.5133529Z Prepare all required actions
audit kyber-current / gcc -Os	UNKNOWN STEP	2026-08-02T15:50:21.5182864Z Getting action download info
audit kyber-current / gcc -Os	UNKNOWN STEP	2026-08-02T15:50:21.9053795Z Download action repository 'actions/checkout@v4' (SHA:11d5960a326750d5838078e36cf38b85af677262)
audit kyber-current / gcc -Os	UNKNOWN STEP	2026-08-02T15:50:22.3371329Z Download action repository 'actions/setup-python@v5' (SHA:a26af69be951a213d495a4c3e4e4022e16d87065)
audit kyber-current / gcc -Os	UNKNOWN STEP	2026-08-02T15:50:22.4194212Z Download action repository 'actions/upload-artifact@v4' (SHA:ea165f8d65b6e75b540449e92b4886f43607fa02)
audit kyber-current / gcc -Os	UNKNOWN STEP	2026-08-02T15:50:22.6430495Z Complete job name: audit kyber-current / gcc -Os
audit kyber-current / gcc -Os	UNKNOWN STEP	2026-08-02T15:50:22.7223517Z Node 20 is being deprecated. This workflow is running with Node 24 by default. If you need to temporarily use Node 20, you can set the ACTIONS_ALLOW_USE_UNSECURE_NODE_VERSION=true environment variable. For more information see: https://github.blog/changelog/2025-09-19-deprecation-of-node-20-on-github-actions-runners/
audit kyber-current / gcc -Os	UNKNOWN STEP	2026-08-02T15:50:22.7232782Z ##[group]Run actions/checkout@v4
audit kyber-current / gcc -Os	UNKNOWN STEP	2026-08-02T15:50:22.7233528Z with:
audit kyber-current / gcc -Os	UNKNOWN STEP	2026-08-02T15:50:22.7233986Z   repository: Ace7111/kyberslash-evaluation
audit kyber-current / gcc -Os	UNKNOWN STEP	2026-08-02T15:50:22.7237599Z   token: ***
audit kyber-current / gcc -Os	UNKNOWN STEP	2026-08-02T15:50:22.7238019Z   ssh-strict: true
audit kyber-current / gcc -Os	UNKNOWN STEP	2026-08-02T15:50:22.7238437Z   ssh-user: git
audit kyber-current / gcc -Os	UNKNOWN STEP	2026-08-02T15:50:22.7238858Z   persist-credentials: true
audit kyber-current / gcc -Os	UNKNOWN STEP	2026-08-02T15:50:22.7239326Z   clean: true
audit kyber-current / gcc -Os	UNKNOWN STEP	2026-08-02T15:50:22.7240020Z   sparse-checkout-cone-mode: true
audit kyber-current / gcc -Os	UNKNOWN STEP	2026-08-02T15:50:22.7240527Z   fetch-depth: 1
audit kyber-current / gcc -Os	UNKNOWN STEP	2026-08-02T15:50:22.7240941Z   fetch-tags: false
audit kyber-current / gcc -Os	UNKNOWN STEP	2026-08-02T15:50:22.7241367Z   show-progress: true
audit kyber-current / gcc -Os	UNKNOWN STEP	2026-08-02T15:50:22.7241816Z   lfs: false
audit kyber-current / gcc -Os	UNKNOWN STEP	2026-08-02T15:50:22.7242236Z   submodules: false
audit kyber-current / gcc -Os	UNKNOWN STEP	2026-08-02T15:50:22.7242674Z   set-safe-directory: true
audit kyber-current / gcc -Os	UNKNOWN STEP	2026-08-02T15:50:22.7243170Z   allow-unsafe-pr-checkout: false
audit kyber-current / gcc -Os	UNKNOWN STEP	2026-08-02T15:50:22.7243997Z ##[endgroup]
audit kyber-current / gcc -Os	UNKNOWN STEP	2026-08-02T15:50:22.8265331Z Syncing repository: Ace7111/kyberslash-evaluation
audit kyber-current / gcc -Os	UNKNOWN STEP	2026-08-02T15:50:22.8267234Z ##[group]Getting Git version info
audit kyber-current / gcc -Os	UNKNOWN STEP	2026-08-02T15:50:22.8268098Z Working directory is '/home/runner/work/kyberslash-evaluation/kyberslash-evaluation'
audit kyber-current / gcc -Os	UNKNOWN STEP	2026-08-02T15:50:22.8269300Z [command]/usr/bin/git version
audit kyber-current / gcc -Os	UNKNOWN STEP	2026-08-02T15:50:22.8387109Z git version 2.54.0
audit kyber-current / gcc -Os	UNKNOWN STEP	2026-08-02T15:50:22.8411875Z ##[endgroup]
audit kyber-current / gcc -Os	UNKNOWN STEP	2026-08-02T15:50:22.8428107Z Temporarily overriding HOME='/home/runner/work/_temp/58f8d2de-cdf6-4953-accc-f5f30074c0de' before making global git config changes
audit kyber-current / gcc -Os	UNKNOWN STEP	2026-08-02T15:50:22.8431272Z Adding repository directory to the temporary git global config as a safe directory
audit kyber-current / gcc -Os	UNKNOWN STEP	2026-08-02T15:50:22.8436344Z [command]/usr/bin/git config --global --add safe.directory /home/runner/work/kyberslash-evaluation/kyberslash-evaluation
audit kyber-current / gcc -Os	UNKNOWN STEP	2026-08-02T15:50:22.8493418Z Deleting the contents of '/home/runner/work/kyberslash-evaluation/kyberslash-evaluation'
audit kyber-current / gcc -Os	UNKNOWN STEP	2026-08-02T15:50:22.8498151Z ##[group]Initializing the repository
audit kyber-current / gcc -Os	UNKNOWN STEP	2026-08-02T15:50:22.8505632Z [command]/usr/bin/git init /home/runner/work/kyberslash-evaluation/kyberslash-evaluation
audit kyber-current / gcc -Os	UNKNOWN STEP	2026-08-02T15:50:22.8626880Z hint: Using 'master' as the name for the initial branch. This default branch name
audit kyber-current / gcc -Os	UNKNOWN STEP	2026-08-02T15:50:22.8628581Z hint: will change to "main" in Git 3.0. To configure the initial branch name
audit kyber-current / gcc -Os	UNKNOWN STEP	2026-08-02T15:50:22.8630339Z hint: to use in all of your new repositories, which will suppress this warning,
audit kyber-current / gcc -Os	UNKNOWN STEP	2026-08-02T15:50:22.8631726Z hint: call:
audit kyber-current / gcc -Os	UNKNOWN STEP	2026-08-02T15:50:22.8632398Z hint:
audit kyber-current / gcc -Os	UNKNOWN STEP	2026-08-02T15:50:22.8633255Z hint: 	git config --global init.defaultBranch <name>
audit kyber-current / gcc -Os	UNKNOWN STEP	2026-08-02T15:50:22.8634262Z hint:
audit kyber-current / gcc -Os	UNKNOWN STEP	2026-08-02T15:50:22.8635316Z hint: Names commonly chosen instead of 'master' are 'main', 'trunk' and
audit kyber-current / gcc -Os	UNKNOWN STEP	2026-08-02T15:50:22.8636950Z hint: 'development'. The just-created branch can be renamed via this command:
audit kyber-current / gcc -Os	UNKNOWN STEP	2026-08-02T15:50:22.8638218Z hint:
audit kyber-current / gcc -Os	UNKNOWN STEP	2026-08-02T15:50:22.8638893Z hint: 	git branch -m <name>
audit kyber-current / gcc -Os	UNKNOWN STEP	2026-08-02T15:50:22.8639862Z hint:
audit kyber-current / gcc -Os	UNKNOWN STEP	2026-08-02T15:50:22.8640925Z hint: Disable this message with "git config set advice.defaultBranchName false"
audit kyber-current / gcc -Os	UNKNOWN STEP	2026-08-02T15:50:22.8642919Z Initialized empty Git repository in /home/runner/work/kyberslash-evaluation/kyberslash-evaluation/.git/
audit kyber-current / gcc -Os	UNKNOWN STEP	2026-08-02T15:50:22.8651560Z [command]/usr/bin/git remote add origin https://github.com/Ace7111/kyberslash-evaluation
audit kyber-current / gcc -Os	UNKNOWN STEP	2026-08-02T15:50:22.8708493Z ##[endgroup]
audit kyber-current / gcc -Os	UNKNOWN STEP	2026-08-02T15:50:22.8710175Z ##[group]Disabling automatic garbage collection
audit kyber-current / gcc -Os	UNKNOWN STEP	2026-08-02T15:50:22.8712743Z [command]/usr/bin/git config --local gc.auto 0
audit kyber-current / gcc -Os	UNKNOWN STEP	2026-08-02T15:50:22.8748607Z ##[endgroup]
audit kyber-current / gcc -Os	UNKNOWN STEP	2026-08-02T15:50:22.8761341Z ##[group]Setting up auth
audit kyber-current / gcc -Os	UNKNOWN STEP	2026-08-02T15:50:22.8763057Z [command]/usr/bin/git config --local --name-only --get-regexp core\.sshCommand
audit kyber-current / gcc -Os	UNKNOWN STEP	2026-08-02T15:50:22.8813193Z [command]/usr/bin/git submodule foreach --recursive sh -c "git config --local --name-only --get-regexp 'core\.sshCommand' && git config --local --unset-all 'core.sshCommand' || :"
audit kyber-current / gcc -Os	UNKNOWN STEP	2026-08-02T15:50:22.9237586Z [command]/usr/bin/git config --local --name-only --get-regexp http\.https\:\/\/github\.com\/\.extraheader
audit kyber-current / gcc -Os	UNKNOWN STEP	2026-08-02T15:50:22.9278936Z [command]/usr/bin/git submodule foreach --recursive sh -c "git config --local --name-only --get-regexp 'http\.https\:\/\/github\.com\/\.extraheader' && git config --local --unset-all 'http.https://github.com/.extraheader' || :"
audit kyber-current / gcc -Os	UNKNOWN STEP	2026-08-02T15:50:22.9513943Z [command]/usr/bin/git config --local --name-only --get-regexp ^includeIf\.gitdir:
audit kyber-current / gcc -Os	UNKNOWN STEP	2026-08-02T15:50:22.9551955Z [command]/usr/bin/git submodule foreach --recursive git config --local --show-origin --name-only --get-regexp remote.origin.url
audit kyber-current / gcc -Os	UNKNOWN STEP	2026-08-02T15:50:22.9784905Z [command]/usr/bin/git config --local http.https://github.com/.extraheader AUTHORIZATION: basic ***
audit kyber-current / gcc -Os	UNKNOWN STEP	2026-08-02T15:50:22.9826297Z ##[endgroup]
audit kyber-current / gcc -Os	UNKNOWN STEP	2026-08-02T15:50:22.9827207Z ##[group]Fetching the repository
audit kyber-current / gcc -Os	UNKNOWN STEP	2026-08-02T15:50:22.9837373Z [command]/usr/bin/git -c protocol.version=2 fetch --no-tags --prune --no-recurse-submodules --depth=1 origin +c36da0f41ae2be8e5a855b5edf63e5074665cffa:refs/remotes/origin/main
audit kyber-current / gcc -Os	UNKNOWN STEP	2026-08-02T15:50:23.5056835Z From https://github.com/Ace7111/kyberslash-evaluation
audit kyber-current / gcc -Os	UNKNOWN STEP	2026-08-02T15:50:23.5060211Z  * [new ref]         c36da0f41ae2be8e5a855b5edf63e5074665cffa -> origin/main
audit kyber-current / gcc -Os	UNKNOWN STEP	2026-08-02T15:50:23.5102993Z ##[endgroup]
audit kyber-current / gcc -Os	UNKNOWN STEP	2026-08-02T15:50:23.5104532Z ##[group]Determining the checkout info
audit kyber-current / gcc -Os	UNKNOWN STEP	2026-08-02T15:50:23.5106124Z ##[endgroup]
audit kyber-current / gcc -Os	UNKNOWN STEP	2026-08-02T15:50:23.5113594Z [command]/usr/bin/git sparse-checkout disable
audit kyber-current / gcc -Os	UNKNOWN STEP	2026-08-02T15:50:23.5178382Z [command]/usr/bin/git config --local --unset-all extensions.worktreeConfig
audit kyber-current / gcc -Os	UNKNOWN STEP	2026-08-02T15:50:23.5218180Z ##[group]Checking out the ref
audit kyber-current / gcc -Os	UNKNOWN STEP	2026-08-02T15:50:23.5223703Z [command]/usr/bin/git checkout --progress --force -B main refs/remotes/origin/main
audit kyber-current / gcc -Os	UNKNOWN STEP	2026-08-02T15:50:23.5399342Z Switched to a new branch 'main'
audit kyber-current / gcc -Os	UNKNOWN STEP	2026-08-02T15:50:23.5402375Z branch 'main' set up to track 'origin/main'.
audit kyber-current / gcc -Os	UNKNOWN STEP	2026-08-02T15:50:23.5408781Z ##[endgroup]
audit kyber-current / gcc -Os	UNKNOWN STEP	2026-08-02T15:50:23.5471919Z [command]/usr/bin/git log -1 --format=%H
audit kyber-current / gcc -Os	UNKNOWN STEP	2026-08-02T15:50:23.5506654Z c36da0f41ae2be8e5a855b5edf63e5074665cffa
audit kyber-current / gcc -Os	UNKNOWN STEP	2026-08-02T15:50:23.5941639Z Node 20 is being deprecated. This workflow is running with Node 24 by default. If you need to temporarily use Node 20, you can set the ACTIONS_ALLOW_USE_UNSECURE_NODE_VERSION=true environment variable. For more information see: https://github.blog/changelog/2025-09-19-deprecation-of-node-20-on-github-actions-runners/
audit kyber-current / gcc -Os	UNKNOWN STEP	2026-08-02T15:50:23.5947762Z ##[group]Run actions/setup-python@v5
audit kyber-current / gcc -Os	UNKNOWN STEP	2026-08-02T15:50:23.5948881Z with:
audit kyber-current / gcc -Os	UNKNOWN STEP	2026-08-02T15:50:23.5950156Z   python-version: 3.12
audit kyber-current / gcc -Os	UNKNOWN STEP	2026-08-02T15:50:23.5951133Z   check-latest: false
audit kyber-current / gcc -Os	UNKNOWN STEP	2026-08-02T15:50:23.5961023Z   token: ***
audit kyber-current / gcc -Os	UNKNOWN STEP	2026-08-02T15:50:23.5961903Z   update-environment: true
audit kyber-current / gcc -Os	UNKNOWN STEP	2026-08-02T15:50:23.5962937Z   allow-prereleases: false
audit kyber-current / gcc -Os	UNKNOWN STEP	2026-08-02T15:50:23.5963924Z   freethreaded: false
audit kyber-current / gcc -Os	UNKNOWN STEP	2026-08-02T15:50:23.5964810Z ##[endgroup]
audit kyber-current / gcc -Os	UNKNOWN STEP	2026-08-02T15:50:23.7440431Z ##[group]Installed versions
audit kyber-current / gcc -Os	UNKNOWN STEP	2026-08-02T15:50:23.7547895Z (node:2251) [DEP0040] DeprecationWarning: The `punycode` module is deprecated. Please use a userland alternative instead.
audit kyber-current / gcc -Os	UNKNOWN STEP	2026-08-02T15:50:23.7552858Z (Use `node --trace-deprecation ...` to show where the warning was created)
audit kyber-current / gcc -Os	UNKNOWN STEP	2026-08-02T15:50:23.7554913Z Successfully set up CPython (3.12.13)
audit kyber-current / gcc -Os	UNKNOWN STEP	2026-08-02T15:50:23.7556677Z ##[endgroup]
audit kyber-current / gcc -Os	UNKNOWN STEP	2026-08-02T15:50:23.7780879Z ##[group]Run git clone --quiet https://github.com/pq-crystals/kyber.git targets/pq-crystals-kyber
audit kyber-current / gcc -Os	UNKNOWN STEP	2026-08-02T15:50:23.7783747Z ^[[36;1mgit clone --quiet https://github.com/pq-crystals/kyber.git targets/pq-crystals-kyber^[[0m
audit kyber-current / gcc -Os	UNKNOWN STEP	2026-08-02T15:50:23.7931536Z shell: /usr/bin/bash -e {0}
audit kyber-current / gcc -Os	UNKNOWN STEP	2026-08-02T15:50:23.7933073Z env:
audit kyber-current / gcc -Os	UNKNOWN STEP	2026-08-02T15:50:23.7934125Z   pythonLocation: /opt/hostedtoolcache/Python/3.12.13/x64
audit kyber-current / gcc -Os	UNKNOWN STEP	2026-08-02T15:50:23.7935896Z   PKG_CONFIG_PATH: /opt/hostedtoolcache/Python/3.12.13/x64/lib/pkgconfig
audit kyber-current / gcc -Os	UNKNOWN STEP	2026-08-02T15:50:23.7937618Z   Python_ROOT_DIR: /opt/hostedtoolcache/Python/3.12.13/x64
audit kyber-current / gcc -Os	UNKNOWN STEP	2026-08-02T15:50:23.7939182Z   Python2_ROOT_DIR: /opt/hostedtoolcache/Python/3.12.13/x64
audit kyber-current / gcc -Os	UNKNOWN STEP	2026-08-02T15:50:23.7941081Z   Python3_ROOT_DIR: /opt/hostedtoolcache/Python/3.12.13/x64
audit kyber-current / gcc -Os	UNKNOWN STEP	2026-08-02T15:50:23.7943107Z   LD_LIBRARY_PATH: /opt/hostedtoolcache/Python/3.12.13/x64/lib
audit kyber-current / gcc -Os	UNKNOWN STEP	2026-08-02T15:50:23.7944440Z ##[endgroup]
audit kyber-current / gcc -Os	UNKNOWN STEP	2026-08-02T15:50:24.4486489Z ##[group]Run gcc --version
audit kyber-current / gcc -Os	UNKNOWN STEP	2026-08-02T15:50:24.4487094Z ^[[36;1mgcc --version^[[0m
audit kyber-current / gcc -Os	UNKNOWN STEP	2026-08-02T15:50:24.4487611Z ^[[36;1mobjdump --version | head -1^[[0m
audit kyber-current / gcc -Os	UNKNOWN STEP	2026-08-02T15:50:24.4488158Z ^[[36;1muname -m^[[0m
audit kyber-current / gcc -Os	UNKNOWN STEP	2026-08-02T15:50:24.4535587Z shell: /usr/bin/bash -e {0}
audit kyber-current / gcc -Os	UNKNOWN STEP	2026-08-02T15:50:24.4536131Z env:
audit kyber-current / gcc -Os	UNKNOWN STEP	2026-08-02T15:50:24.4536683Z   pythonLocation: /opt/hostedtoolcache/Python/3.12.13/x64
audit kyber-current / gcc -Os	UNKNOWN STEP	2026-08-02T15:50:24.4537445Z   PKG_CONFIG_PATH: /opt/hostedtoolcache/Python/3.12.13/x64/lib/pkgconfig
audit kyber-current / gcc -Os	UNKNOWN STEP	2026-08-02T15:50:24.4538229Z   Python_ROOT_DIR: /opt/hostedtoolcache/Python/3.12.13/x64
audit kyber-current / gcc -Os	UNKNOWN STEP	2026-08-02T15:50:24.4538907Z   Python2_ROOT_DIR: /opt/hostedtoolcache/Python/3.12.13/x64
audit kyber-current / gcc -Os	UNKNOWN STEP	2026-08-02T15:50:24.4539867Z   Python3_ROOT_DIR: /opt/hostedtoolcache/Python/3.12.13/x64
audit kyber-current / gcc -Os	UNKNOWN STEP	2026-08-02T15:50:24.4540565Z   LD_LIBRARY_PATH: /opt/hostedtoolcache/Python/3.12.13/x64/lib
audit kyber-current / gcc -Os	UNKNOWN STEP	2026-08-02T15:50:24.4541142Z ##[endgroup]
audit kyber-current / gcc -Os	UNKNOWN STEP	2026-08-02T15:50:24.4696497Z gcc (Ubuntu 13.3.0-6ubuntu2~24.04.1) 13.3.0
audit kyber-current / gcc -Os	UNKNOWN STEP	2026-08-02T15:50:24.4697587Z Copyright (C) 2023 Free Software Foundation, Inc.
audit kyber-current / gcc -Os	UNKNOWN STEP	2026-08-02T15:50:24.4698542Z This is free software; see the source for copying conditions.  There is NO
audit kyber-current / gcc -Os	UNKNOWN STEP	2026-08-02T15:50:24.4699880Z warranty; not even for MERCHANTABILITY or FITNESS FOR A PARTICULAR PURPOSE.
audit kyber-current / gcc -Os	UNKNOWN STEP	2026-08-02T15:50:24.4700506Z 
audit kyber-current / gcc -Os	UNKNOWN STEP	2026-08-02T15:50:24.5254995Z GNU objdump (GNU Binutils for Ubuntu) 2.42
audit kyber-current / gcc -Os	UNKNOWN STEP	2026-08-02T15:50:24.5268010Z x86_64
audit kyber-current / gcc -Os	UNKNOWN STEP	2026-08-02T15:50:24.5314626Z ##[group]Run # NOTE the "=" on --opt-levels. Without it argparse reads a value like
audit kyber-current / gcc -Os	UNKNOWN STEP	2026-08-02T15:50:24.5315496Z ^[[36;1m# NOTE the "=" on --opt-levels. Without it argparse reads a value like^[[0m
audit kyber-current / gcc -Os	UNKNOWN STEP	2026-08-02T15:50:24.5316251Z ^[[36;1m# "-Os" as a flag and the run fails with "expected at least one argument".^[[0m
audit kyber-current / gcc -Os	UNKNOWN STEP	2026-08-02T15:50:24.5317084Z ^[[36;1mpython3 scripts/build_matrix.py \^[[0m
audit kyber-current / gcc -Os	UNKNOWN STEP	2026-08-02T15:50:24.5317597Z ^[[36;1m  --targets kyber-current \^[[0m
audit kyber-current / gcc -Os	UNKNOWN STEP	2026-08-02T15:50:24.5318063Z ^[[36;1m  --compilers gcc \^[[0m
audit kyber-current / gcc -Os	UNKNOWN STEP	2026-08-02T15:50:24.5318507Z ^[[36;1m  --opt-levels='-Os' \^[[0m
audit kyber-current / gcc -Os	UNKNOWN STEP	2026-08-02T15:50:24.5318952Z ^[[36;1m  --out audit.json^[[0m
audit kyber-current / gcc -Os	UNKNOWN STEP	2026-08-02T15:50:24.5366593Z shell: /usr/bin/bash -e {0}
audit kyber-current / gcc -Os	UNKNOWN STEP	2026-08-02T15:50:24.5367045Z env:
audit kyber-current / gcc -Os	UNKNOWN STEP	2026-08-02T15:50:24.5367506Z   pythonLocation: /opt/hostedtoolcache/Python/3.12.13/x64
audit kyber-current / gcc -Os	UNKNOWN STEP	2026-08-02T15:50:24.5368173Z   PKG_CONFIG_PATH: /opt/hostedtoolcache/Python/3.12.13/x64/lib/pkgconfig
audit kyber-current / gcc -Os	UNKNOWN STEP	2026-08-02T15:50:24.5368898Z   Python_ROOT_DIR: /opt/hostedtoolcache/Python/3.12.13/x64
audit kyber-current / gcc -Os	UNKNOWN STEP	2026-08-02T15:50:24.5369686Z   Python2_ROOT_DIR: /opt/hostedtoolcache/Python/3.12.13/x64
audit kyber-current / gcc -Os	UNKNOWN STEP	2026-08-02T15:50:24.5370542Z   Python3_ROOT_DIR: /opt/hostedtoolcache/Python/3.12.13/x64
audit kyber-current / gcc -Os	UNKNOWN STEP	2026-08-02T15:50:24.5371173Z   LD_LIBRARY_PATH: /opt/hostedtoolcache/Python/3.12.13/x64/lib
audit kyber-current / gcc -Os	UNKNOWN STEP	2026-08-02T15:50:24.5371710Z ##[endgroup]
audit kyber-current / gcc -Os	UNKNOWN STEP	2026-08-02T15:50:26.1314530Z [NO_SECRET_DEPENDENT_DIV ] kyber-current_gcc_Os_768  secret_div=0 total_div=3
audit kyber-current / gcc -Os	UNKNOWN STEP	2026-08-02T15:50:26.1315268Z 
audit kyber-current / gcc -Os	UNKNOWN STEP	2026-08-02T15:50:26.1315434Z Wrote 1 cells to audit.json
audit kyber-current / gcc -Os	UNKNOWN STEP	2026-08-02T15:50:26.1441367Z ##[group]Run python3 - <<'PY'
audit kyber-current / gcc -Os	UNKNOWN STEP	2026-08-02T15:50:26.1441727Z ^[[36;1mpython3 - <<'PY'^[[0m
audit kyber-current / gcc -Os	UNKNOWN STEP	2026-08-02T15:50:26.1441969Z ^[[36;1mimport json, sys^[[0m
audit kyber-current / gcc -Os	UNKNOWN STEP	2026-08-02T15:50:26.1442242Z ^[[36;1mrows = json.load(open("audit.json"))^[[0m
audit kyber-current / gcc -Os	UNKNOWN STEP	2026-08-02T15:50:26.1442535Z ^[[36;1m^[[0m
audit kyber-current / gcc -Os	UNKNOWN STEP	2026-08-02T15:50:26.1442799Z ^[[36;1mgated = [r for r in rows if r.get("gate_failed_at")]^[[0m
audit kyber-current / gcc -Os	UNKNOWN STEP	2026-08-02T15:50:26.1443135Z ^[[36;1mfor r in gated:^[[0m
audit kyber-current / gcc -Os	UNKNOWN STEP	2026-08-02T15:50:26.1443436Z ^[[36;1m    print(f"::warning::{r['experiment_id']} failed at "^[[0m
audit kyber-current / gcc -Os	UNKNOWN STEP	2026-08-02T15:50:26.1443857Z ^[[36;1m          f"{r['gate_failed_at']} - no security verdict produced")^[[0m
audit kyber-current / gcc -Os	UNKNOWN STEP	2026-08-02T15:50:26.1444215Z ^[[36;1m^[[0m
audit kyber-current / gcc -Os	UNKNOWN STEP	2026-08-02T15:50:26.1444510Z ^[[36;1mvulnerable = [r for r in rows if r.get("verdict") == "VULNERABLE"]^[[0m
audit kyber-current / gcc -Os	UNKNOWN STEP	2026-08-02T15:50:26.1444900Z ^[[36;1mfor r in vulnerable:^[[0m
audit kyber-current / gcc -Os	UNKNOWN STEP	2026-08-02T15:50:26.1445346Z ^[[36;1m    fns = ", ".join(r.get("vulnerable_functions", []))^[[0m
audit kyber-current / gcc -Os	UNKNOWN STEP	2026-08-02T15:50:26.1445945Z ^[[36;1m    variants = ", ".join(r.get("kyberslash_variants", []))^[[0m
audit kyber-current / gcc -Os	UNKNOWN STEP	2026-08-02T15:50:26.1446409Z ^[[36;1m    print(f"::error::{r['experiment_id']}: secret-dependent division in "^[[0m
audit kyber-current / gcc -Os	UNKNOWN STEP	2026-08-02T15:50:26.1446822Z ^[[36;1m          f"{fns} ({variants})")^[[0m
audit kyber-current / gcc -Os	UNKNOWN STEP	2026-08-02T15:50:26.1447084Z ^[[36;1m^[[0m
audit kyber-current / gcc -Os	UNKNOWN STEP	2026-08-02T15:50:26.1447271Z ^[[36;1mif vulnerable:^[[0m
audit kyber-current / gcc -Os	UNKNOWN STEP	2026-08-02T15:50:26.1447499Z ^[[36;1m    sys.exit(1)^[[0m
audit kyber-current / gcc -Os	UNKNOWN STEP	2026-08-02T15:50:26.1447710Z ^[[36;1m^[[0m
audit kyber-current / gcc -Os	UNKNOWN STEP	2026-08-02T15:50:26.1447981Z ^[[36;1maudited = [r for r in rows if not r.get("gate_failed_at")]^[[0m
audit kyber-current / gcc -Os	UNKNOWN STEP	2026-08-02T15:50:26.1448326Z ^[[36;1mif not audited:^[[0m
audit kyber-current / gcc -Os	UNKNOWN STEP	2026-08-02T15:50:26.1448701Z ^[[36;1m    print("::error::no cell produced a verdict - nothing was actually audited")^[[0m
audit kyber-current / gcc -Os	UNKNOWN STEP	2026-08-02T15:50:26.1449108Z ^[[36;1m    sys.exit(1)^[[0m
audit kyber-current / gcc -Os	UNKNOWN STEP	2026-08-02T15:50:26.1449320Z ^[[36;1m^[[0m
audit kyber-current / gcc -Os	UNKNOWN STEP	2026-08-02T15:50:26.1449866Z ^[[36;1m# Incidental divisions are expected and must not fail the build. Reporting^[[0m
audit kyber-current / gcc -Os	UNKNOWN STEP	2026-08-02T15:50:26.1450451Z ^[[36;1m# them keeps the distinction visible: a correctly patched binary still^[[0m
audit kyber-current / gcc -Os	UNKNOWN STEP	2026-08-02T15:50:26.1450990Z ^[[36;1m# contains divisions in Keccak and rejection sampling, and a check that^[[0m
audit kyber-current / gcc -Os	UNKNOWN STEP	2026-08-02T15:50:26.1451496Z ^[[36;1m# merely grepped for a division mnemonic would reject it.^[[0m
audit kyber-current / gcc -Os	UNKNOWN STEP	2026-08-02T15:50:26.1451859Z ^[[36;1mfor r in audited:^[[0m
audit kyber-current / gcc -Os	UNKNOWN STEP	2026-08-02T15:50:26.1452130Z ^[[36;1m    print(f"{r['experiment_id']}: clean "^[[0m
audit kyber-current / gcc -Os	UNKNOWN STEP	2026-08-02T15:50:26.1452506Z ^[[36;1m          f"({r.get('total_divisions', 0)} incidental division(s))")^[[0m
audit kyber-current / gcc -Os	UNKNOWN STEP	2026-08-02T15:50:26.1452850Z ^[[36;1mPY^[[0m
audit kyber-current / gcc -Os	UNKNOWN STEP	2026-08-02T15:50:26.1499899Z shell: /usr/bin/bash -e {0}
audit kyber-current / gcc -Os	UNKNOWN STEP	2026-08-02T15:50:26.1500167Z env:
audit kyber-current / gcc -Os	UNKNOWN STEP	2026-08-02T15:50:26.1500445Z   pythonLocation: /opt/hostedtoolcache/Python/3.12.13/x64
audit kyber-current / gcc -Os	UNKNOWN STEP	2026-08-02T15:50:26.1500948Z   PKG_CONFIG_PATH: /opt/hostedtoolcache/Python/3.12.13/x64/lib/pkgconfig
audit kyber-current / gcc -Os	UNKNOWN STEP	2026-08-02T15:50:26.1501411Z   Python_ROOT_DIR: /opt/hostedtoolcache/Python/3.12.13/x64
audit kyber-current / gcc -Os	UNKNOWN STEP	2026-08-02T15:50:26.1502043Z   Python2_ROOT_DIR: /opt/hostedtoolcache/Python/3.12.13/x64
audit kyber-current / gcc -Os	UNKNOWN STEP	2026-08-02T15:50:26.1502460Z   Python3_ROOT_DIR: /opt/hostedtoolcache/Python/3.12.13/x64
audit kyber-current / gcc -Os	UNKNOWN STEP	2026-08-02T15:50:26.1502873Z   LD_LIBRARY_PATH: /opt/hostedtoolcache/Python/3.12.13/x64/lib
audit kyber-current / gcc -Os	UNKNOWN STEP	2026-08-02T15:50:26.1503207Z ##[endgroup]
audit kyber-current / gcc -Os	UNKNOWN STEP	2026-08-02T15:50:26.1767714Z EXP-kyber-current_gcc_Os_768: clean (3 incidental division(s))
audit kyber-current / gcc -Os	UNKNOWN STEP	2026-08-02T15:50:26.1870005Z Node 20 is being deprecated. This workflow is running with Node 24 by default. If you need to temporarily use Node 20, you can set the ACTIONS_ALLOW_USE_UNSECURE_NODE_VERSION=true environment variable. For more information see: https://github.blog/changelog/2025-09-19-deprecation-of-node-20-on-github-actions-runners/
audit kyber-current / gcc -Os	UNKNOWN STEP	2026-08-02T15:50:26.1871350Z ##[group]Run actions/upload-artifact@v4
audit kyber-current / gcc -Os	UNKNOWN STEP	2026-08-02T15:50:26.1871634Z with:
audit kyber-current / gcc -Os	UNKNOWN STEP	2026-08-02T15:50:26.1871899Z   name: audit-kyber-current-gcc--Os
audit kyber-current / gcc -Os	UNKNOWN STEP	2026-08-02T15:50:26.1872167Z   path: audit.json
audit kyber-current / gcc -Os	UNKNOWN STEP	2026-08-02T15:50:26.1872393Z   if-no-files-found: warn
audit kyber-current / gcc -Os	UNKNOWN STEP	2026-08-02T15:50:26.1872646Z   compression-level: 6
audit kyber-current / gcc -Os	UNKNOWN STEP	2026-08-02T15:50:26.1872870Z   overwrite: false
audit kyber-current / gcc -Os	UNKNOWN STEP	2026-08-02T15:50:26.1873086Z   include-hidden-files: false
audit kyber-current / gcc -Os	UNKNOWN STEP	2026-08-02T15:50:26.1873331Z env:
audit kyber-current / gcc -Os	UNKNOWN STEP	2026-08-02T15:50:26.1873584Z   pythonLocation: /opt/hostedtoolcache/Python/3.12.13/x64
audit kyber-current / gcc -Os	UNKNOWN STEP	2026-08-02T15:50:26.1874021Z   PKG_CONFIG_PATH: /opt/hostedtoolcache/Python/3.12.13/x64/lib/pkgconfig
audit kyber-current / gcc -Os	UNKNOWN STEP	2026-08-02T15:50:26.1874481Z   Python_ROOT_DIR: /opt/hostedtoolcache/Python/3.12.13/x64
audit kyber-current / gcc -Os	UNKNOWN STEP	2026-08-02T15:50:26.1874868Z   Python2_ROOT_DIR: /opt/hostedtoolcache/Python/3.12.13/x64
audit kyber-current / gcc -Os	UNKNOWN STEP	2026-08-02T15:50:26.1875250Z   Python3_ROOT_DIR: /opt/hostedtoolcache/Python/3.12.13/x64
audit kyber-current / gcc -Os	UNKNOWN STEP	2026-08-02T15:50:26.1875638Z   LD_LIBRARY_PATH: /opt/hostedtoolcache/Python/3.12.13/x64/lib
audit kyber-current / gcc -Os	UNKNOWN STEP	2026-08-02T15:50:26.1875976Z ##[endgroup]
audit kyber-current / gcc -Os	UNKNOWN STEP	2026-08-02T15:50:26.3547707Z (node:2315) [DEP0040] DeprecationWarning: The `punycode` module is deprecated. Please use a userland alternative instead.
audit kyber-current / gcc -Os	UNKNOWN STEP	2026-08-02T15:50:26.3548823Z (Use `node --trace-deprecation ...` to show where the warning was created)
audit kyber-current / gcc -Os	UNKNOWN STEP	2026-08-02T15:50:26.3629798Z With the provided path, there will be 1 file uploaded
audit kyber-current / gcc -Os	UNKNOWN STEP	2026-08-02T15:50:26.3650229Z Artifact name is valid!
audit kyber-current / gcc -Os	UNKNOWN STEP	2026-08-02T15:50:26.3650748Z Root directory input is valid!
audit kyber-current / gcc -Os	UNKNOWN STEP	2026-08-02T15:50:26.6854505Z Beginning upload of artifact content to blob storage
audit kyber-current / gcc -Os	UNKNOWN STEP	2026-08-02T15:50:26.7061379Z (node:2315) [DEP0169] DeprecationWarning: `url.parse()` behavior is not standardized and prone to errors that have security implications. Use the WHATWG URL API instead. CVEs are not issued for `url.parse()` vulnerabilities.
audit kyber-current / gcc -Os	UNKNOWN STEP	2026-08-02T15:50:26.9788733Z Uploaded bytes 713
audit kyber-current / gcc -Os	UNKNOWN STEP	2026-08-02T15:50:27.0557326Z Finished uploading artifact content to blob storage!
audit kyber-current / gcc -Os	UNKNOWN STEP	2026-08-02T15:50:27.0559062Z SHA256 digest of uploaded artifact zip is c1edad9bf49f5df0166d6abd5d4bb09ec7f6ce42b264e34ecd9730702b1e3b45
audit kyber-current / gcc -Os	UNKNOWN STEP	2026-08-02T15:50:27.0560925Z Finalizing artifact upload
audit kyber-current / gcc -Os	UNKNOWN STEP	2026-08-02T15:50:27.2678989Z Artifact audit-kyber-current-gcc--Os.zip successfully finalized. Artifact ID 8835714862
audit kyber-current / gcc -Os	UNKNOWN STEP	2026-08-02T15:50:27.2681109Z Artifact audit-kyber-current-gcc--Os has been successfully uploaded! Final size is 713 bytes. Artifact ID is 8835714862
audit kyber-current / gcc -Os	UNKNOWN STEP	2026-08-02T15:50:27.2688032Z Artifact download URL: https://github.com/Ace7111/kyberslash-evaluation/actions/runs/30755244934/artifacts/8835714862
audit kyber-current / gcc -Os	UNKNOWN STEP	2026-08-02T15:50:27.2881383Z Node 20 is being deprecated. This workflow is running with Node 24 by default. If you need to temporarily use Node 20, you can set the ACTIONS_ALLOW_USE_UNSECURE_NODE_VERSION=true environment variable. For more information see: https://github.blog/changelog/2025-09-19-deprecation-of-node-20-on-github-actions-runners/
audit kyber-current / gcc -Os	UNKNOWN STEP	2026-08-02T15:50:27.2882673Z Post job cleanup.
audit kyber-current / gcc -Os	UNKNOWN STEP	2026-08-02T15:50:27.4079146Z (node:2327) [DEP0040] DeprecationWarning: The `punycode` module is deprecated. Please use a userland alternative instead.
audit kyber-current / gcc -Os	UNKNOWN STEP	2026-08-02T15:50:27.4190460Z (Use `node --trace-deprecation ...` to show where the warning was created)
audit kyber-current / gcc -Os	UNKNOWN STEP	2026-08-02T15:50:27.4301399Z Node 20 is being deprecated. This workflow is running with Node 24 by default. If you need to temporarily use Node 20, you can set the ACTIONS_ALLOW_USE_UNSECURE_NODE_VERSION=true environment variable. For more information see: https://github.blog/changelog/2025-09-19-deprecation-of-node-20-on-github-actions-runners/
audit kyber-current / gcc -Os	UNKNOWN STEP	2026-08-02T15:50:27.4303786Z Post job cleanup.
audit kyber-current / gcc -Os	UNKNOWN STEP	2026-08-02T15:50:27.5271501Z [command]/usr/bin/git version
audit kyber-current / gcc -Os	UNKNOWN STEP	2026-08-02T15:50:27.5320697Z git version 2.54.0
audit kyber-current / gcc -Os	UNKNOWN STEP	2026-08-02T15:50:27.5361723Z Temporarily overriding HOME='/home/runner/work/_temp/d1742554-be61-406a-b553-c4da91ac79a4' before making global git config changes
audit kyber-current / gcc -Os	UNKNOWN STEP	2026-08-02T15:50:27.5363496Z Adding repository directory to the temporary git global config as a safe directory
audit kyber-current / gcc -Os	UNKNOWN STEP	2026-08-02T15:50:27.5371492Z [command]/usr/bin/git config --global --add safe.directory /home/runner/work/kyberslash-evaluation/kyberslash-evaluation
audit kyber-current / gcc -Os	UNKNOWN STEP	2026-08-02T15:50:27.5420207Z [command]/usr/bin/git config --local --name-only --get-regexp core\.sshCommand
audit kyber-current / gcc -Os	UNKNOWN STEP	2026-08-02T15:50:27.5463260Z [command]/usr/bin/git submodule foreach --recursive sh -c "git config --local --name-only --get-regexp 'core\.sshCommand' && git config --local --unset-all 'core.sshCommand' || :"
audit kyber-current / gcc -Os	UNKNOWN STEP	2026-08-02T15:50:27.5773163Z [command]/usr/bin/git config --local --name-only --get-regexp http\.https\:\/\/github\.com\/\.extraheader
audit kyber-current / gcc -Os	UNKNOWN STEP	2026-08-02T15:50:27.5832976Z http.https://github.com/.extraheader
audit kyber-current / gcc -Os	UNKNOWN STEP	2026-08-02T15:50:27.5848651Z [command]/usr/bin/git config --local --unset-all http.https://github.com/.extraheader
audit kyber-current / gcc -Os	UNKNOWN STEP	2026-08-02T15:50:27.5901662Z [command]/usr/bin/git submodule foreach --recursive sh -c "git config --local --name-only --get-regexp 'http\.https\:\/\/github\.com\/\.extraheader' && git config --local --unset-all 'http.https://github.com/.extraheader' || :"
audit kyber-current / gcc -Os	UNKNOWN STEP	2026-08-02T15:50:27.6234058Z [command]/usr/bin/git config --local --name-only --get-regexp ^includeIf\.gitdir:
audit kyber-current / gcc -Os	UNKNOWN STEP	2026-08-02T15:50:27.6280964Z [command]/usr/bin/git submodule foreach --recursive git config --local --show-origin --name-only --get-regexp remote.origin.url
audit kyber-current / gcc -Os	UNKNOWN STEP	2026-08-02T15:50:27.6702953Z Cleaning up orphan processes
audit kyber-current / gcc -Os	UNKNOWN STEP	2026-08-02T15:50:27.7017421Z ##[warning]Node.js 20 is deprecated. The following actions target Node.js 20 but are being forced to run on Node.js 24: actions/checkout@v4, actions/setup-python@v5, actions/upload-artifact@v4. For more information see: https://github.blog/changelog/2025-09-19-deprecation-of-node-20-on-github-actions-runners/
audit kyber-patched / clang -Os	UNKNOWN STEP	﻿2026-08-02T15:50:20.5223324Z Current runner version: '2.336.0'
audit kyber-patched / clang -Os	UNKNOWN STEP	2026-08-02T15:50:20.5259101Z ##[group]Runner Image Provisioner
audit kyber-patched / clang -Os	UNKNOWN STEP	2026-08-02T15:50:20.5260306Z Hosted Compute Agent
audit kyber-patched / clang -Os	UNKNOWN STEP	2026-08-02T15:50:20.5261517Z Version: 20260707.563
audit kyber-patched / clang -Os	UNKNOWN STEP	2026-08-02T15:50:20.5262487Z Commit: 02667638d2b423fbc733a8e32a88b44996a3ba6e
audit kyber-patched / clang -Os	UNKNOWN STEP	2026-08-02T15:50:20.5263557Z Build Date: 2026-07-07T19:33:50Z
audit kyber-patched / clang -Os	UNKNOWN STEP	2026-08-02T15:50:20.5264827Z Worker ID: {0fae7b4b-c761-48ad-a042-e7752722e69a}
audit kyber-patched / clang -Os	UNKNOWN STEP	2026-08-02T15:50:20.5265881Z Azure Region: eastus2
audit kyber-patched / clang -Os	UNKNOWN STEP	2026-08-02T15:50:20.5266878Z ##[endgroup]
audit kyber-patched / clang -Os	UNKNOWN STEP	2026-08-02T15:50:20.5268917Z ##[group]Operating System
audit kyber-patched / clang -Os	UNKNOWN STEP	2026-08-02T15:50:20.5270048Z Ubuntu
audit kyber-patched / clang -Os	UNKNOWN STEP	2026-08-02T15:50:20.5270798Z 24.04.4
audit kyber-patched / clang -Os	UNKNOWN STEP	2026-08-02T15:50:20.5272001Z LTS
audit kyber-patched / clang -Os	UNKNOWN STEP	2026-08-02T15:50:20.5272825Z ##[endgroup]
audit kyber-patched / clang -Os	UNKNOWN STEP	2026-08-02T15:50:20.5273668Z ##[group]Runner Image
audit kyber-patched / clang -Os	UNKNOWN STEP	2026-08-02T15:50:20.5275261Z Image: ubuntu-24.04
audit kyber-patched / clang -Os	UNKNOWN STEP	2026-08-02T15:50:20.5276454Z Version: 20260720.247.2
audit kyber-patched / clang -Os	UNKNOWN STEP	2026-08-02T15:50:20.5278413Z Included Software: https://github.com/actions/runner-images/blob/ubuntu24/20260720.247/images/ubuntu/Ubuntu2404-Readme.md
audit kyber-patched / clang -Os	UNKNOWN STEP	2026-08-02T15:50:20.5281066Z Image Release: https://github.com/actions/runner-images/releases/tag/ubuntu24%2F20260720.247
audit kyber-patched / clang -Os	UNKNOWN STEP	2026-08-02T15:50:20.5282902Z ##[endgroup]
audit kyber-patched / clang -Os	UNKNOWN STEP	2026-08-02T15:50:20.5284797Z ##[group]GITHUB_TOKEN Permissions
audit kyber-patched / clang -Os	UNKNOWN STEP	2026-08-02T15:50:20.5287776Z Contents: read
audit kyber-patched / clang -Os	UNKNOWN STEP	2026-08-02T15:50:20.5288668Z Metadata: read
audit kyber-patched / clang -Os	UNKNOWN STEP	2026-08-02T15:50:20.5289503Z Packages: read
audit kyber-patched / clang -Os	UNKNOWN STEP	2026-08-02T15:50:20.5290429Z ##[endgroup]
audit kyber-patched / clang -Os	UNKNOWN STEP	2026-08-02T15:50:20.5293601Z Secret source: Actions
audit kyber-patched / clang -Os	UNKNOWN STEP	2026-08-02T15:50:20.5295183Z Prepare workflow directory
audit kyber-patched / clang -Os	UNKNOWN STEP	2026-08-02T15:50:20.5745715Z Prepare all required actions
audit kyber-patched / clang -Os	UNKNOWN STEP	2026-08-02T15:50:20.5813463Z Getting action download info
audit kyber-patched / clang -Os	UNKNOWN STEP	2026-08-02T15:50:20.7915507Z Download action repository 'actions/checkout@v4' (SHA:11d5960a326750d5838078e36cf38b85af677262)
audit kyber-patched / clang -Os	UNKNOWN STEP	2026-08-02T15:50:21.0743122Z Download action repository 'actions/setup-python@v5' (SHA:a26af69be951a213d495a4c3e4e4022e16d87065)
audit kyber-patched / clang -Os	UNKNOWN STEP	2026-08-02T15:50:21.1918607Z Download action repository 'actions/upload-artifact@v4' (SHA:ea165f8d65b6e75b540449e92b4886f43607fa02)
audit kyber-patched / clang -Os	UNKNOWN STEP	2026-08-02T15:50:21.5148856Z Complete job name: audit kyber-patched / clang -Os
audit kyber-patched / clang -Os	UNKNOWN STEP	2026-08-02T15:50:21.5931414Z Node 20 is being deprecated. This workflow is running with Node 24 by default. If you need to temporarily use Node 20, you can set the ACTIONS_ALLOW_USE_UNSECURE_NODE_VERSION=true environment variable. For more information see: https://github.blog/changelog/2025-09-19-deprecation-of-node-20-on-github-actions-runners/
audit kyber-patched / clang -Os	UNKNOWN STEP	2026-08-02T15:50:21.5940227Z ##[group]Run actions/checkout@v4
audit kyber-patched / clang -Os	UNKNOWN STEP	2026-08-02T15:50:21.5940936Z with:
audit kyber-patched / clang -Os	UNKNOWN STEP	2026-08-02T15:50:21.5941666Z   repository: Ace7111/kyberslash-evaluation
audit kyber-patched / clang -Os	UNKNOWN STEP	2026-08-02T15:50:21.5945922Z   token: ***
audit kyber-patched / clang -Os	UNKNOWN STEP	2026-08-02T15:50:21.5946358Z   ssh-strict: true
audit kyber-patched / clang -Os	UNKNOWN STEP	2026-08-02T15:50:21.5946799Z   ssh-user: git
audit kyber-patched / clang -Os	UNKNOWN STEP	2026-08-02T15:50:21.5947237Z   persist-credentials: true
audit kyber-patched / clang -Os	UNKNOWN STEP	2026-08-02T15:50:21.5947712Z   clean: true
audit kyber-patched / clang -Os	UNKNOWN STEP	2026-08-02T15:50:21.5948142Z   sparse-checkout-cone-mode: true
audit kyber-patched / clang -Os	UNKNOWN STEP	2026-08-02T15:50:21.5948648Z   fetch-depth: 1
audit kyber-patched / clang -Os	UNKNOWN STEP	2026-08-02T15:50:21.5949070Z   fetch-tags: false
audit kyber-patched / clang -Os	UNKNOWN STEP	2026-08-02T15:50:21.5949504Z   show-progress: true
audit kyber-patched / clang -Os	UNKNOWN STEP	2026-08-02T15:50:21.5949980Z   lfs: false
audit kyber-patched / clang -Os	UNKNOWN STEP	2026-08-02T15:50:21.5950554Z   submodules: false
audit kyber-patched / clang -Os	UNKNOWN STEP	2026-08-02T15:50:21.5951010Z   set-safe-directory: true
audit kyber-patched / clang -Os	UNKNOWN STEP	2026-08-02T15:50:21.5951673Z   allow-unsafe-pr-checkout: false
audit kyber-patched / clang -Os	UNKNOWN STEP	2026-08-02T15:50:21.5952470Z ##[endgroup]
audit kyber-patched / clang -Os	UNKNOWN STEP	2026-08-02T15:50:21.7003658Z Syncing repository: Ace7111/kyberslash-evaluation
audit kyber-patched / clang -Os	UNKNOWN STEP	2026-08-02T15:50:21.7005990Z ##[group]Getting Git version info
audit kyber-patched / clang -Os	UNKNOWN STEP	2026-08-02T15:50:21.7006897Z Working directory is '/home/runner/work/kyberslash-evaluation/kyberslash-evaluation'
audit kyber-patched / clang -Os	UNKNOWN STEP	2026-08-02T15:50:21.7008151Z [command]/usr/bin/git version
audit kyber-patched / clang -Os	UNKNOWN STEP	2026-08-02T15:50:21.7104120Z git version 2.54.0
audit kyber-patched / clang -Os	UNKNOWN STEP	2026-08-02T15:50:21.7137514Z ##[endgroup]
audit kyber-patched / clang -Os	UNKNOWN STEP	2026-08-02T15:50:21.7172815Z Temporarily overriding HOME='/home/runner/work/_temp/ba9c8a90-35e8-4a4a-b406-c987459a6748' before making global git config changes
audit kyber-patched / clang -Os	UNKNOWN STEP	2026-08-02T15:50:21.7175174Z Adding repository directory to the temporary git global config as a safe directory
audit kyber-patched / clang -Os	UNKNOWN STEP	2026-08-02T15:50:21.7177420Z [command]/usr/bin/git config --global --add safe.directory /home/runner/work/kyberslash-evaluation/kyberslash-evaluation
audit kyber-patched / clang -Os	UNKNOWN STEP	2026-08-02T15:50:21.7232484Z Deleting the contents of '/home/runner/work/kyberslash-evaluation/kyberslash-evaluation'
audit kyber-patched / clang -Os	UNKNOWN STEP	2026-08-02T15:50:21.7237489Z ##[group]Initializing the repository
audit kyber-patched / clang -Os	UNKNOWN STEP	2026-08-02T15:50:21.7243476Z [command]/usr/bin/git init /home/runner/work/kyberslash-evaluation/kyberslash-evaluation
audit kyber-patched / clang -Os	UNKNOWN STEP	2026-08-02T15:50:21.7349441Z hint: Using 'master' as the name for the initial branch. This default branch name
audit kyber-patched / clang -Os	UNKNOWN STEP	2026-08-02T15:50:21.7350906Z hint: will change to "main" in Git 3.0. To configure the initial branch name
audit kyber-patched / clang -Os	UNKNOWN STEP	2026-08-02T15:50:21.7352698Z hint: to use in all of your new repositories, which will suppress this warning,
audit kyber-patched / clang -Os	UNKNOWN STEP	2026-08-02T15:50:21.7353846Z hint: call:
audit kyber-patched / clang -Os	UNKNOWN STEP	2026-08-02T15:50:21.7354441Z hint:
audit kyber-patched / clang -Os	UNKNOWN STEP	2026-08-02T15:50:21.7355211Z hint: 	git config --global init.defaultBranch <name>
audit kyber-patched / clang -Os	UNKNOWN STEP	2026-08-02T15:50:21.7356136Z hint:
audit kyber-patched / clang -Os	UNKNOWN STEP	2026-08-02T15:50:21.7356990Z hint: Names commonly chosen instead of 'master' are 'main', 'trunk' and
audit kyber-patched / clang -Os	UNKNOWN STEP	2026-08-02T15:50:21.7358407Z hint: 'development'. The just-created branch can be renamed via this command:
audit kyber-patched / clang -Os	UNKNOWN STEP	2026-08-02T15:50:21.7359582Z hint:
audit kyber-patched / clang -Os	UNKNOWN STEP	2026-08-02T15:50:21.7360196Z hint: 	git branch -m <name>
audit kyber-patched / clang -Os	UNKNOWN STEP	2026-08-02T15:50:21.7360900Z hint:
audit kyber-patched / clang -Os	UNKNOWN STEP	2026-08-02T15:50:21.7362032Z hint: Disable this message with "git config set advice.defaultBranchName false"
audit kyber-patched / clang -Os	UNKNOWN STEP	2026-08-02T15:50:21.7363924Z Initialized empty Git repository in /home/runner/work/kyberslash-evaluation/kyberslash-evaluation/.git/
audit kyber-patched / clang -Os	UNKNOWN STEP	2026-08-02T15:50:21.7368565Z [command]/usr/bin/git remote add origin https://github.com/Ace7111/kyberslash-evaluation
audit kyber-patched / clang -Os	UNKNOWN STEP	2026-08-02T15:50:21.7419178Z ##[endgroup]
audit kyber-patched / clang -Os	UNKNOWN STEP	2026-08-02T15:50:21.7420889Z ##[group]Disabling automatic garbage collection
audit kyber-patched / clang -Os	UNKNOWN STEP	2026-08-02T15:50:21.7426899Z [command]/usr/bin/git config --local gc.auto 0
audit kyber-patched / clang -Os	UNKNOWN STEP	2026-08-02T15:50:21.7459003Z ##[endgroup]
audit kyber-patched / clang -Os	UNKNOWN STEP	2026-08-02T15:50:21.7459979Z ##[group]Setting up auth
audit kyber-patched / clang -Os	UNKNOWN STEP	2026-08-02T15:50:21.7466978Z [command]/usr/bin/git config --local --name-only --get-regexp core\.sshCommand
audit kyber-patched / clang -Os	UNKNOWN STEP	2026-08-02T15:50:21.7506240Z [command]/usr/bin/git submodule foreach --recursive sh -c "git config --local --name-only --get-regexp 'core\.sshCommand' && git config --local --unset-all 'core.sshCommand' || :"
audit kyber-patched / clang -Os	UNKNOWN STEP	2026-08-02T15:50:21.7882542Z [command]/usr/bin/git config --local --name-only --get-regexp http\.https\:\/\/github\.com\/\.extraheader
audit kyber-patched / clang -Os	UNKNOWN STEP	2026-08-02T15:50:21.7927996Z [command]/usr/bin/git submodule foreach --recursive sh -c "git config --local --name-only --get-regexp 'http\.https\:\/\/github\.com\/\.extraheader' && git config --local --unset-all 'http.https://github.com/.extraheader' || :"
audit kyber-patched / clang -Os	UNKNOWN STEP	2026-08-02T15:50:21.8178142Z [command]/usr/bin/git config --local --name-only --get-regexp ^includeIf\.gitdir:
audit kyber-patched / clang -Os	UNKNOWN STEP	2026-08-02T15:50:21.8217169Z [command]/usr/bin/git submodule foreach --recursive git config --local --show-origin --name-only --get-regexp remote.origin.url
audit kyber-patched / clang -Os	UNKNOWN STEP	2026-08-02T15:50:21.8460943Z [command]/usr/bin/git config --local http.https://github.com/.extraheader AUTHORIZATION: basic ***
audit kyber-patched / clang -Os	UNKNOWN STEP	2026-08-02T15:50:21.8502776Z ##[endgroup]
audit kyber-patched / clang -Os	UNKNOWN STEP	2026-08-02T15:50:21.8503811Z ##[group]Fetching the repository
audit kyber-patched / clang -Os	UNKNOWN STEP	2026-08-02T15:50:21.8512739Z [command]/usr/bin/git -c protocol.version=2 fetch --no-tags --prune --no-recurse-submodules --depth=1 origin +c36da0f41ae2be8e5a855b5edf63e5074665cffa:refs/remotes/origin/main
audit kyber-patched / clang -Os	UNKNOWN STEP	2026-08-02T15:50:22.0846601Z From https://github.com/Ace7111/kyberslash-evaluation
audit kyber-patched / clang -Os	UNKNOWN STEP	2026-08-02T15:50:22.0847921Z  * [new ref]         c36da0f41ae2be8e5a855b5edf63e5074665cffa -> origin/main
audit kyber-patched / clang -Os	UNKNOWN STEP	2026-08-02T15:50:22.0882681Z ##[endgroup]
audit kyber-patched / clang -Os	UNKNOWN STEP	2026-08-02T15:50:22.0883911Z ##[group]Determining the checkout info
audit kyber-patched / clang -Os	UNKNOWN STEP	2026-08-02T15:50:22.0885380Z ##[endgroup]
audit kyber-patched / clang -Os	UNKNOWN STEP	2026-08-02T15:50:22.0891489Z [command]/usr/bin/git sparse-checkout disable
audit kyber-patched / clang -Os	UNKNOWN STEP	2026-08-02T15:50:22.0944257Z [command]/usr/bin/git config --local --unset-all extensions.worktreeConfig
audit kyber-patched / clang -Os	UNKNOWN STEP	2026-08-02T15:50:22.0978882Z ##[group]Checking out the ref
audit kyber-patched / clang -Os	UNKNOWN STEP	2026-08-02T15:50:22.0982872Z [command]/usr/bin/git checkout --progress --force -B main refs/remotes/origin/main
audit kyber-patched / clang -Os	UNKNOWN STEP	2026-08-02T15:50:22.1158473Z Switched to a new branch 'main'
audit kyber-patched / clang -Os	UNKNOWN STEP	2026-08-02T15:50:22.1159960Z branch 'main' set up to track 'origin/main'.
audit kyber-patched / clang -Os	UNKNOWN STEP	2026-08-02T15:50:22.1167186Z ##[endgroup]
audit kyber-patched / clang -Os	UNKNOWN STEP	2026-08-02T15:50:22.1215103Z [command]/usr/bin/git log -1 --format=%H
audit kyber-patched / clang -Os	UNKNOWN STEP	2026-08-02T15:50:22.1244773Z c36da0f41ae2be8e5a855b5edf63e5074665cffa
audit kyber-patched / clang -Os	UNKNOWN STEP	2026-08-02T15:50:22.1632724Z Node 20 is being deprecated. This workflow is running with Node 24 by default. If you need to temporarily use Node 20, you can set the ACTIONS_ALLOW_USE_UNSECURE_NODE_VERSION=true environment variable. For more information see: https://github.blog/changelog/2025-09-19-deprecation-of-node-20-on-github-actions-runners/
audit kyber-patched / clang -Os	UNKNOWN STEP	2026-08-02T15:50:22.1638426Z ##[group]Run actions/setup-python@v5
audit kyber-patched / clang -Os	UNKNOWN STEP	2026-08-02T15:50:22.1639590Z with:
audit kyber-patched / clang -Os	UNKNOWN STEP	2026-08-02T15:50:22.1640466Z   python-version: 3.12
audit kyber-patched / clang -Os	UNKNOWN STEP	2026-08-02T15:50:22.1641693Z   check-latest: false
audit kyber-patched / clang -Os	UNKNOWN STEP	2026-08-02T15:50:22.1651802Z   token: ***
audit kyber-patched / clang -Os	UNKNOWN STEP	2026-08-02T15:50:22.1652750Z   update-environment: true
audit kyber-patched / clang -Os	UNKNOWN STEP	2026-08-02T15:50:22.1653850Z   allow-prereleases: false
audit kyber-patched / clang -Os	UNKNOWN STEP	2026-08-02T15:50:22.1654908Z   freethreaded: false
audit kyber-patched / clang -Os	UNKNOWN STEP	2026-08-02T15:50:22.1655878Z ##[endgroup]
audit kyber-patched / clang -Os	UNKNOWN STEP	2026-08-02T15:50:22.3112219Z ##[group]Installed versions
audit kyber-patched / clang -Os	UNKNOWN STEP	2026-08-02T15:50:22.3127210Z (node:2237) [DEP0040] DeprecationWarning: The `punycode` module is deprecated. Please use a userland alternative instead.
audit kyber-patched / clang -Os	UNKNOWN STEP	2026-08-02T15:50:22.3131512Z (Use `node --trace-deprecation ...` to show where the warning was created)
audit kyber-patched / clang -Os	UNKNOWN STEP	2026-08-02T15:50:22.3133982Z Successfully set up CPython (3.12.13)
audit kyber-patched / clang -Os	UNKNOWN STEP	2026-08-02T15:50:22.3136484Z ##[endgroup]
audit kyber-patched / clang -Os	UNKNOWN STEP	2026-08-02T15:50:22.3382673Z ##[group]Run git clone --quiet https://github.com/pq-crystals/kyber.git targets/pq-crystals-kyber
audit kyber-patched / clang -Os	UNKNOWN STEP	2026-08-02T15:50:22.3385477Z ^[[36;1mgit clone --quiet https://github.com/pq-crystals/kyber.git targets/pq-crystals-kyber^[[0m
audit kyber-patched / clang -Os	UNKNOWN STEP	2026-08-02T15:50:22.3521580Z shell: /usr/bin/bash -e {0}
audit kyber-patched / clang -Os	UNKNOWN STEP	2026-08-02T15:50:22.3522722Z env:
audit kyber-patched / clang -Os	UNKNOWN STEP	2026-08-02T15:50:22.3523827Z   pythonLocation: /opt/hostedtoolcache/Python/3.12.13/x64
audit kyber-patched / clang -Os	UNKNOWN STEP	2026-08-02T15:50:22.3525643Z   PKG_CONFIG_PATH: /opt/hostedtoolcache/Python/3.12.13/x64/lib/pkgconfig
audit kyber-patched / clang -Os	UNKNOWN STEP	2026-08-02T15:50:22.3527458Z   Python_ROOT_DIR: /opt/hostedtoolcache/Python/3.12.13/x64
audit kyber-patched / clang -Os	UNKNOWN STEP	2026-08-02T15:50:22.3529135Z   Python2_ROOT_DIR: /opt/hostedtoolcache/Python/3.12.13/x64
audit kyber-patched / clang -Os	UNKNOWN STEP	2026-08-02T15:50:22.3530791Z   Python3_ROOT_DIR: /opt/hostedtoolcache/Python/3.12.13/x64
audit kyber-patched / clang -Os	UNKNOWN STEP	2026-08-02T15:50:22.3532716Z   LD_LIBRARY_PATH: /opt/hostedtoolcache/Python/3.12.13/x64/lib
audit kyber-patched / clang -Os	UNKNOWN STEP	2026-08-02T15:50:22.3534132Z ##[endgroup]
audit kyber-patched / clang -Os	UNKNOWN STEP	2026-08-02T15:50:22.6327700Z ##[group]Run clang --version
audit kyber-patched / clang -Os	UNKNOWN STEP	2026-08-02T15:50:22.6329499Z ^[[36;1mclang --version^[[0m
audit kyber-patched / clang -Os	UNKNOWN STEP	2026-08-02T15:50:22.6331037Z ^[[36;1mobjdump --version | head -1^[[0m
audit kyber-patched / clang -Os	UNKNOWN STEP	2026-08-02T15:50:22.6333200Z ^[[36;1muname -m^[[0m
audit kyber-patched / clang -Os	UNKNOWN STEP	2026-08-02T15:50:22.6399159Z shell: /usr/bin/bash -e {0}
audit kyber-patched / clang -Os	UNKNOWN STEP	2026-08-02T15:50:22.6400202Z env:
audit kyber-patched / clang -Os	UNKNOWN STEP	2026-08-02T15:50:22.6401448Z   pythonLocation: /opt/hostedtoolcache/Python/3.12.13/x64
audit kyber-patched / clang -Os	UNKNOWN STEP	2026-08-02T15:50:22.6403240Z   PKG_CONFIG_PATH: /opt/hostedtoolcache/Python/3.12.13/x64/lib/pkgconfig
audit kyber-patched / clang -Os	UNKNOWN STEP	2026-08-02T15:50:22.6405014Z   Python_ROOT_DIR: /opt/hostedtoolcache/Python/3.12.13/x64
audit kyber-patched / clang -Os	UNKNOWN STEP	2026-08-02T15:50:22.6406611Z   Python2_ROOT_DIR: /opt/hostedtoolcache/Python/3.12.13/x64
audit kyber-patched / clang -Os	UNKNOWN STEP	2026-08-02T15:50:22.6408212Z   Python3_ROOT_DIR: /opt/hostedtoolcache/Python/3.12.13/x64
audit kyber-patched / clang -Os	UNKNOWN STEP	2026-08-02T15:50:22.6409854Z   LD_LIBRARY_PATH: /opt/hostedtoolcache/Python/3.12.13/x64/lib
audit kyber-patched / clang -Os	UNKNOWN STEP	2026-08-02T15:50:22.6411366Z ##[endgroup]
audit kyber-patched / clang -Os	UNKNOWN STEP	2026-08-02T15:50:25.4406395Z Ubuntu clang version 18.1.3 (1ubuntu1)
audit kyber-patched / clang -Os	UNKNOWN STEP	2026-08-02T15:50:25.4407234Z Target: x86_64-pc-linux-gnu
audit kyber-patched / clang -Os	UNKNOWN STEP	2026-08-02T15:50:25.6282593Z Thread model: posix
audit kyber-patched / clang -Os	UNKNOWN STEP	2026-08-02T15:50:25.6283025Z InstalledDir: /usr/bin
audit kyber-patched / clang -Os	UNKNOWN STEP	2026-08-02T15:50:25.6283398Z GNU objdump (GNU Binutils for Ubuntu) 2.42
audit kyber-patched / clang -Os	UNKNOWN STEP	2026-08-02T15:50:25.6304520Z x86_64
audit kyber-patched / clang -Os	UNKNOWN STEP	2026-08-02T15:50:25.6366270Z ##[group]Run # NOTE the "=" on --opt-levels. Without it argparse reads a value like
audit kyber-patched / clang -Os	UNKNOWN STEP	2026-08-02T15:50:25.6367162Z ^[[36;1m# NOTE the "=" on --opt-levels. Without it argparse reads a value like^[[0m
audit kyber-patched / clang -Os	UNKNOWN STEP	2026-08-02T15:50:25.6368647Z ^[[36;1m# "-Os" as a flag and the run fails with "expected at least one argument".^[[0m
audit kyber-patched / clang -Os	UNKNOWN STEP	2026-08-02T15:50:25.6369809Z ^[[36;1mpython3 scripts/build_matrix.py \^[[0m
audit kyber-patched / clang -Os	UNKNOWN STEP	2026-08-02T15:50:25.6370160Z ^[[36;1m  --targets kyber-patched \^[[0m
audit kyber-patched / clang -Os	UNKNOWN STEP	2026-08-02T15:50:25.6370851Z ^[[36;1m  --compilers clang \^[[0m
audit kyber-patched / clang -Os	UNKNOWN STEP	2026-08-02T15:50:25.6373548Z ^[[36;1m  --opt-levels='-Os' \^[[0m
audit kyber-patched / clang -Os	UNKNOWN STEP	2026-08-02T15:50:25.6373859Z ^[[36;1m  --out audit.json^[[0m
audit kyber-patched / clang -Os	UNKNOWN STEP	2026-08-02T15:50:25.6428483Z shell: /usr/bin/bash -e {0}
audit kyber-patched / clang -Os	UNKNOWN STEP	2026-08-02T15:50:25.6428826Z env:
audit kyber-patched / clang -Os	UNKNOWN STEP	2026-08-02T15:50:25.6429153Z   pythonLocation: /opt/hostedtoolcache/Python/3.12.13/x64
audit kyber-patched / clang -Os	UNKNOWN STEP	2026-08-02T15:50:25.6429652Z   PKG_CONFIG_PATH: /opt/hostedtoolcache/Python/3.12.13/x64/lib/pkgconfig
audit kyber-patched / clang -Os	UNKNOWN STEP	2026-08-02T15:50:25.6430148Z   Python_ROOT_DIR: /opt/hostedtoolcache/Python/3.12.13/x64
audit kyber-patched / clang -Os	UNKNOWN STEP	2026-08-02T15:50:25.6430577Z   Python2_ROOT_DIR: /opt/hostedtoolcache/Python/3.12.13/x64
audit kyber-patched / clang -Os	UNKNOWN STEP	2026-08-02T15:50:25.6431012Z   Python3_ROOT_DIR: /opt/hostedtoolcache/Python/3.12.13/x64
audit kyber-patched / clang -Os	UNKNOWN STEP	2026-08-02T15:50:25.6431581Z   LD_LIBRARY_PATH: /opt/hostedtoolcache/Python/3.12.13/x64/lib
audit kyber-patched / clang -Os	UNKNOWN STEP	2026-08-02T15:50:25.6431950Z ##[endgroup]
audit kyber-patched / clang -Os	UNKNOWN STEP	2026-08-02T15:50:30.5313047Z [NO_SECRET_DEPENDENT_DIV ] kyber-patched_clang_Os_768  secret_div=0 total_div=0
audit kyber-patched / clang -Os	UNKNOWN STEP	2026-08-02T15:50:30.5313864Z 
audit kyber-patched / clang -Os	UNKNOWN STEP	2026-08-02T15:50:30.5314014Z Wrote 1 cells to audit.json
audit kyber-patched / clang -Os	UNKNOWN STEP	2026-08-02T15:50:30.5434438Z ##[group]Run python3 - <<'PY'
audit kyber-patched / clang -Os	UNKNOWN STEP	2026-08-02T15:50:30.5434792Z ^[[36;1mpython3 - <<'PY'^[[0m
audit kyber-patched / clang -Os	UNKNOWN STEP	2026-08-02T15:50:30.5435038Z ^[[36;1mimport json, sys^[[0m
audit kyber-patched / clang -Os	UNKNOWN STEP	2026-08-02T15:50:30.5435349Z ^[[36;1mrows = json.load(open("audit.json"))^[[0m
audit kyber-patched / clang -Os	UNKNOWN STEP	2026-08-02T15:50:30.5435653Z ^[[36;1m^[[0m
audit kyber-patched / clang -Os	UNKNOWN STEP	2026-08-02T15:50:30.5435954Z ^[[36;1mgated = [r for r in rows if r.get("gate_failed_at")]^[[0m
audit kyber-patched / clang -Os	UNKNOWN STEP	2026-08-02T15:50:30.5436290Z ^[[36;1mfor r in gated:^[[0m
audit kyber-patched / clang -Os	UNKNOWN STEP	2026-08-02T15:50:30.5436593Z ^[[36;1m    print(f"::warning::{r['experiment_id']} failed at "^[[0m
audit kyber-patched / clang -Os	UNKNOWN STEP	2026-08-02T15:50:30.5437016Z ^[[36;1m          f"{r['gate_failed_at']} - no security verdict produced")^[[0m
audit kyber-patched / clang -Os	UNKNOWN STEP	2026-08-02T15:50:30.5437355Z ^[[36;1m^[[0m
audit kyber-patched / clang -Os	UNKNOWN STEP	2026-08-02T15:50:30.5437648Z ^[[36;1mvulnerable = [r for r in rows if r.get("verdict") == "VULNERABLE"]^[[0m
audit kyber-patched / clang -Os	UNKNOWN STEP	2026-08-02T15:50:30.5438012Z ^[[36;1mfor r in vulnerable:^[[0m
audit kyber-patched / clang -Os	UNKNOWN STEP	2026-08-02T15:50:30.5438309Z ^[[36;1m    fns = ", ".join(r.get("vulnerable_functions", []))^[[0m
audit kyber-patched / clang -Os	UNKNOWN STEP	2026-08-02T15:50:30.5438731Z ^[[36;1m    variants = ", ".join(r.get("kyberslash_variants", []))^[[0m
audit kyber-patched / clang -Os	UNKNOWN STEP	2026-08-02T15:50:30.5439218Z ^[[36;1m    print(f"::error::{r['experiment_id']}: secret-dependent division in "^[[0m
audit kyber-patched / clang -Os	UNKNOWN STEP	2026-08-02T15:50:30.5439608Z ^[[36;1m          f"{fns} ({variants})")^[[0m
audit kyber-patched / clang -Os	UNKNOWN STEP	2026-08-02T15:50:30.5439867Z ^[[36;1m^[[0m
audit kyber-patched / clang -Os	UNKNOWN STEP	2026-08-02T15:50:30.5440062Z ^[[36;1mif vulnerable:^[[0m
audit kyber-patched / clang -Os	UNKNOWN STEP	2026-08-02T15:50:30.5440296Z ^[[36;1m    sys.exit(1)^[[0m
audit kyber-patched / clang -Os	UNKNOWN STEP	2026-08-02T15:50:30.5440529Z ^[[36;1m^[[0m
audit kyber-patched / clang -Os	UNKNOWN STEP	2026-08-02T15:50:30.5440796Z ^[[36;1maudited = [r for r in rows if not r.get("gate_failed_at")]^[[0m
audit kyber-patched / clang -Os	UNKNOWN STEP	2026-08-02T15:50:30.5441336Z ^[[36;1mif not audited:^[[0m
audit kyber-patched / clang -Os	UNKNOWN STEP	2026-08-02T15:50:30.5441764Z ^[[36;1m    print("::error::no cell produced a verdict - nothing was actually audited")^[[0m
audit kyber-patched / clang -Os	UNKNOWN STEP	2026-08-02T15:50:30.5442177Z ^[[36;1m    sys.exit(1)^[[0m
audit kyber-patched / clang -Os	UNKNOWN STEP	2026-08-02T15:50:30.5442404Z ^[[36;1m^[[0m
audit kyber-patched / clang -Os	UNKNOWN STEP	2026-08-02T15:50:30.5442734Z ^[[36;1m# Incidental divisions are expected and must not fail the build. Reporting^[[0m
audit kyber-patched / clang -Os	UNKNOWN STEP	2026-08-02T15:50:30.5443267Z ^[[36;1m# them keeps the distinction visible: a correctly patched binary still^[[0m
audit kyber-patched / clang -Os	UNKNOWN STEP	2026-08-02T15:50:30.5443780Z ^[[36;1m# contains divisions in Keccak and rejection sampling, and a check that^[[0m
audit kyber-patched / clang -Os	UNKNOWN STEP	2026-08-02T15:50:30.5444234Z ^[[36;1m# merely grepped for a division mnemonic would reject it.^[[0m
audit kyber-patched / clang -Os	UNKNOWN STEP	2026-08-02T15:50:30.5444576Z ^[[36;1mfor r in audited:^[[0m
audit kyber-patched / clang -Os	UNKNOWN STEP	2026-08-02T15:50:30.5444853Z ^[[36;1m    print(f"{r['experiment_id']}: clean "^[[0m
audit kyber-patched / clang -Os	UNKNOWN STEP	2026-08-02T15:50:30.5445229Z ^[[36;1m          f"({r.get('total_divisions', 0)} incidental division(s))")^[[0m
audit kyber-patched / clang -Os	UNKNOWN STEP	2026-08-02T15:50:30.5445567Z ^[[36;1mPY^[[0m
audit kyber-patched / clang -Os	UNKNOWN STEP	2026-08-02T15:50:30.5494355Z shell: /usr/bin/bash -e {0}
audit kyber-patched / clang -Os	UNKNOWN STEP	2026-08-02T15:50:30.5494623Z env:
audit kyber-patched / clang -Os	UNKNOWN STEP	2026-08-02T15:50:30.5494892Z   pythonLocation: /opt/hostedtoolcache/Python/3.12.13/x64
audit kyber-patched / clang -Os	UNKNOWN STEP	2026-08-02T15:50:30.5495328Z   PKG_CONFIG_PATH: /opt/hostedtoolcache/Python/3.12.13/x64/lib/pkgconfig
audit kyber-patched / clang -Os	UNKNOWN STEP	2026-08-02T15:50:30.5495754Z   Python_ROOT_DIR: /opt/hostedtoolcache/Python/3.12.13/x64
audit kyber-patched / clang -Os	UNKNOWN STEP	2026-08-02T15:50:30.5496132Z   Python2_ROOT_DIR: /opt/hostedtoolcache/Python/3.12.13/x64
audit kyber-patched / clang -Os	UNKNOWN STEP	2026-08-02T15:50:30.5496505Z   Python3_ROOT_DIR: /opt/hostedtoolcache/Python/3.12.13/x64
audit kyber-patched / clang -Os	UNKNOWN STEP	2026-08-02T15:50:30.5497078Z   LD_LIBRARY_PATH: /opt/hostedtoolcache/Python/3.12.13/x64/lib
audit kyber-patched / clang -Os	UNKNOWN STEP	2026-08-02T15:50:30.5497407Z ##[endgroup]
audit kyber-patched / clang -Os	UNKNOWN STEP	2026-08-02T15:50:30.5835643Z EXP-kyber-patched_clang_Os_768: clean (0 incidental division(s))
audit kyber-patched / clang -Os	UNKNOWN STEP	2026-08-02T15:50:30.5934628Z Node 20 is being deprecated. This workflow is running with Node 24 by default. If you need to temporarily use Node 20, you can set the ACTIONS_ALLOW_USE_UNSECURE_NODE_VERSION=true environment variable. For more information see: https://github.blog/changelog/2025-09-19-deprecation-of-node-20-on-github-actions-runners/
audit kyber-patched / clang -Os	UNKNOWN STEP	2026-08-02T15:50:30.5935886Z ##[group]Run actions/upload-artifact@v4
audit kyber-patched / clang -Os	UNKNOWN STEP	2026-08-02T15:50:30.5936163Z with:
audit kyber-patched / clang -Os	UNKNOWN STEP	2026-08-02T15:50:30.5936395Z   name: audit-kyber-patched-clang--Os
audit kyber-patched / clang -Os	UNKNOWN STEP	2026-08-02T15:50:30.5936674Z   path: audit.json
audit kyber-patched / clang -Os	UNKNOWN STEP	2026-08-02T15:50:30.5936898Z   if-no-files-found: warn
audit kyber-patched / clang -Os	UNKNOWN STEP	2026-08-02T15:50:30.5937136Z   compression-level: 6
audit kyber-patched / clang -Os	UNKNOWN STEP	2026-08-02T15:50:30.5937359Z   overwrite: false
audit kyber-patched / clang -Os	UNKNOWN STEP	2026-08-02T15:50:30.5937581Z   include-hidden-files: false
audit kyber-patched / clang -Os	UNKNOWN STEP	2026-08-02T15:50:30.5937836Z env:
audit kyber-patched / clang -Os	UNKNOWN STEP	2026-08-02T15:50:30.5938090Z   pythonLocation: /opt/hostedtoolcache/Python/3.12.13/x64
audit kyber-patched / clang -Os	UNKNOWN STEP	2026-08-02T15:50:30.5938512Z   PKG_CONFIG_PATH: /opt/hostedtoolcache/Python/3.12.13/x64/lib/pkgconfig
audit kyber-patched / clang -Os	UNKNOWN STEP	2026-08-02T15:50:30.5938963Z   Python_ROOT_DIR: /opt/hostedtoolcache/Python/3.12.13/x64
audit kyber-patched / clang -Os	UNKNOWN STEP	2026-08-02T15:50:30.5939342Z   Python2_ROOT_DIR: /opt/hostedtoolcache/Python/3.12.13/x64
audit kyber-patched / clang -Os	UNKNOWN STEP	2026-08-02T15:50:30.5939719Z   Python3_ROOT_DIR: /opt/hostedtoolcache/Python/3.12.13/x64
audit kyber-patched / clang -Os	UNKNOWN STEP	2026-08-02T15:50:30.5940093Z   LD_LIBRARY_PATH: /opt/hostedtoolcache/Python/3.12.13/x64/lib
audit kyber-patched / clang -Os	UNKNOWN STEP	2026-08-02T15:50:30.5940418Z ##[endgroup]
audit kyber-patched / clang -Os	UNKNOWN STEP	2026-08-02T15:50:30.7578007Z (node:2287) [DEP0040] DeprecationWarning: The `punycode` module is deprecated. Please use a userland alternative instead.
audit kyber-patched / clang -Os	UNKNOWN STEP	2026-08-02T15:50:30.7578752Z (Use `node --trace-deprecation ...` to show where the warning was created)
audit kyber-patched / clang -Os	UNKNOWN STEP	2026-08-02T15:50:30.7625259Z With the provided path, there will be 1 file uploaded
audit kyber-patched / clang -Os	UNKNOWN STEP	2026-08-02T15:50:30.7631333Z Artifact name is valid!
audit kyber-patched / clang -Os	UNKNOWN STEP	2026-08-02T15:50:30.7646824Z Root directory input is valid!
audit kyber-patched / clang -Os	UNKNOWN STEP	2026-08-02T15:50:30.9186841Z Beginning upload of artifact content to blob storage
audit kyber-patched / clang -Os	UNKNOWN STEP	2026-08-02T15:50:30.9373340Z (node:2287) [DEP0169] DeprecationWarning: `url.parse()` behavior is not standardized and prone to errors that have security implications. Use the WHATWG URL API instead. CVEs are not issued for `url.parse()` vulnerabilities.
audit kyber-patched / clang -Os	UNKNOWN STEP	2026-08-02T15:50:30.9954182Z Uploaded bytes 684
audit kyber-patched / clang -Os	UNKNOWN STEP	2026-08-02T15:50:31.0144764Z Finished uploading artifact content to blob storage!
audit kyber-patched / clang -Os	UNKNOWN STEP	2026-08-02T15:50:31.0146047Z SHA256 digest of uploaded artifact zip is 4987104ed4eb39b2fdc97ec076d19b59bc93b08d9ee1d89037070dd9a3793bf9
audit kyber-patched / clang -Os	UNKNOWN STEP	2026-08-02T15:50:31.0147254Z Finalizing artifact upload
audit kyber-patched / clang -Os	UNKNOWN STEP	2026-08-02T15:50:31.2528094Z Artifact audit-kyber-patched-clang--Os.zip successfully finalized. Artifact ID 8835715657
audit kyber-patched / clang -Os	UNKNOWN STEP	2026-08-02T15:50:31.2529428Z Artifact audit-kyber-patched-clang--Os has been successfully uploaded! Final size is 684 bytes. Artifact ID is 8835715657
audit kyber-patched / clang -Os	UNKNOWN STEP	2026-08-02T15:50:31.2536516Z Artifact download URL: https://github.com/Ace7111/kyberslash-evaluation/actions/runs/30755244934/artifacts/8835715657
audit kyber-patched / clang -Os	UNKNOWN STEP	2026-08-02T15:50:31.2742037Z Node 20 is being deprecated. This workflow is running with Node 24 by default. If you need to temporarily use Node 20, you can set the ACTIONS_ALLOW_USE_UNSECURE_NODE_VERSION=true environment variable. For more information see: https://github.blog/changelog/2025-09-19-deprecation-of-node-20-on-github-actions-runners/
audit kyber-patched / clang -Os	UNKNOWN STEP	2026-08-02T15:50:31.2743292Z Post job cleanup.
audit kyber-patched / clang -Os	UNKNOWN STEP	2026-08-02T15:50:31.3943047Z (node:2299) [DEP0040] DeprecationWarning: The `punycode` module is deprecated. Please use a userland alternative instead.
audit kyber-patched / clang -Os	UNKNOWN STEP	2026-08-02T15:50:31.3943806Z (Use `node --trace-deprecation ...` to show where the warning was created)
audit kyber-patched / clang -Os	UNKNOWN STEP	2026-08-02T15:50:31.4086464Z Node 20 is being deprecated. This workflow is running with Node 24 by default. If you need to temporarily use Node 20, you can set the ACTIONS_ALLOW_USE_UNSECURE_NODE_VERSION=true environment variable. For more information see: https://github.blog/changelog/2025-09-19-deprecation-of-node-20-on-github-actions-runners/
audit kyber-patched / clang -Os	UNKNOWN STEP	2026-08-02T15:50:31.4088160Z Post job cleanup.
audit kyber-patched / clang -Os	UNKNOWN STEP	2026-08-02T15:50:31.5048447Z [command]/usr/bin/git version
audit kyber-patched / clang -Os	UNKNOWN STEP	2026-08-02T15:50:31.5099162Z git version 2.54.0
audit kyber-patched / clang -Os	UNKNOWN STEP	2026-08-02T15:50:31.5141638Z Temporarily overriding HOME='/home/runner/work/_temp/40122fb8-8a6d-49d4-85d2-cb6dc21c3c30' before making global git config changes
audit kyber-patched / clang -Os	UNKNOWN STEP	2026-08-02T15:50:31.5143257Z Adding repository directory to the temporary git global config as a safe directory
audit kyber-patched / clang -Os	UNKNOWN STEP	2026-08-02T15:50:31.5162572Z [command]/usr/bin/git config --global --add safe.directory /home/runner/work/kyberslash-evaluation/kyberslash-evaluation
audit kyber-patched / clang -Os	UNKNOWN STEP	2026-08-02T15:50:31.5198335Z [command]/usr/bin/git config --local --name-only --get-regexp core\.sshCommand
audit kyber-patched / clang -Os	UNKNOWN STEP	2026-08-02T15:50:31.5248090Z [command]/usr/bin/git submodule foreach --recursive sh -c "git config --local --name-only --get-regexp 'core\.sshCommand' && git config --local --unset-all 'core.sshCommand' || :"
audit kyber-patched / clang -Os	UNKNOWN STEP	2026-08-02T15:50:31.5532818Z [command]/usr/bin/git config --local --name-only --get-regexp http\.https\:\/\/github\.com\/\.extraheader
audit kyber-patched / clang -Os	UNKNOWN STEP	2026-08-02T15:50:31.5566333Z http.https://github.com/.extraheader
audit kyber-patched / clang -Os	UNKNOWN STEP	2026-08-02T15:50:31.5578065Z [command]/usr/bin/git config --local --unset-all http.https://github.com/.extraheader
audit kyber-patched / clang -Os	UNKNOWN STEP	2026-08-02T15:50:31.5618142Z [command]/usr/bin/git submodule foreach --recursive sh -c "git config --local --name-only --get-regexp 'http\.https\:\/\/github\.com\/\.extraheader' && git config --local --unset-all 'http.https://github.com/.extraheader' || :"
audit kyber-patched / clang -Os	UNKNOWN STEP	2026-08-02T15:50:31.5930607Z [command]/usr/bin/git config --local --name-only --get-regexp ^includeIf\.gitdir:
audit kyber-patched / clang -Os	UNKNOWN STEP	2026-08-02T15:50:31.6024762Z [command]/usr/bin/git submodule foreach --recursive git config --local --show-origin --name-only --get-regexp remote.origin.url
audit kyber-patched / clang -Os	UNKNOWN STEP	2026-08-02T15:50:31.6504040Z Cleaning up orphan processes
audit kyber-patched / clang -Os	UNKNOWN STEP	2026-08-02T15:50:31.6810007Z ##[warning]Node.js 20 is deprecated. The following actions target Node.js 20 but are being forced to run on Node.js 24: actions/checkout@v4, actions/setup-python@v5, actions/upload-artifact@v4. For more information see: https://github.blog/changelog/2025-09-19-deprecation-of-node-20-on-github-actions-runners/
audit kyber-patched / gcc -Os	UNKNOWN STEP	﻿2026-08-02T15:50:21.2599703Z Current runner version: '2.336.0'
audit kyber-patched / gcc -Os	UNKNOWN STEP	2026-08-02T15:50:21.2636759Z ##[group]Runner Image Provisioner
audit kyber-patched / gcc -Os	UNKNOWN STEP	2026-08-02T15:50:21.2638596Z Hosted Compute Agent
audit kyber-patched / gcc -Os	UNKNOWN STEP	2026-08-02T15:50:21.2639612Z Version: 20260707.563
audit kyber-patched / gcc -Os	UNKNOWN STEP	2026-08-02T15:50:21.2640671Z Commit: 02667638d2b423fbc733a8e32a88b44996a3ba6e
audit kyber-patched / gcc -Os	UNKNOWN STEP	2026-08-02T15:50:21.2641987Z Build Date: 2026-07-07T19:33:50Z
audit kyber-patched / gcc -Os	UNKNOWN STEP	2026-08-02T15:50:21.2643111Z Worker ID: {9da615d5-5436-46b1-990c-f0e044fafc71}
audit kyber-patched / gcc -Os	UNKNOWN STEP	2026-08-02T15:50:21.2644410Z Azure Region: eastus
audit kyber-patched / gcc -Os	UNKNOWN STEP	2026-08-02T15:50:21.2645365Z ##[endgroup]
audit kyber-patched / gcc -Os	UNKNOWN STEP	2026-08-02T15:50:21.2648094Z ##[group]Operating System
audit kyber-patched / gcc -Os	UNKNOWN STEP	2026-08-02T15:50:21.2649248Z Ubuntu
audit kyber-patched / gcc -Os	UNKNOWN STEP	2026-08-02T15:50:21.2650104Z 24.04.4
audit kyber-patched / gcc -Os	UNKNOWN STEP	2026-08-02T15:50:21.2651535Z LTS
audit kyber-patched / gcc -Os	UNKNOWN STEP	2026-08-02T15:50:21.2652440Z ##[endgroup]
audit kyber-patched / gcc -Os	UNKNOWN STEP	2026-08-02T15:50:21.2653303Z ##[group]Runner Image
audit kyber-patched / gcc -Os	UNKNOWN STEP	2026-08-02T15:50:21.2654419Z Image: ubuntu-24.04
audit kyber-patched / gcc -Os	UNKNOWN STEP	2026-08-02T15:50:21.2655421Z Version: 20260720.247.2
audit kyber-patched / gcc -Os	UNKNOWN STEP	2026-08-02T15:50:21.2657964Z Included Software: https://github.com/actions/runner-images/blob/ubuntu24/20260720.247/images/ubuntu/Ubuntu2404-Readme.md
audit kyber-patched / gcc -Os	UNKNOWN STEP	2026-08-02T15:50:21.2660732Z Image Release: https://github.com/actions/runner-images/releases/tag/ubuntu24%2F20260720.247
audit kyber-patched / gcc -Os	UNKNOWN STEP	2026-08-02T15:50:21.2662499Z ##[endgroup]
audit kyber-patched / gcc -Os	UNKNOWN STEP	2026-08-02T15:50:21.2664510Z ##[group]GITHUB_TOKEN Permissions
audit kyber-patched / gcc -Os	UNKNOWN STEP	2026-08-02T15:50:21.2668021Z Contents: read
audit kyber-patched / gcc -Os	UNKNOWN STEP	2026-08-02T15:50:21.2669008Z Metadata: read
audit kyber-patched / gcc -Os	UNKNOWN STEP	2026-08-02T15:50:21.2670019Z Packages: read
audit kyber-patched / gcc -Os	UNKNOWN STEP	2026-08-02T15:50:21.2670938Z ##[endgroup]
audit kyber-patched / gcc -Os	UNKNOWN STEP	2026-08-02T15:50:21.2673987Z Secret source: Actions
audit kyber-patched / gcc -Os	UNKNOWN STEP	2026-08-02T15:50:21.2676504Z Prepare workflow directory
audit kyber-patched / gcc -Os	UNKNOWN STEP	2026-08-02T15:50:21.3150920Z Prepare all required actions
audit kyber-patched / gcc -Os	UNKNOWN STEP	2026-08-02T15:50:21.3199512Z Getting action download info
audit kyber-patched / gcc -Os	UNKNOWN STEP	2026-08-02T15:50:21.5015891Z Download action repository 'actions/checkout@v4' (SHA:11d5960a326750d5838078e36cf38b85af677262)
audit kyber-patched / gcc -Os	UNKNOWN STEP	2026-08-02T15:50:21.7352561Z Download action repository 'actions/setup-python@v5' (SHA:a26af69be951a213d495a4c3e4e4022e16d87065)
audit kyber-patched / gcc -Os	UNKNOWN STEP	2026-08-02T15:50:21.8237186Z Download action repository 'actions/upload-artifact@v4' (SHA:ea165f8d65b6e75b540449e92b4886f43607fa02)
audit kyber-patched / gcc -Os	UNKNOWN STEP	2026-08-02T15:50:22.0453440Z Complete job name: audit kyber-patched / gcc -Os
audit kyber-patched / gcc -Os	UNKNOWN STEP	2026-08-02T15:50:22.1253899Z Node 20 is being deprecated. This workflow is running with Node 24 by default. If you need to temporarily use Node 20, you can set the ACTIONS_ALLOW_USE_UNSECURE_NODE_VERSION=true environment variable. For more information see: https://github.blog/changelog/2025-09-19-deprecation-of-node-20-on-github-actions-runners/
audit kyber-patched / gcc -Os	UNKNOWN STEP	2026-08-02T15:50:22.1263366Z ##[group]Run actions/checkout@v4
audit kyber-patched / gcc -Os	UNKNOWN STEP	2026-08-02T15:50:22.1264124Z with:
audit kyber-patched / gcc -Os	UNKNOWN STEP	2026-08-02T15:50:22.1264614Z   repository: Ace7111/kyberslash-evaluation
audit kyber-patched / gcc -Os	UNKNOWN STEP	2026-08-02T15:50:22.1268810Z   token: ***
audit kyber-patched / gcc -Os	UNKNOWN STEP	2026-08-02T15:50:22.1269259Z   ssh-strict: true
audit kyber-patched / gcc -Os	UNKNOWN STEP	2026-08-02T15:50:22.1269718Z   ssh-user: git
audit kyber-patched / gcc -Os	UNKNOWN STEP	2026-08-02T15:50:22.1270270Z   persist-credentials: true
audit kyber-patched / gcc -Os	UNKNOWN STEP	2026-08-02T15:50:22.1270769Z   clean: true
audit kyber-patched / gcc -Os	UNKNOWN STEP	2026-08-02T15:50:22.1271221Z   sparse-checkout-cone-mode: true
audit kyber-patched / gcc -Os	UNKNOWN STEP	2026-08-02T15:50:22.1271742Z   fetch-depth: 1
audit kyber-patched / gcc -Os	UNKNOWN STEP	2026-08-02T15:50:22.1272162Z   fetch-tags: false
audit kyber-patched / gcc -Os	UNKNOWN STEP	2026-08-02T15:50:22.1272596Z   show-progress: true
audit kyber-patched / gcc -Os	UNKNOWN STEP	2026-08-02T15:50:22.1273072Z   lfs: false
audit kyber-patched / gcc -Os	UNKNOWN STEP	2026-08-02T15:50:22.1273522Z   submodules: false
audit kyber-patched / gcc -Os	UNKNOWN STEP	2026-08-02T15:50:22.1273989Z   set-safe-directory: true
audit kyber-patched / gcc -Os	UNKNOWN STEP	2026-08-02T15:50:22.1274495Z   allow-unsafe-pr-checkout: false
audit kyber-patched / gcc -Os	UNKNOWN STEP	2026-08-02T15:50:22.1275348Z ##[endgroup]
audit kyber-patched / gcc -Os	UNKNOWN STEP	2026-08-02T15:50:22.2301675Z Syncing repository: Ace7111/kyberslash-evaluation
audit kyber-patched / gcc -Os	UNKNOWN STEP	2026-08-02T15:50:22.2304483Z ##[group]Getting Git version info
audit kyber-patched / gcc -Os	UNKNOWN STEP	2026-08-02T15:50:22.2306035Z Working directory is '/home/runner/work/kyberslash-evaluation/kyberslash-evaluation'
audit kyber-patched / gcc -Os	UNKNOWN STEP	2026-08-02T15:50:22.2308486Z [command]/usr/bin/git version
audit kyber-patched / gcc -Os	UNKNOWN STEP	2026-08-02T15:50:22.2423183Z git version 2.54.0
audit kyber-patched / gcc -Os	UNKNOWN STEP	2026-08-02T15:50:22.2499519Z ##[endgroup]
audit kyber-patched / gcc -Os	UNKNOWN STEP	2026-08-02T15:50:22.2507418Z Temporarily overriding HOME='/home/runner/work/_temp/0b043bb7-948d-4f97-8c87-c57af3693734' before making global git config changes
audit kyber-patched / gcc -Os	UNKNOWN STEP	2026-08-02T15:50:22.2509764Z Adding repository directory to the temporary git global config as a safe directory
audit kyber-patched / gcc -Os	UNKNOWN STEP	2026-08-02T15:50:22.2517737Z [command]/usr/bin/git config --global --add safe.directory /home/runner/work/kyberslash-evaluation/kyberslash-evaluation
audit kyber-patched / gcc -Os	UNKNOWN STEP	2026-08-02T15:50:22.2590376Z Deleting the contents of '/home/runner/work/kyberslash-evaluation/kyberslash-evaluation'
audit kyber-patched / gcc -Os	UNKNOWN STEP	2026-08-02T15:50:22.2593933Z ##[group]Initializing the repository
audit kyber-patched / gcc -Os	UNKNOWN STEP	2026-08-02T15:50:22.2595689Z [command]/usr/bin/git init /home/runner/work/kyberslash-evaluation/kyberslash-evaluation
audit kyber-patched / gcc -Os	UNKNOWN STEP	2026-08-02T15:50:22.2729871Z hint: Using 'master' as the name for the initial branch. This default branch name
audit kyber-patched / gcc -Os	UNKNOWN STEP	2026-08-02T15:50:22.2732353Z hint: will change to "main" in Git 3.0. To configure the initial branch name
audit kyber-patched / gcc -Os	UNKNOWN STEP	2026-08-02T15:50:22.2734089Z hint: to use in all of your new repositories, which will suppress this warning,
audit kyber-patched / gcc -Os	UNKNOWN STEP	2026-08-02T15:50:22.2735348Z hint: call:
audit kyber-patched / gcc -Os	UNKNOWN STEP	2026-08-02T15:50:22.2736011Z hint:
audit kyber-patched / gcc -Os	UNKNOWN STEP	2026-08-02T15:50:22.2737169Z hint: 	git config --global init.defaultBranch <name>
audit kyber-patched / gcc -Os	UNKNOWN STEP	2026-08-02T15:50:22.2738230Z hint:
audit kyber-patched / gcc -Os	UNKNOWN STEP	2026-08-02T15:50:22.2739262Z hint: Names commonly chosen instead of 'master' are 'main', 'trunk' and
audit kyber-patched / gcc -Os	UNKNOWN STEP	2026-08-02T15:50:22.2740851Z hint: 'development'. The just-created branch can be renamed via this command:
audit kyber-patched / gcc -Os	UNKNOWN STEP	2026-08-02T15:50:22.2743462Z hint:
audit kyber-patched / gcc -Os	UNKNOWN STEP	2026-08-02T15:50:22.2744545Z hint: 	git branch -m <name>
audit kyber-patched / gcc -Os	UNKNOWN STEP	2026-08-02T15:50:22.2745293Z hint:
audit kyber-patched / gcc -Os	UNKNOWN STEP	2026-08-02T15:50:22.2746510Z hint: Disable this message with "git config set advice.defaultBranchName false"
audit kyber-patched / gcc -Os	UNKNOWN STEP	2026-08-02T15:50:22.2748550Z Initialized empty Git repository in /home/runner/work/kyberslash-evaluation/kyberslash-evaluation/.git/
audit kyber-patched / gcc -Os	UNKNOWN STEP	2026-08-02T15:50:22.2759979Z [command]/usr/bin/git remote add origin https://github.com/Ace7111/kyberslash-evaluation
audit kyber-patched / gcc -Os	UNKNOWN STEP	2026-08-02T15:50:22.2844116Z ##[endgroup]
audit kyber-patched / gcc -Os	UNKNOWN STEP	2026-08-02T15:50:22.2845836Z ##[group]Disabling automatic garbage collection
audit kyber-patched / gcc -Os	UNKNOWN STEP	2026-08-02T15:50:22.2848010Z [command]/usr/bin/git config --local gc.auto 0
audit kyber-patched / gcc -Os	UNKNOWN STEP	2026-08-02T15:50:22.2901331Z ##[endgroup]
audit kyber-patched / gcc -Os	UNKNOWN STEP	2026-08-02T15:50:22.2903023Z ##[group]Setting up auth
audit kyber-patched / gcc -Os	UNKNOWN STEP	2026-08-02T15:50:22.2908106Z [command]/usr/bin/git config --local --name-only --get-regexp core\.sshCommand
audit kyber-patched / gcc -Os	UNKNOWN STEP	2026-08-02T15:50:22.2966553Z [command]/usr/bin/git submodule foreach --recursive sh -c "git config --local --name-only --get-regexp 'core\.sshCommand' && git config --local --unset-all 'core.sshCommand' || :"
audit kyber-patched / gcc -Os	UNKNOWN STEP	2026-08-02T15:50:22.3456689Z [command]/usr/bin/git config --local --name-only --get-regexp http\.https\:\/\/github\.com\/\.extraheader
audit kyber-patched / gcc -Os	UNKNOWN STEP	2026-08-02T15:50:22.3501295Z [command]/usr/bin/git submodule foreach --recursive sh -c "git config --local --name-only --get-regexp 'http\.https\:\/\/github\.com\/\.extraheader' && git config --local --unset-all 'http.https://github.com/.extraheader' || :"
audit kyber-patched / gcc -Os	UNKNOWN STEP	2026-08-02T15:50:22.3753319Z [command]/usr/bin/git config --local --name-only --get-regexp ^includeIf\.gitdir:
audit kyber-patched / gcc -Os	UNKNOWN STEP	2026-08-02T15:50:22.3790723Z [command]/usr/bin/git submodule foreach --recursive git config --local --show-origin --name-only --get-regexp remote.origin.url
audit kyber-patched / gcc -Os	UNKNOWN STEP	2026-08-02T15:50:22.4020396Z [command]/usr/bin/git config --local http.https://github.com/.extraheader AUTHORIZATION: basic ***
audit kyber-patched / gcc -Os	UNKNOWN STEP	2026-08-02T15:50:22.4060582Z ##[endgroup]
audit kyber-patched / gcc -Os	UNKNOWN STEP	2026-08-02T15:50:22.4061573Z ##[group]Fetching the repository
audit kyber-patched / gcc -Os	UNKNOWN STEP	2026-08-02T15:50:22.4071582Z [command]/usr/bin/git -c protocol.version=2 fetch --no-tags --prune --no-recurse-submodules --depth=1 origin +c36da0f41ae2be8e5a855b5edf63e5074665cffa:refs/remotes/origin/main
audit kyber-patched / gcc -Os	UNKNOWN STEP	2026-08-02T15:50:22.6285359Z From https://github.com/Ace7111/kyberslash-evaluation
audit kyber-patched / gcc -Os	UNKNOWN STEP	2026-08-02T15:50:22.6287954Z  * [new ref]         c36da0f41ae2be8e5a855b5edf63e5074665cffa -> origin/main
audit kyber-patched / gcc -Os	UNKNOWN STEP	2026-08-02T15:50:22.6327989Z ##[endgroup]
audit kyber-patched / gcc -Os	UNKNOWN STEP	2026-08-02T15:50:22.6329852Z ##[group]Determining the checkout info
audit kyber-patched / gcc -Os	UNKNOWN STEP	2026-08-02T15:50:22.6332006Z ##[endgroup]
audit kyber-patched / gcc -Os	UNKNOWN STEP	2026-08-02T15:50:22.6339533Z [command]/usr/bin/git sparse-checkout disable
audit kyber-patched / gcc -Os	UNKNOWN STEP	2026-08-02T15:50:22.6395636Z [command]/usr/bin/git config --local --unset-all extensions.worktreeConfig
audit kyber-patched / gcc -Os	UNKNOWN STEP	2026-08-02T15:50:22.6432553Z ##[group]Checking out the ref
audit kyber-patched / gcc -Os	UNKNOWN STEP	2026-08-02T15:50:22.6437606Z [command]/usr/bin/git checkout --progress --force -B main refs/remotes/origin/main
audit kyber-patched / gcc -Os	UNKNOWN STEP	2026-08-02T15:50:22.6609522Z Switched to a new branch 'main'
audit kyber-patched / gcc -Os	UNKNOWN STEP	2026-08-02T15:50:22.6612107Z branch 'main' set up to track 'origin/main'.
audit kyber-patched / gcc -Os	UNKNOWN STEP	2026-08-02T15:50:22.6617989Z ##[endgroup]
audit kyber-patched / gcc -Os	UNKNOWN STEP	2026-08-02T15:50:22.6664958Z [command]/usr/bin/git log -1 --format=%H
audit kyber-patched / gcc -Os	UNKNOWN STEP	2026-08-02T15:50:22.6693526Z c36da0f41ae2be8e5a855b5edf63e5074665cffa
audit kyber-patched / gcc -Os	UNKNOWN STEP	2026-08-02T15:50:22.7078821Z Node 20 is being deprecated. This workflow is running with Node 24 by default. If you need to temporarily use Node 20, you can set the ACTIONS_ALLOW_USE_UNSECURE_NODE_VERSION=true environment variable. For more information see: https://github.blog/changelog/2025-09-19-deprecation-of-node-20-on-github-actions-runners/
audit kyber-patched / gcc -Os	UNKNOWN STEP	2026-08-02T15:50:22.7084861Z ##[group]Run actions/setup-python@v5
audit kyber-patched / gcc -Os	UNKNOWN STEP	2026-08-02T15:50:22.7086305Z with:
audit kyber-patched / gcc -Os	UNKNOWN STEP	2026-08-02T15:50:22.7087245Z   python-version: 3.12
audit kyber-patched / gcc -Os	UNKNOWN STEP	2026-08-02T15:50:22.7088320Z   check-latest: false
audit kyber-patched / gcc -Os	UNKNOWN STEP	2026-08-02T15:50:22.7097978Z   token: ***
audit kyber-patched / gcc -Os	UNKNOWN STEP	2026-08-02T15:50:22.7098990Z   update-environment: true
audit kyber-patched / gcc -Os	UNKNOWN STEP	2026-08-02T15:50:22.7100163Z   allow-prereleases: false
audit kyber-patched / gcc -Os	UNKNOWN STEP	2026-08-02T15:50:22.7101322Z   freethreaded: false
audit kyber-patched / gcc -Os	UNKNOWN STEP	2026-08-02T15:50:22.7102354Z ##[endgroup]
audit kyber-patched / gcc -Os	UNKNOWN STEP	2026-08-02T15:50:22.8511773Z ##[group]Installed versions
audit kyber-patched / gcc -Os	UNKNOWN STEP	2026-08-02T15:50:22.8603417Z (node:2246) [DEP0040] DeprecationWarning: The `punycode` module is deprecated. Please use a userland alternative instead.
audit kyber-patched / gcc -Os	UNKNOWN STEP	2026-08-02T15:50:22.8608379Z (Use `node --trace-deprecation ...` to show where the warning was created)
audit kyber-patched / gcc -Os	UNKNOWN STEP	2026-08-02T15:50:22.8611243Z Successfully set up CPython (3.12.13)
audit kyber-patched / gcc -Os	UNKNOWN STEP	2026-08-02T15:50:22.8614157Z ##[endgroup]
audit kyber-patched / gcc -Os	UNKNOWN STEP	2026-08-02T15:50:22.8818333Z ##[group]Run git clone --quiet https://github.com/pq-crystals/kyber.git targets/pq-crystals-kyber
audit kyber-patched / gcc -Os	UNKNOWN STEP	2026-08-02T15:50:22.8821255Z ^[[36;1mgit clone --quiet https://github.com/pq-crystals/kyber.git targets/pq-crystals-kyber^[[0m
audit kyber-patched / gcc -Os	UNKNOWN STEP	2026-08-02T15:50:22.8894900Z shell: /usr/bin/bash -e {0}
audit kyber-patched / gcc -Os	UNKNOWN STEP	2026-08-02T15:50:22.8896651Z env:
audit kyber-patched / gcc -Os	UNKNOWN STEP	2026-08-02T15:50:22.8898007Z   pythonLocation: /opt/hostedtoolcache/Python/3.12.13/x64
audit kyber-patched / gcc -Os	UNKNOWN STEP	2026-08-02T15:50:22.8899918Z   PKG_CONFIG_PATH: /opt/hostedtoolcache/Python/3.12.13/x64/lib/pkgconfig
audit kyber-patched / gcc -Os	UNKNOWN STEP	2026-08-02T15:50:22.8901782Z   Python_ROOT_DIR: /opt/hostedtoolcache/Python/3.12.13/x64
audit kyber-patched / gcc -Os	UNKNOWN STEP	2026-08-02T15:50:22.8903494Z   Python2_ROOT_DIR: /opt/hostedtoolcache/Python/3.12.13/x64
audit kyber-patched / gcc -Os	UNKNOWN STEP	2026-08-02T15:50:22.8905175Z   Python3_ROOT_DIR: /opt/hostedtoolcache/Python/3.12.13/x64
audit kyber-patched / gcc -Os	UNKNOWN STEP	2026-08-02T15:50:22.8907244Z   LD_LIBRARY_PATH: /opt/hostedtoolcache/Python/3.12.13/x64/lib
audit kyber-patched / gcc -Os	UNKNOWN STEP	2026-08-02T15:50:22.8908702Z ##[endgroup]
audit kyber-patched / gcc -Os	UNKNOWN STEP	2026-08-02T15:50:23.1354654Z ##[group]Run gcc --version
audit kyber-patched / gcc -Os	UNKNOWN STEP	2026-08-02T15:50:23.1355778Z ^[[36;1mgcc --version^[[0m
audit kyber-patched / gcc -Os	UNKNOWN STEP	2026-08-02T15:50:23.1357115Z ^[[36;1mobjdump --version | head -1^[[0m
audit kyber-patched / gcc -Os	UNKNOWN STEP	2026-08-02T15:50:23.1358287Z ^[[36;1muname -m^[[0m
audit kyber-patched / gcc -Os	UNKNOWN STEP	2026-08-02T15:50:23.1404979Z shell: /usr/bin/bash -e {0}
audit kyber-patched / gcc -Os	UNKNOWN STEP	2026-08-02T15:50:23.1406014Z env:
audit kyber-patched / gcc -Os	UNKNOWN STEP	2026-08-02T15:50:23.1407380Z   pythonLocation: /opt/hostedtoolcache/Python/3.12.13/x64
audit kyber-patched / gcc -Os	UNKNOWN STEP	2026-08-02T15:50:23.1409218Z   PKG_CONFIG_PATH: /opt/hostedtoolcache/Python/3.12.13/x64/lib/pkgconfig
audit kyber-patched / gcc -Os	UNKNOWN STEP	2026-08-02T15:50:23.1411055Z   Python_ROOT_DIR: /opt/hostedtoolcache/Python/3.12.13/x64
audit kyber-patched / gcc -Os	UNKNOWN STEP	2026-08-02T15:50:23.1412707Z   Python2_ROOT_DIR: /opt/hostedtoolcache/Python/3.12.13/x64
audit kyber-patched / gcc -Os	UNKNOWN STEP	2026-08-02T15:50:23.1414386Z   Python3_ROOT_DIR: /opt/hostedtoolcache/Python/3.12.13/x64
audit kyber-patched / gcc -Os	UNKNOWN STEP	2026-08-02T15:50:23.1416323Z   LD_LIBRARY_PATH: /opt/hostedtoolcache/Python/3.12.13/x64/lib
audit kyber-patched / gcc -Os	UNKNOWN STEP	2026-08-02T15:50:23.1417827Z ##[endgroup]
audit kyber-patched / gcc -Os	UNKNOWN STEP	2026-08-02T15:50:23.1572883Z gcc (Ubuntu 13.3.0-6ubuntu2~24.04.1) 13.3.0
audit kyber-patched / gcc -Os	UNKNOWN STEP	2026-08-02T15:50:23.1576924Z Copyright (C) 2023 Free Software Foundation, Inc.
audit kyber-patched / gcc -Os	UNKNOWN STEP	2026-08-02T15:50:23.1579746Z This is free software; see the source for copying conditions.  There is NO
audit kyber-patched / gcc -Os	UNKNOWN STEP	2026-08-02T15:50:23.1582986Z warranty; not even for MERCHANTABILITY or FITNESS FOR A PARTICULAR PURPOSE.
audit kyber-patched / gcc -Os	UNKNOWN STEP	2026-08-02T15:50:23.1584958Z 
audit kyber-patched / gcc -Os	UNKNOWN STEP	2026-08-02T15:50:23.1643637Z GNU objdump (GNU Binutils for Ubuntu) 2.42
audit kyber-patched / gcc -Os	UNKNOWN STEP	2026-08-02T15:50:23.1655637Z x86_64
audit kyber-patched / gcc -Os	UNKNOWN STEP	2026-08-02T15:50:23.1731139Z ##[group]Run # NOTE the "=" on --opt-levels. Without it argparse reads a value like
audit kyber-patched / gcc -Os	UNKNOWN STEP	2026-08-02T15:50:23.1733265Z ^[[36;1m# NOTE the "=" on --opt-levels. Without it argparse reads a value like^[[0m
audit kyber-patched / gcc -Os	UNKNOWN STEP	2026-08-02T15:50:23.1735271Z ^[[36;1m# "-Os" as a flag and the run fails with "expected at least one argument".^[[0m
audit kyber-patched / gcc -Os	UNKNOWN STEP	2026-08-02T15:50:23.1737329Z ^[[36;1mpython3 scripts/build_matrix.py \^[[0m
audit kyber-patched / gcc -Os	UNKNOWN STEP	2026-08-02T15:50:23.1738596Z ^[[36;1m  --targets kyber-patched \^[[0m
audit kyber-patched / gcc -Os	UNKNOWN STEP	2026-08-02T15:50:23.1739741Z ^[[36;1m  --compilers gcc \^[[0m
audit kyber-patched / gcc -Os	UNKNOWN STEP	2026-08-02T15:50:23.1740799Z ^[[36;1m  --opt-levels='-Os' \^[[0m
audit kyber-patched / gcc -Os	UNKNOWN STEP	2026-08-02T15:50:23.1741866Z ^[[36;1m  --out audit.json^[[0m
audit kyber-patched / gcc -Os	UNKNOWN STEP	2026-08-02T15:50:23.1787864Z shell: /usr/bin/bash -e {0}
audit kyber-patched / gcc -Os	UNKNOWN STEP	2026-08-02T15:50:23.1788878Z env:
audit kyber-patched / gcc -Os	UNKNOWN STEP	2026-08-02T15:50:23.1789927Z   pythonLocation: /opt/hostedtoolcache/Python/3.12.13/x64
audit kyber-patched / gcc -Os	UNKNOWN STEP	2026-08-02T15:50:23.1791687Z   PKG_CONFIG_PATH: /opt/hostedtoolcache/Python/3.12.13/x64/lib/pkgconfig
audit kyber-patched / gcc -Os	UNKNOWN STEP	2026-08-02T15:50:23.1793485Z   Python_ROOT_DIR: /opt/hostedtoolcache/Python/3.12.13/x64
audit kyber-patched / gcc -Os	UNKNOWN STEP	2026-08-02T15:50:23.1795083Z   Python2_ROOT_DIR: /opt/hostedtoolcache/Python/3.12.13/x64
audit kyber-patched / gcc -Os	UNKNOWN STEP	2026-08-02T15:50:23.1797078Z   Python3_ROOT_DIR: /opt/hostedtoolcache/Python/3.12.13/x64
audit kyber-patched / gcc -Os	UNKNOWN STEP	2026-08-02T15:50:23.1798738Z   LD_LIBRARY_PATH: /opt/hostedtoolcache/Python/3.12.13/x64/lib
audit kyber-patched / gcc -Os	UNKNOWN STEP	2026-08-02T15:50:23.1800131Z ##[endgroup]
audit kyber-patched / gcc -Os	UNKNOWN STEP	2026-08-02T15:50:24.7353597Z [NO_SECRET_DEPENDENT_DIV ] kyber-patched_gcc_Os_768  secret_div=0 total_div=4
audit kyber-patched / gcc -Os	UNKNOWN STEP	2026-08-02T15:50:24.7354342Z 
audit kyber-patched / gcc -Os	UNKNOWN STEP	2026-08-02T15:50:24.7354644Z Wrote 1 cells to audit.json
audit kyber-patched / gcc -Os	UNKNOWN STEP	2026-08-02T15:50:24.7482775Z ##[group]Run python3 - <<'PY'
audit kyber-patched / gcc -Os	UNKNOWN STEP	2026-08-02T15:50:24.7483134Z ^[[36;1mpython3 - <<'PY'^[[0m
audit kyber-patched / gcc -Os	UNKNOWN STEP	2026-08-02T15:50:24.7483369Z ^[[36;1mimport json, sys^[[0m
audit kyber-patched / gcc -Os	UNKNOWN STEP	2026-08-02T15:50:24.7483634Z ^[[36;1mrows = json.load(open("audit.json"))^[[0m
audit kyber-patched / gcc -Os	UNKNOWN STEP	2026-08-02T15:50:24.7483919Z ^[[36;1m^[[0m
audit kyber-patched / gcc -Os	UNKNOWN STEP	2026-08-02T15:50:24.7484172Z ^[[36;1mgated = [r for r in rows if r.get("gate_failed_at")]^[[0m
audit kyber-patched / gcc -Os	UNKNOWN STEP	2026-08-02T15:50:24.7484500Z ^[[36;1mfor r in gated:^[[0m
audit kyber-patched / gcc -Os	UNKNOWN STEP	2026-08-02T15:50:24.7484791Z ^[[36;1m    print(f"::warning::{r['experiment_id']} failed at "^[[0m
audit kyber-patched / gcc -Os	UNKNOWN STEP	2026-08-02T15:50:24.7485203Z ^[[36;1m          f"{r['gate_failed_at']} - no security verdict produced")^[[0m
audit kyber-patched / gcc -Os	UNKNOWN STEP	2026-08-02T15:50:24.7485543Z ^[[36;1m^[[0m
audit kyber-patched / gcc -Os	UNKNOWN STEP	2026-08-02T15:50:24.7485827Z ^[[36;1mvulnerable = [r for r in rows if r.get("verdict") == "VULNERABLE"]^[[0m
audit kyber-patched / gcc -Os	UNKNOWN STEP	2026-08-02T15:50:24.7486523Z ^[[36;1mfor r in vulnerable:^[[0m
audit kyber-patched / gcc -Os	UNKNOWN STEP	2026-08-02T15:50:24.7486865Z ^[[36;1m    fns = ", ".join(r.get("vulnerable_functions", []))^[[0m
audit kyber-patched / gcc -Os	UNKNOWN STEP	2026-08-02T15:50:24.7487285Z ^[[36;1m    variants = ", ".join(r.get("kyberslash_variants", []))^[[0m
audit kyber-patched / gcc -Os	UNKNOWN STEP	2026-08-02T15:50:24.7487733Z ^[[36;1m    print(f"::error::{r['experiment_id']}: secret-dependent division in "^[[0m
audit kyber-patched / gcc -Os	UNKNOWN STEP	2026-08-02T15:50:24.7488117Z ^[[36;1m          f"{fns} ({variants})")^[[0m
audit kyber-patched / gcc -Os	UNKNOWN STEP	2026-08-02T15:50:24.7488372Z ^[[36;1m^[[0m
audit kyber-patched / gcc -Os	UNKNOWN STEP	2026-08-02T15:50:24.7488595Z ^[[36;1mif vulnerable:^[[0m
audit kyber-patched / gcc -Os	UNKNOWN STEP	2026-08-02T15:50:24.7488817Z ^[[36;1m    sys.exit(1)^[[0m
audit kyber-patched / gcc -Os	UNKNOWN STEP	2026-08-02T15:50:24.7489034Z ^[[36;1m^[[0m
audit kyber-patched / gcc -Os	UNKNOWN STEP	2026-08-02T15:50:24.7489293Z ^[[36;1maudited = [r for r in rows if not r.get("gate_failed_at")]^[[0m
audit kyber-patched / gcc -Os	UNKNOWN STEP	2026-08-02T15:50:24.7489634Z ^[[36;1mif not audited:^[[0m
audit kyber-patched / gcc -Os	UNKNOWN STEP	2026-08-02T15:50:24.7489999Z ^[[36;1m    print("::error::no cell produced a verdict - nothing was actually audited")^[[0m
audit kyber-patched / gcc -Os	UNKNOWN STEP	2026-08-02T15:50:24.7490403Z ^[[36;1m    sys.exit(1)^[[0m
audit kyber-patched / gcc -Os	UNKNOWN STEP	2026-08-02T15:50:24.7490618Z ^[[36;1m^[[0m
audit kyber-patched / gcc -Os	UNKNOWN STEP	2026-08-02T15:50:24.7490948Z ^[[36;1m# Incidental divisions are expected and must not fail the build. Reporting^[[0m
audit kyber-patched / gcc -Os	UNKNOWN STEP	2026-08-02T15:50:24.7491500Z ^[[36;1m# them keeps the distinction visible: a correctly patched binary still^[[0m
audit kyber-patched / gcc -Os	UNKNOWN STEP	2026-08-02T15:50:24.7492018Z ^[[36;1m# contains divisions in Keccak and rejection sampling, and a check that^[[0m
audit kyber-patched / gcc -Os	UNKNOWN STEP	2026-08-02T15:50:24.7492502Z ^[[36;1m# merely grepped for a division mnemonic would reject it.^[[0m
audit kyber-patched / gcc -Os	UNKNOWN STEP	2026-08-02T15:50:24.7492856Z ^[[36;1mfor r in audited:^[[0m
audit kyber-patched / gcc -Os	UNKNOWN STEP	2026-08-02T15:50:24.7493122Z ^[[36;1m    print(f"{r['experiment_id']}: clean "^[[0m
audit kyber-patched / gcc -Os	UNKNOWN STEP	2026-08-02T15:50:24.7493492Z ^[[36;1m          f"({r.get('total_divisions', 0)} incidental division(s))")^[[0m
audit kyber-patched / gcc -Os	UNKNOWN STEP	2026-08-02T15:50:24.7493830Z ^[[36;1mPY^[[0m
audit kyber-patched / gcc -Os	UNKNOWN STEP	2026-08-02T15:50:24.7540889Z shell: /usr/bin/bash -e {0}
audit kyber-patched / gcc -Os	UNKNOWN STEP	2026-08-02T15:50:24.7541148Z env:
audit kyber-patched / gcc -Os	UNKNOWN STEP	2026-08-02T15:50:24.7541417Z   pythonLocation: /opt/hostedtoolcache/Python/3.12.13/x64
audit kyber-patched / gcc -Os	UNKNOWN STEP	2026-08-02T15:50:24.7541858Z   PKG_CONFIG_PATH: /opt/hostedtoolcache/Python/3.12.13/x64/lib/pkgconfig
audit kyber-patched / gcc -Os	UNKNOWN STEP	2026-08-02T15:50:24.7542290Z   Python_ROOT_DIR: /opt/hostedtoolcache/Python/3.12.13/x64
audit kyber-patched / gcc -Os	UNKNOWN STEP	2026-08-02T15:50:24.7542904Z   Python2_ROOT_DIR: /opt/hostedtoolcache/Python/3.12.13/x64
audit kyber-patched / gcc -Os	UNKNOWN STEP	2026-08-02T15:50:24.7543287Z   Python3_ROOT_DIR: /opt/hostedtoolcache/Python/3.12.13/x64
audit kyber-patched / gcc -Os	UNKNOWN STEP	2026-08-02T15:50:24.7543674Z   LD_LIBRARY_PATH: /opt/hostedtoolcache/Python/3.12.13/x64/lib
audit kyber-patched / gcc -Os	UNKNOWN STEP	2026-08-02T15:50:24.7543997Z ##[endgroup]
audit kyber-patched / gcc -Os	UNKNOWN STEP	2026-08-02T15:50:24.7801765Z EXP-kyber-patched_gcc_Os_768: clean (4 incidental division(s))
audit kyber-patched / gcc -Os	UNKNOWN STEP	2026-08-02T15:50:24.7911865Z Node 20 is being deprecated. This workflow is running with Node 24 by default. If you need to temporarily use Node 20, you can set the ACTIONS_ALLOW_USE_UNSECURE_NODE_VERSION=true environment variable. For more information see: https://github.blog/changelog/2025-09-19-deprecation-of-node-20-on-github-actions-runners/
audit kyber-patched / gcc -Os	UNKNOWN STEP	2026-08-02T15:50:24.7913150Z ##[group]Run actions/upload-artifact@v4
audit kyber-patched / gcc -Os	UNKNOWN STEP	2026-08-02T15:50:24.7913420Z with:
audit kyber-patched / gcc -Os	UNKNOWN STEP	2026-08-02T15:50:24.7913634Z   name: audit-kyber-patched-gcc--Os
audit kyber-patched / gcc -Os	UNKNOWN STEP	2026-08-02T15:50:24.7913904Z   path: audit.json
audit kyber-patched / gcc -Os	UNKNOWN STEP	2026-08-02T15:50:24.7914120Z   if-no-files-found: warn
audit kyber-patched / gcc -Os	UNKNOWN STEP	2026-08-02T15:50:24.7914379Z   compression-level: 6
audit kyber-patched / gcc -Os	UNKNOWN STEP	2026-08-02T15:50:24.7914591Z   overwrite: false
audit kyber-patched / gcc -Os	UNKNOWN STEP	2026-08-02T15:50:24.7914807Z   include-hidden-files: false
audit kyber-patched / gcc -Os	UNKNOWN STEP	2026-08-02T15:50:24.7915051Z env:
audit kyber-patched / gcc -Os	UNKNOWN STEP	2026-08-02T15:50:24.7915301Z   pythonLocation: /opt/hostedtoolcache/Python/3.12.13/x64
audit kyber-patched / gcc -Os	UNKNOWN STEP	2026-08-02T15:50:24.7915726Z   PKG_CONFIG_PATH: /opt/hostedtoolcache/Python/3.12.13/x64/lib/pkgconfig
audit kyber-patched / gcc -Os	UNKNOWN STEP	2026-08-02T15:50:24.7916496Z   Python_ROOT_DIR: /opt/hostedtoolcache/Python/3.12.13/x64
audit kyber-patched / gcc -Os	UNKNOWN STEP	2026-08-02T15:50:24.7916892Z   Python2_ROOT_DIR: /opt/hostedtoolcache/Python/3.12.13/x64
audit kyber-patched / gcc -Os	UNKNOWN STEP	2026-08-02T15:50:24.7917268Z   Python3_ROOT_DIR: /opt/hostedtoolcache/Python/3.12.13/x64
audit kyber-patched / gcc -Os	UNKNOWN STEP	2026-08-02T15:50:24.7917651Z   LD_LIBRARY_PATH: /opt/hostedtoolcache/Python/3.12.13/x64/lib
audit kyber-patched / gcc -Os	UNKNOWN STEP	2026-08-02T15:50:24.7917968Z ##[endgroup]
audit kyber-patched / gcc -Os	UNKNOWN STEP	2026-08-02T15:50:24.9523934Z (node:2309) [DEP0040] DeprecationWarning: The `punycode` module is deprecated. Please use a userland alternative instead.
audit kyber-patched / gcc -Os	UNKNOWN STEP	2026-08-02T15:50:24.9524906Z (Use `node --trace-deprecation ...` to show where the warning was created)
audit kyber-patched / gcc -Os	UNKNOWN STEP	2026-08-02T15:50:24.9572849Z With the provided path, there will be 1 file uploaded
audit kyber-patched / gcc -Os	UNKNOWN STEP	2026-08-02T15:50:24.9586382Z Artifact name is valid!
audit kyber-patched / gcc -Os	UNKNOWN STEP	2026-08-02T15:50:24.9607073Z Root directory input is valid!
audit kyber-patched / gcc -Os	UNKNOWN STEP	2026-08-02T15:50:25.0962550Z Beginning upload of artifact content to blob storage
audit kyber-patched / gcc -Os	UNKNOWN STEP	2026-08-02T15:50:25.1155506Z (node:2309) [DEP0169] DeprecationWarning: `url.parse()` behavior is not standardized and prone to errors that have security implications. Use the WHATWG URL API instead. CVEs are not issued for `url.parse()` vulnerabilities.
audit kyber-patched / gcc -Os	UNKNOWN STEP	2026-08-02T15:50:25.1419655Z Uploaded bytes 685
audit kyber-patched / gcc -Os	UNKNOWN STEP	2026-08-02T15:50:25.1576932Z Finished uploading artifact content to blob storage!
audit kyber-patched / gcc -Os	UNKNOWN STEP	2026-08-02T15:50:25.1578578Z SHA256 digest of uploaded artifact zip is a6f3df1a4a1aca56730f283c49ea6d3507a560dc16542d89ad2b2454edc3d3f7
audit kyber-patched / gcc -Os	UNKNOWN STEP	2026-08-02T15:50:25.1580322Z Finalizing artifact upload
audit kyber-patched / gcc -Os	UNKNOWN STEP	2026-08-02T15:50:25.3150816Z Artifact audit-kyber-patched-gcc--Os.zip successfully finalized. Artifact ID 8835714514
audit kyber-patched / gcc -Os	UNKNOWN STEP	2026-08-02T15:50:25.3153253Z Artifact audit-kyber-patched-gcc--Os has been successfully uploaded! Final size is 685 bytes. Artifact ID is 8835714514
audit kyber-patched / gcc -Os	UNKNOWN STEP	2026-08-02T15:50:25.3160983Z Artifact download URL: https://github.com/Ace7111/kyberslash-evaluation/actions/runs/30755244934/artifacts/8835714514
audit kyber-patched / gcc -Os	UNKNOWN STEP	2026-08-02T15:50:25.3346403Z Node 20 is being deprecated. This workflow is running with Node 24 by default. If you need to temporarily use Node 20, you can set the ACTIONS_ALLOW_USE_UNSECURE_NODE_VERSION=true environment variable. For more information see: https://github.blog/changelog/2025-09-19-deprecation-of-node-20-on-github-actions-runners/
audit kyber-patched / gcc -Os	UNKNOWN STEP	2026-08-02T15:50:25.3347716Z Post job cleanup.
audit kyber-patched / gcc -Os	UNKNOWN STEP	2026-08-02T15:50:25.4547228Z (node:2321) [DEP0040] DeprecationWarning: The `punycode` module is deprecated. Please use a userland alternative instead.
audit kyber-patched / gcc -Os	UNKNOWN STEP	2026-08-02T15:50:25.4548303Z (Use `node --trace-deprecation ...` to show where the warning was created)
audit kyber-patched / gcc -Os	UNKNOWN STEP	2026-08-02T15:50:25.4708986Z Node 20 is being deprecated. This workflow is running with Node 24 by default. If you need to temporarily use Node 20, you can set the ACTIONS_ALLOW_USE_UNSECURE_NODE_VERSION=true environment variable. For more information see: https://github.blog/changelog/2025-09-19-deprecation-of-node-20-on-github-actions-runners/
audit kyber-patched / gcc -Os	UNKNOWN STEP	2026-08-02T15:50:25.4710387Z Post job cleanup.
audit kyber-patched / gcc -Os	UNKNOWN STEP	2026-08-02T15:50:25.5668497Z [command]/usr/bin/git version
audit kyber-patched / gcc -Os	UNKNOWN STEP	2026-08-02T15:50:25.5730923Z git version 2.54.0
audit kyber-patched / gcc -Os	UNKNOWN STEP	2026-08-02T15:50:25.5779375Z Temporarily overriding HOME='/home/runner/work/_temp/87af246e-4125-441f-93a0-4d1c44ed895b' before making global git config changes
audit kyber-patched / gcc -Os	UNKNOWN STEP	2026-08-02T15:50:25.5797355Z Adding repository directory to the temporary git global config as a safe directory
audit kyber-patched / gcc -Os	UNKNOWN STEP	2026-08-02T15:50:25.5798831Z [command]/usr/bin/git config --global --add safe.directory /home/runner/work/kyberslash-evaluation/kyberslash-evaluation
audit kyber-patched / gcc -Os	UNKNOWN STEP	2026-08-02T15:50:25.5857298Z [command]/usr/bin/git config --local --name-only --get-regexp core\.sshCommand
audit kyber-patched / gcc -Os	UNKNOWN STEP	2026-08-02T15:50:25.5892555Z [command]/usr/bin/git submodule foreach --recursive sh -c "git config --local --name-only --get-regexp 'core\.sshCommand' && git config --local --unset-all 'core.sshCommand' || :"
audit kyber-patched / gcc -Os	UNKNOWN STEP	2026-08-02T15:50:25.6248169Z [command]/usr/bin/git config --local --name-only --get-regexp http\.https\:\/\/github\.com\/\.extraheader
audit kyber-patched / gcc -Os	UNKNOWN STEP	2026-08-02T15:50:25.6293017Z http.https://github.com/.extraheader
audit kyber-patched / gcc -Os	UNKNOWN STEP	2026-08-02T15:50:25.6309890Z [command]/usr/bin/git config --local --unset-all http.https://github.com/.extraheader
audit kyber-patched / gcc -Os	UNKNOWN STEP	2026-08-02T15:50:25.6357108Z [command]/usr/bin/git submodule foreach --recursive sh -c "git config --local --name-only --get-regexp 'http\.https\:\/\/github\.com\/\.extraheader' && git config --local --unset-all 'http.https://github.com/.extraheader' || :"
audit kyber-patched / gcc -Os	UNKNOWN STEP	2026-08-02T15:50:25.6680749Z [command]/usr/bin/git config --local --name-only --get-regexp ^includeIf\.gitdir:
audit kyber-patched / gcc -Os	UNKNOWN STEP	2026-08-02T15:50:25.6727961Z [command]/usr/bin/git submodule foreach --recursive git config --local --show-origin --name-only --get-regexp remote.origin.url
audit kyber-patched / gcc -Os	UNKNOWN STEP	2026-08-02T15:50:25.7131538Z Cleaning up orphan processes
audit kyber-patched / gcc -Os	UNKNOWN STEP	2026-08-02T15:50:25.7439706Z ##[warning]Node.js 20 is deprecated. The following actions target Node.js 20 but are being forced to run on Node.js 24: actions/checkout@v4, actions/setup-python@v5, actions/upload-artifact@v4. For more information see: https://github.blog/changelog/2025-09-19-deprecation-of-node-20-on-github-actions-runners/
audit kyber-current / gcc -O2	UNKNOWN STEP	﻿2026-08-02T15:50:34.6511820Z Current runner version: '2.336.0'
audit kyber-current / gcc -O2	UNKNOWN STEP	2026-08-02T15:50:34.6531633Z ##[group]Runner Image Provisioner
audit kyber-current / gcc -O2	UNKNOWN STEP	2026-08-02T15:50:34.6532329Z Hosted Compute Agent
audit kyber-current / gcc -O2	UNKNOWN STEP	2026-08-02T15:50:34.6532694Z Version: 20260707.563
audit kyber-current / gcc -O2	UNKNOWN STEP	2026-08-02T15:50:34.6533099Z Commit: 02667638d2b423fbc733a8e32a88b44996a3ba6e
audit kyber-current / gcc -O2	UNKNOWN STEP	2026-08-02T15:50:34.6533604Z Build Date: 2026-07-07T19:33:50Z
audit kyber-current / gcc -O2	UNKNOWN STEP	2026-08-02T15:50:34.6534033Z Worker ID: {5b8afe2d-d0c7-42f6-ab01-7cf6d71fb332}
audit kyber-current / gcc -O2	UNKNOWN STEP	2026-08-02T15:50:34.6534496Z Azure Region: westus3
audit kyber-current / gcc -O2	UNKNOWN STEP	2026-08-02T15:50:34.6534865Z ##[endgroup]
audit kyber-current / gcc -O2	UNKNOWN STEP	2026-08-02T15:50:34.6535712Z ##[group]Operating System
audit kyber-current / gcc -O2	UNKNOWN STEP	2026-08-02T15:50:34.6536133Z Ubuntu
audit kyber-current / gcc -O2	UNKNOWN STEP	2026-08-02T15:50:34.6536472Z 24.04.4
audit kyber-current / gcc -O2	UNKNOWN STEP	2026-08-02T15:50:34.6536772Z LTS
audit kyber-current / gcc -O2	UNKNOWN STEP	2026-08-02T15:50:34.6537136Z ##[endgroup]
audit kyber-current / gcc -O2	UNKNOWN STEP	2026-08-02T15:50:34.6537473Z ##[group]Runner Image
audit kyber-current / gcc -O2	UNKNOWN STEP	2026-08-02T15:50:34.6538039Z Image: ubuntu-24.04
audit kyber-current / gcc -O2	UNKNOWN STEP	2026-08-02T15:50:34.6538396Z Version: 20260720.247.2
audit kyber-current / gcc -O2	UNKNOWN STEP	2026-08-02T15:50:34.6539557Z Included Software: https://github.com/actions/runner-images/blob/ubuntu24/20260720.247/images/ubuntu/Ubuntu2404-Readme.md
audit kyber-current / gcc -O2	UNKNOWN STEP	2026-08-02T15:50:34.6540467Z Image Release: https://github.com/actions/runner-images/releases/tag/ubuntu24%2F20260720.247
audit kyber-current / gcc -O2	UNKNOWN STEP	2026-08-02T15:50:34.6541063Z ##[endgroup]
audit kyber-current / gcc -O2	UNKNOWN STEP	2026-08-02T15:50:34.6541764Z ##[group]GITHUB_TOKEN Permissions
audit kyber-current / gcc -O2	UNKNOWN STEP	2026-08-02T15:50:34.6543286Z Contents: read
audit kyber-current / gcc -O2	UNKNOWN STEP	2026-08-02T15:50:34.6543674Z Metadata: read
audit kyber-current / gcc -O2	UNKNOWN STEP	2026-08-02T15:50:34.6543999Z Packages: read
audit kyber-current / gcc -O2	UNKNOWN STEP	2026-08-02T15:50:34.6544407Z ##[endgroup]
audit kyber-current / gcc -O2	UNKNOWN STEP	2026-08-02T15:50:34.6545869Z Secret source: Actions
audit kyber-current / gcc -O2	UNKNOWN STEP	2026-08-02T15:50:34.6546554Z Prepare workflow directory
audit kyber-current / gcc -O2	UNKNOWN STEP	2026-08-02T15:50:34.6772965Z Prepare all required actions
audit kyber-current / gcc -O2	UNKNOWN STEP	2026-08-02T15:50:34.6806686Z Getting action download info
audit kyber-current / gcc -O2	UNKNOWN STEP	2026-08-02T15:50:34.9689448Z Download action repository 'actions/checkout@v4' (SHA:11d5960a326750d5838078e36cf38b85af677262)
audit kyber-current / gcc -O2	UNKNOWN STEP	2026-08-02T15:50:35.5426015Z Download action repository 'actions/setup-python@v5' (SHA:a26af69be951a213d495a4c3e4e4022e16d87065)
audit kyber-current / gcc -O2	UNKNOWN STEP	2026-08-02T15:50:36.0314575Z Download action repository 'actions/upload-artifact@v4' (SHA:ea165f8d65b6e75b540449e92b4886f43607fa02)
audit kyber-current / gcc -O2	UNKNOWN STEP	2026-08-02T15:50:36.5147189Z Complete job name: audit kyber-current / gcc -O2
audit kyber-current / gcc -O2	UNKNOWN STEP	2026-08-02T15:50:36.5718540Z Node 20 is being deprecated. This workflow is running with Node 24 by default. If you need to temporarily use Node 20, you can set the ACTIONS_ALLOW_USE_UNSECURE_NODE_VERSION=true environment variable. For more information see: https://github.blog/changelog/2025-09-19-deprecation-of-node-20-on-github-actions-runners/
audit kyber-current / gcc -O2	UNKNOWN STEP	2026-08-02T15:50:36.5724833Z ##[group]Run actions/checkout@v4
audit kyber-current / gcc -O2	UNKNOWN STEP	2026-08-02T15:50:36.5725501Z with:
audit kyber-current / gcc -O2	UNKNOWN STEP	2026-08-02T15:50:36.5726029Z   repository: Ace7111/kyberslash-evaluation
audit kyber-current / gcc -O2	UNKNOWN STEP	2026-08-02T15:50:36.5731465Z   token: ***
audit kyber-current / gcc -O2	UNKNOWN STEP	2026-08-02T15:50:36.5731971Z   ssh-strict: true
audit kyber-current / gcc -O2	UNKNOWN STEP	2026-08-02T15:50:36.5732475Z   ssh-user: git
audit kyber-current / gcc -O2	UNKNOWN STEP	2026-08-02T15:50:36.5732985Z   persist-credentials: true
audit kyber-current / gcc -O2	UNKNOWN STEP	2026-08-02T15:50:36.5733545Z   clean: true
audit kyber-current / gcc -O2	UNKNOWN STEP	2026-08-02T15:50:36.5734060Z   sparse-checkout-cone-mode: true
audit kyber-current / gcc -O2	UNKNOWN STEP	2026-08-02T15:50:36.5734665Z   fetch-depth: 1
audit kyber-current / gcc -O2	UNKNOWN STEP	2026-08-02T15:50:36.5735167Z   fetch-tags: false
audit kyber-current / gcc -O2	UNKNOWN STEP	2026-08-02T15:50:36.5735685Z   show-progress: true
audit kyber-current / gcc -O2	UNKNOWN STEP	2026-08-02T15:50:36.5736240Z   lfs: false
audit kyber-current / gcc -O2	UNKNOWN STEP	2026-08-02T15:50:36.5736751Z   submodules: false
audit kyber-current / gcc -O2	UNKNOWN STEP	2026-08-02T15:50:36.5737281Z   set-safe-directory: true
audit kyber-current / gcc -O2	UNKNOWN STEP	2026-08-02T15:50:36.5738084Z   allow-unsafe-pr-checkout: false
audit kyber-current / gcc -O2	UNKNOWN STEP	2026-08-02T15:50:36.5738809Z ##[endgroup]
audit kyber-current / gcc -O2	UNKNOWN STEP	2026-08-02T15:50:36.6439041Z Syncing repository: Ace7111/kyberslash-evaluation
audit kyber-current / gcc -O2	UNKNOWN STEP	2026-08-02T15:50:36.6441309Z ##[group]Getting Git version info
audit kyber-current / gcc -O2	UNKNOWN STEP	2026-08-02T15:50:36.6442451Z Working directory is '/home/runner/work/kyberslash-evaluation/kyberslash-evaluation'
audit kyber-current / gcc -O2	UNKNOWN STEP	2026-08-02T15:50:36.6443975Z [command]/usr/bin/git version
audit kyber-current / gcc -O2	UNKNOWN STEP	2026-08-02T15:50:36.6530651Z git version 2.54.0
audit kyber-current / gcc -O2	UNKNOWN STEP	2026-08-02T15:50:36.6533268Z ##[endgroup]
audit kyber-current / gcc -O2	UNKNOWN STEP	2026-08-02T15:50:36.6546127Z Temporarily overriding HOME='/home/runner/work/_temp/520077b1-c766-4242-8df6-b34fe11f9a3a' before making global git config changes
audit kyber-current / gcc -O2	UNKNOWN STEP	2026-08-02T15:50:36.6548125Z Adding repository directory to the temporary git global config as a safe directory
audit kyber-current / gcc -O2	UNKNOWN STEP	2026-08-02T15:50:36.6550479Z [command]/usr/bin/git config --global --add safe.directory /home/runner/work/kyberslash-evaluation/kyberslash-evaluation
audit kyber-current / gcc -O2	UNKNOWN STEP	2026-08-02T15:50:36.6725454Z Deleting the contents of '/home/runner/work/kyberslash-evaluation/kyberslash-evaluation'
audit kyber-current / gcc -O2	UNKNOWN STEP	2026-08-02T15:50:36.6733894Z ##[group]Initializing the repository
audit kyber-current / gcc -O2	UNKNOWN STEP	2026-08-02T15:50:36.6737129Z [command]/usr/bin/git init /home/runner/work/kyberslash-evaluation/kyberslash-evaluation
audit kyber-current / gcc -O2	UNKNOWN STEP	2026-08-02T15:50:36.6915178Z hint: Using 'master' as the name for the initial branch. This default branch name
audit kyber-current / gcc -O2	UNKNOWN STEP	2026-08-02T15:50:36.6917729Z hint: will change to "main" in Git 3.0. To configure the initial branch name
audit kyber-current / gcc -O2	UNKNOWN STEP	2026-08-02T15:50:36.6920076Z hint: to use in all of your new repositories, which will suppress this warning,
audit kyber-current / gcc -O2	UNKNOWN STEP	2026-08-02T15:50:36.6921589Z hint: call:
audit kyber-current / gcc -O2	UNKNOWN STEP	2026-08-02T15:50:36.6922620Z hint:
audit kyber-current / gcc -O2	UNKNOWN STEP	2026-08-02T15:50:36.6923608Z hint: 	git config --global init.defaultBranch <name>
audit kyber-current / gcc -O2	UNKNOWN STEP	2026-08-02T15:50:36.6925601Z hint:
audit kyber-current / gcc -O2	UNKNOWN STEP	2026-08-02T15:50:36.6926637Z hint: Names commonly chosen instead of 'master' are 'main', 'trunk' and
audit kyber-current / gcc -O2	UNKNOWN STEP	2026-08-02T15:50:36.6928549Z hint: 'development'. The just-created branch can be renamed via this command:
audit kyber-current / gcc -O2	UNKNOWN STEP	2026-08-02T15:50:36.6929954Z hint:
audit kyber-current / gcc -O2	UNKNOWN STEP	2026-08-02T15:50:36.6930680Z hint: 	git branch -m <name>
audit kyber-current / gcc -O2	UNKNOWN STEP	2026-08-02T15:50:36.6931474Z hint:
audit kyber-current / gcc -O2	UNKNOWN STEP	2026-08-02T15:50:36.6932566Z hint: Disable this message with "git config set advice.defaultBranchName false"
audit kyber-current / gcc -O2	UNKNOWN STEP	2026-08-02T15:50:36.6934628Z Initialized empty Git repository in /home/runner/work/kyberslash-evaluation/kyberslash-evaluation/.git/
audit kyber-current / gcc -O2	UNKNOWN STEP	2026-08-02T15:50:36.6938216Z [command]/usr/bin/git remote add origin https://github.com/Ace7111/kyberslash-evaluation
audit kyber-current / gcc -O2	UNKNOWN STEP	2026-08-02T15:50:36.7121479Z ##[endgroup]
audit kyber-current / gcc -O2	UNKNOWN STEP	2026-08-02T15:50:36.7122957Z ##[group]Disabling automatic garbage collection
audit kyber-current / gcc -O2	UNKNOWN STEP	2026-08-02T15:50:36.7125719Z [command]/usr/bin/git config --local gc.auto 0
audit kyber-current / gcc -O2	UNKNOWN STEP	2026-08-02T15:50:36.7319731Z ##[endgroup]
audit kyber-current / gcc -O2	UNKNOWN STEP	2026-08-02T15:50:36.7320704Z ##[group]Setting up auth
audit kyber-current / gcc -O2	UNKNOWN STEP	2026-08-02T15:50:36.7327498Z [command]/usr/bin/git config --local --name-only --get-regexp core\.sshCommand
audit kyber-current / gcc -O2	UNKNOWN STEP	2026-08-02T15:50:36.7366910Z [command]/usr/bin/git submodule foreach --recursive sh -c "git config --local --name-only --get-regexp 'core\.sshCommand' && git config --local --unset-all 'core.sshCommand' || :"
audit kyber-current / gcc -O2	UNKNOWN STEP	2026-08-02T15:50:36.7633666Z [command]/usr/bin/git config --local --name-only --get-regexp http\.https\:\/\/github\.com\/\.extraheader
audit kyber-current / gcc -O2	UNKNOWN STEP	2026-08-02T15:50:36.7665809Z [command]/usr/bin/git submodule foreach --recursive sh -c "git config --local --name-only --get-regexp 'http\.https\:\/\/github\.com\/\.extraheader' && git config --local --unset-all 'http.https://github.com/.extraheader' || :"
audit kyber-current / gcc -O2	UNKNOWN STEP	2026-08-02T15:50:36.7843892Z [command]/usr/bin/git config --local --name-only --get-regexp ^includeIf\.gitdir:
audit kyber-current / gcc -O2	UNKNOWN STEP	2026-08-02T15:50:36.7873373Z [command]/usr/bin/git submodule foreach --recursive git config --local --show-origin --name-only --get-regexp remote.origin.url
audit kyber-current / gcc -O2	UNKNOWN STEP	2026-08-02T15:50:36.8051507Z [command]/usr/bin/git config --local http.https://github.com/.extraheader AUTHORIZATION: basic ***
audit kyber-current / gcc -O2	UNKNOWN STEP	2026-08-02T15:50:36.8134984Z ##[endgroup]
audit kyber-current / gcc -O2	UNKNOWN STEP	2026-08-02T15:50:36.8136546Z ##[group]Fetching the repository
audit kyber-current / gcc -O2	UNKNOWN STEP	2026-08-02T15:50:36.8144319Z [command]/usr/bin/git -c protocol.version=2 fetch --no-tags --prune --no-recurse-submodules --depth=1 origin +c36da0f41ae2be8e5a855b5edf63e5074665cffa:refs/remotes/origin/main
audit kyber-current / gcc -O2	UNKNOWN STEP	2026-08-02T15:50:37.5283091Z From https://github.com/Ace7111/kyberslash-evaluation
audit kyber-current / gcc -O2	UNKNOWN STEP	2026-08-02T15:50:37.5283699Z  * [new ref]         c36da0f41ae2be8e5a855b5edf63e5074665cffa -> origin/main
audit kyber-current / gcc -O2	UNKNOWN STEP	2026-08-02T15:50:37.5301504Z ##[endgroup]
audit kyber-current / gcc -O2	UNKNOWN STEP	2026-08-02T15:50:37.5301857Z ##[group]Determining the checkout info
audit kyber-current / gcc -O2	UNKNOWN STEP	2026-08-02T15:50:37.5303475Z ##[endgroup]
audit kyber-current / gcc -O2	UNKNOWN STEP	2026-08-02T15:50:37.5307837Z [command]/usr/bin/git sparse-checkout disable
audit kyber-current / gcc -O2	UNKNOWN STEP	2026-08-02T15:50:37.7412482Z [command]/usr/bin/git config --local --unset-all extensions.worktreeConfig
audit kyber-current / gcc -O2	UNKNOWN STEP	2026-08-02T15:50:37.7796562Z ##[group]Checking out the ref
audit kyber-current / gcc -O2	UNKNOWN STEP	2026-08-02T15:50:37.7802331Z [command]/usr/bin/git checkout --progress --force -B main refs/remotes/origin/main
audit kyber-current / gcc -O2	UNKNOWN STEP	2026-08-02T15:50:37.8914887Z Switched to a new branch 'main'
audit kyber-current / gcc -O2	UNKNOWN STEP	2026-08-02T15:50:37.8915912Z branch 'main' set up to track 'origin/main'.
audit kyber-current / gcc -O2	UNKNOWN STEP	2026-08-02T15:50:37.8928249Z ##[endgroup]
audit kyber-current / gcc -O2	UNKNOWN STEP	2026-08-02T15:50:37.8962545Z [command]/usr/bin/git log -1 --format=%H
audit kyber-current / gcc -O2	UNKNOWN STEP	2026-08-02T15:50:37.8984842Z c36da0f41ae2be8e5a855b5edf63e5074665cffa
audit kyber-current / gcc -O2	UNKNOWN STEP	2026-08-02T15:50:37.9166677Z Node 20 is being deprecated. This workflow is running with Node 24 by default. If you need to temporarily use Node 20, you can set the ACTIONS_ALLOW_USE_UNSECURE_NODE_VERSION=true environment variable. For more information see: https://github.blog/changelog/2025-09-19-deprecation-of-node-20-on-github-actions-runners/
audit kyber-current / gcc -O2	UNKNOWN STEP	2026-08-02T15:50:37.9168080Z ##[group]Run actions/setup-python@v5
audit kyber-current / gcc -O2	UNKNOWN STEP	2026-08-02T15:50:37.9168216Z with:
audit kyber-current / gcc -O2	UNKNOWN STEP	2026-08-02T15:50:37.9168325Z   python-version: 3.12
audit kyber-current / gcc -O2	UNKNOWN STEP	2026-08-02T15:50:37.9168445Z   check-latest: false
audit kyber-current / gcc -O2	UNKNOWN STEP	2026-08-02T15:50:37.9169817Z   token: ***
audit kyber-current / gcc -O2	UNKNOWN STEP	2026-08-02T15:50:37.9169926Z   update-environment: true
audit kyber-current / gcc -O2	UNKNOWN STEP	2026-08-02T15:50:37.9170053Z   allow-prereleases: false
audit kyber-current / gcc -O2	UNKNOWN STEP	2026-08-02T15:50:37.9170178Z   freethreaded: false
audit kyber-current / gcc -O2	UNKNOWN STEP	2026-08-02T15:50:37.9170291Z ##[endgroup]
audit kyber-current / gcc -O2	UNKNOWN STEP	2026-08-02T15:50:38.0089940Z ##[group]Installed versions
audit kyber-current / gcc -O2	UNKNOWN STEP	2026-08-02T15:50:38.0984717Z (node:2029) [DEP0040] DeprecationWarning: The `punycode` module is deprecated. Please use a userland alternative instead.
audit kyber-current / gcc -O2	UNKNOWN STEP	2026-08-02T15:50:38.0985324Z (Use `node --trace-deprecation ...` to show where the warning was created)
audit kyber-current / gcc -O2	UNKNOWN STEP	2026-08-02T15:50:38.0985857Z Successfully set up CPython (3.12.13)
audit kyber-current / gcc -O2	UNKNOWN STEP	2026-08-02T15:50:38.0986308Z ##[endgroup]
audit kyber-current / gcc -O2	UNKNOWN STEP	2026-08-02T15:50:38.1122223Z ##[group]Run git clone --quiet https://github.com/pq-crystals/kyber.git targets/pq-crystals-kyber
audit kyber-current / gcc -O2	UNKNOWN STEP	2026-08-02T15:50:38.1122689Z ^[[36;1mgit clone --quiet https://github.com/pq-crystals/kyber.git targets/pq-crystals-kyber^[[0m
audit kyber-current / gcc -O2	UNKNOWN STEP	2026-08-02T15:50:38.1391999Z shell: /usr/bin/bash -e {0}
audit kyber-current / gcc -O2	UNKNOWN STEP	2026-08-02T15:50:38.1392228Z env:
audit kyber-current / gcc -O2	UNKNOWN STEP	2026-08-02T15:50:38.1392396Z   pythonLocation: /opt/hostedtoolcache/Python/3.12.13/x64
audit kyber-current / gcc -O2	UNKNOWN STEP	2026-08-02T15:50:38.1392651Z   PKG_CONFIG_PATH: /opt/hostedtoolcache/Python/3.12.13/x64/lib/pkgconfig
audit kyber-current / gcc -O2	UNKNOWN STEP	2026-08-02T15:50:38.1392880Z   Python_ROOT_DIR: /opt/hostedtoolcache/Python/3.12.13/x64
audit kyber-current / gcc -O2	UNKNOWN STEP	2026-08-02T15:50:38.1393100Z   Python2_ROOT_DIR: /opt/hostedtoolcache/Python/3.12.13/x64
audit kyber-current / gcc -O2	UNKNOWN STEP	2026-08-02T15:50:38.1393293Z   Python3_ROOT_DIR: /opt/hostedtoolcache/Python/3.12.13/x64
audit kyber-current / gcc -O2	UNKNOWN STEP	2026-08-02T15:50:38.1393493Z   LD_LIBRARY_PATH: /opt/hostedtoolcache/Python/3.12.13/x64/lib
audit kyber-current / gcc -O2	UNKNOWN STEP	2026-08-02T15:50:38.1393663Z ##[endgroup]
audit kyber-current / gcc -O2	UNKNOWN STEP	2026-08-02T15:50:39.3065153Z ##[group]Run gcc --version
audit kyber-current / gcc -O2	UNKNOWN STEP	2026-08-02T15:50:39.3065332Z ^[[36;1mgcc --version^[[0m
audit kyber-current / gcc -O2	UNKNOWN STEP	2026-08-02T15:50:39.3065464Z ^[[36;1mobjdump --version | head -1^[[0m
audit kyber-current / gcc -O2	UNKNOWN STEP	2026-08-02T15:50:39.3065606Z ^[[36;1muname -m^[[0m
audit kyber-current / gcc -O2	UNKNOWN STEP	2026-08-02T15:50:39.3101422Z shell: /usr/bin/bash -e {0}
audit kyber-current / gcc -O2	UNKNOWN STEP	2026-08-02T15:50:39.3101556Z env:
audit kyber-current / gcc -O2	UNKNOWN STEP	2026-08-02T15:50:39.3101700Z   pythonLocation: /opt/hostedtoolcache/Python/3.12.13/x64
audit kyber-current / gcc -O2	UNKNOWN STEP	2026-08-02T15:50:39.3101935Z   PKG_CONFIG_PATH: /opt/hostedtoolcache/Python/3.12.13/x64/lib/pkgconfig
audit kyber-current / gcc -O2	UNKNOWN STEP	2026-08-02T15:50:39.3102155Z   Python_ROOT_DIR: /opt/hostedtoolcache/Python/3.12.13/x64
audit kyber-current / gcc -O2	UNKNOWN STEP	2026-08-02T15:50:39.3102351Z   Python2_ROOT_DIR: /opt/hostedtoolcache/Python/3.12.13/x64
audit kyber-current / gcc -O2	UNKNOWN STEP	2026-08-02T15:50:39.3102546Z   Python3_ROOT_DIR: /opt/hostedtoolcache/Python/3.12.13/x64
audit kyber-current / gcc -O2	UNKNOWN STEP	2026-08-02T15:50:39.3102763Z   LD_LIBRARY_PATH: /opt/hostedtoolcache/Python/3.12.13/x64/lib
audit kyber-current / gcc -O2	UNKNOWN STEP	2026-08-02T15:50:39.3102936Z ##[endgroup]
audit kyber-current / gcc -O2	UNKNOWN STEP	2026-08-02T15:50:39.3293464Z gcc (Ubuntu 13.3.0-6ubuntu2~24.04.1) 13.3.0
audit kyber-current / gcc -O2	UNKNOWN STEP	2026-08-02T15:50:39.3293900Z Copyright (C) 2023 Free Software Foundation, Inc.
audit kyber-current / gcc -O2	UNKNOWN STEP	2026-08-02T15:50:39.3294129Z This is free software; see the source for copying conditions.  There is NO
audit kyber-current / gcc -O2	UNKNOWN STEP	2026-08-02T15:50:39.3294408Z warranty; not even for MERCHANTABILITY or FITNESS FOR A PARTICULAR PURPOSE.
audit kyber-current / gcc -O2	UNKNOWN STEP	2026-08-02T15:50:39.3294569Z 
audit kyber-current / gcc -O2	UNKNOWN STEP	2026-08-02T15:50:39.3563609Z GNU objdump (GNU Binutils for Ubuntu) 2.42
audit kyber-current / gcc -O2	UNKNOWN STEP	2026-08-02T15:50:39.3573883Z x86_64
audit kyber-current / gcc -O2	UNKNOWN STEP	2026-08-02T15:50:39.3598563Z ##[group]Run # NOTE the "=" on --opt-levels. Without it argparse reads a value like
audit kyber-current / gcc -O2	UNKNOWN STEP	2026-08-02T15:50:39.3598869Z ^[[36;1m# NOTE the "=" on --opt-levels. Without it argparse reads a value like^[[0m
audit kyber-current / gcc -O2	UNKNOWN STEP	2026-08-02T15:50:39.3599117Z ^[[36;1m# "-Os" as a flag and the run fails with "expected at least one argument".^[[0m
audit kyber-current / gcc -O2	UNKNOWN STEP	2026-08-02T15:50:39.3599445Z ^[[36;1mpython3 scripts/build_matrix.py \^[[0m
audit kyber-current / gcc -O2	UNKNOWN STEP	2026-08-02T15:50:39.3599611Z ^[[36;1m  --targets kyber-current \^[[0m
audit kyber-current / gcc -O2	UNKNOWN STEP	2026-08-02T15:50:39.3599752Z ^[[36;1m  --compilers gcc \^[[0m
audit kyber-current / gcc -O2	UNKNOWN STEP	2026-08-02T15:50:39.3599882Z ^[[36;1m  --opt-levels='-O2' \^[[0m
audit kyber-current / gcc -O2	UNKNOWN STEP	2026-08-02T15:50:39.3600015Z ^[[36;1m  --out audit.json^[[0m
audit kyber-current / gcc -O2	UNKNOWN STEP	2026-08-02T15:50:39.3635243Z shell: /usr/bin/bash -e {0}
audit kyber-current / gcc -O2	UNKNOWN STEP	2026-08-02T15:50:39.3635374Z env:
audit kyber-current / gcc -O2	UNKNOWN STEP	2026-08-02T15:50:39.3635517Z   pythonLocation: /opt/hostedtoolcache/Python/3.12.13/x64
audit kyber-current / gcc -O2	UNKNOWN STEP	2026-08-02T15:50:39.3635737Z   PKG_CONFIG_PATH: /opt/hostedtoolcache/Python/3.12.13/x64/lib/pkgconfig
audit kyber-current / gcc -O2	UNKNOWN STEP	2026-08-02T15:50:39.3635985Z   Python_ROOT_DIR: /opt/hostedtoolcache/Python/3.12.13/x64
audit kyber-current / gcc -O2	UNKNOWN STEP	2026-08-02T15:50:39.3636180Z   Python2_ROOT_DIR: /opt/hostedtoolcache/Python/3.12.13/x64
audit kyber-current / gcc -O2	UNKNOWN STEP	2026-08-02T15:50:39.3636375Z   Python3_ROOT_DIR: /opt/hostedtoolcache/Python/3.12.13/x64
audit kyber-current / gcc -O2	UNKNOWN STEP	2026-08-02T15:50:39.3636577Z   LD_LIBRARY_PATH: /opt/hostedtoolcache/Python/3.12.13/x64/lib
audit kyber-current / gcc -O2	UNKNOWN STEP	2026-08-02T15:50:39.3636747Z ##[endgroup]
audit kyber-current / gcc -O2	UNKNOWN STEP	2026-08-02T15:50:41.1300784Z [NO_SECRET_DEPENDENT_DIV ] kyber-current_gcc_O2_768  secret_div=0 total_div=0
audit kyber-current / gcc -O2	UNKNOWN STEP	2026-08-02T15:50:41.1301043Z 
audit kyber-current / gcc -O2	UNKNOWN STEP	2026-08-02T15:50:41.1301116Z Wrote 1 cells to audit.json
audit kyber-current / gcc -O2	UNKNOWN STEP	2026-08-02T15:50:41.1386750Z ##[group]Run python3 - <<'PY'
audit kyber-current / gcc -O2	UNKNOWN STEP	2026-08-02T15:50:41.1386943Z ^[[36;1mpython3 - <<'PY'^[[0m
audit kyber-current / gcc -O2	UNKNOWN STEP	2026-08-02T15:50:41.1387064Z ^[[36;1mimport json, sys^[[0m
audit kyber-current / gcc -O2	UNKNOWN STEP	2026-08-02T15:50:41.1387199Z ^[[36;1mrows = json.load(open("audit.json"))^[[0m
audit kyber-current / gcc -O2	UNKNOWN STEP	2026-08-02T15:50:41.1387343Z ^[[36;1m^[[0m
audit kyber-current / gcc -O2	UNKNOWN STEP	2026-08-02T15:50:41.1387475Z ^[[36;1mgated = [r for r in rows if r.get("gate_failed_at")]^[[0m
audit kyber-current / gcc -O2	UNKNOWN STEP	2026-08-02T15:50:41.1387808Z ^[[36;1mfor r in gated:^[[0m
audit kyber-current / gcc -O2	UNKNOWN STEP	2026-08-02T15:50:41.1387960Z ^[[36;1m    print(f"::warning::{r['experiment_id']} failed at "^[[0m
audit kyber-current / gcc -O2	UNKNOWN STEP	2026-08-02T15:50:41.1388168Z ^[[36;1m          f"{r['gate_failed_at']} - no security verdict produced")^[[0m
audit kyber-current / gcc -O2	UNKNOWN STEP	2026-08-02T15:50:41.1388340Z ^[[36;1m^[[0m
audit kyber-current / gcc -O2	UNKNOWN STEP	2026-08-02T15:50:41.1388486Z ^[[36;1mvulnerable = [r for r in rows if r.get("verdict") == "VULNERABLE"]^[[0m
audit kyber-current / gcc -O2	UNKNOWN STEP	2026-08-02T15:50:41.1388672Z ^[[36;1mfor r in vulnerable:^[[0m
audit kyber-current / gcc -O2	UNKNOWN STEP	2026-08-02T15:50:41.1388833Z ^[[36;1m    fns = ", ".join(r.get("vulnerable_functions", []))^[[0m
audit kyber-current / gcc -O2	UNKNOWN STEP	2026-08-02T15:50:41.1389042Z ^[[36;1m    variants = ", ".join(r.get("kyberslash_variants", []))^[[0m
audit kyber-current / gcc -O2	UNKNOWN STEP	2026-08-02T15:50:41.1389268Z ^[[36;1m    print(f"::error::{r['experiment_id']}: secret-dependent division in "^[[0m
audit kyber-current / gcc -O2	UNKNOWN STEP	2026-08-02T15:50:41.1389464Z ^[[36;1m          f"{fns} ({variants})")^[[0m
audit kyber-current / gcc -O2	UNKNOWN STEP	2026-08-02T15:50:41.1389595Z ^[[36;1m^[[0m
audit kyber-current / gcc -O2	UNKNOWN STEP	2026-08-02T15:50:41.1389691Z ^[[36;1mif vulnerable:^[[0m
audit kyber-current / gcc -O2	UNKNOWN STEP	2026-08-02T15:50:41.1389805Z ^[[36;1m    sys.exit(1)^[[0m
audit kyber-current / gcc -O2	UNKNOWN STEP	2026-08-02T15:50:41.1389914Z ^[[36;1m^[[0m
audit kyber-current / gcc -O2	UNKNOWN STEP	2026-08-02T15:50:41.1390047Z ^[[36;1maudited = [r for r in rows if not r.get("gate_failed_at")]^[[0m
audit kyber-current / gcc -O2	UNKNOWN STEP	2026-08-02T15:50:41.1390218Z ^[[36;1mif not audited:^[[0m
audit kyber-current / gcc -O2	UNKNOWN STEP	2026-08-02T15:50:41.1390397Z ^[[36;1m    print("::error::no cell produced a verdict - nothing was actually audited")^[[0m
audit kyber-current / gcc -O2	UNKNOWN STEP	2026-08-02T15:50:41.1390599Z ^[[36;1m    sys.exit(1)^[[0m
audit kyber-current / gcc -O2	UNKNOWN STEP	2026-08-02T15:50:41.1390706Z ^[[36;1m^[[0m
audit kyber-current / gcc -O2	UNKNOWN STEP	2026-08-02T15:50:41.1390866Z ^[[36;1m# Incidental divisions are expected and must not fail the build. Reporting^[[0m
audit kyber-current / gcc -O2	UNKNOWN STEP	2026-08-02T15:50:41.1391130Z ^[[36;1m# them keeps the distinction visible: a correctly patched binary still^[[0m
audit kyber-current / gcc -O2	UNKNOWN STEP	2026-08-02T15:50:41.1391387Z ^[[36;1m# contains divisions in Keccak and rejection sampling, and a check that^[[0m
audit kyber-current / gcc -O2	UNKNOWN STEP	2026-08-02T15:50:41.1391619Z ^[[36;1m# merely grepped for a division mnemonic would reject it.^[[0m
audit kyber-current / gcc -O2	UNKNOWN STEP	2026-08-02T15:50:41.1391795Z ^[[36;1mfor r in audited:^[[0m
audit kyber-current / gcc -O2	UNKNOWN STEP	2026-08-02T15:50:41.1391934Z ^[[36;1m    print(f"{r['experiment_id']}: clean "^[[0m
audit kyber-current / gcc -O2	UNKNOWN STEP	2026-08-02T15:50:41.1392124Z ^[[36;1m          f"({r.get('total_divisions', 0)} incidental division(s))")^[[0m
audit kyber-current / gcc -O2	UNKNOWN STEP	2026-08-02T15:50:41.1392298Z ^[[36;1mPY^[[0m
audit kyber-current / gcc -O2	UNKNOWN STEP	2026-08-02T15:50:41.1427449Z shell: /usr/bin/bash -e {0}
audit kyber-current / gcc -O2	UNKNOWN STEP	2026-08-02T15:50:41.1427682Z env:
audit kyber-current / gcc -O2	UNKNOWN STEP	2026-08-02T15:50:41.1427820Z   pythonLocation: /opt/hostedtoolcache/Python/3.12.13/x64
audit kyber-current / gcc -O2	UNKNOWN STEP	2026-08-02T15:50:41.1428039Z   PKG_CONFIG_PATH: /opt/hostedtoolcache/Python/3.12.13/x64/lib/pkgconfig
audit kyber-current / gcc -O2	UNKNOWN STEP	2026-08-02T15:50:41.1428255Z   Python_ROOT_DIR: /opt/hostedtoolcache/Python/3.12.13/x64
audit kyber-current / gcc -O2	UNKNOWN STEP	2026-08-02T15:50:41.1428568Z   Python2_ROOT_DIR: /opt/hostedtoolcache/Python/3.12.13/x64
audit kyber-current / gcc -O2	UNKNOWN STEP	2026-08-02T15:50:41.1428759Z   Python3_ROOT_DIR: /opt/hostedtoolcache/Python/3.12.13/x64
audit kyber-current / gcc -O2	UNKNOWN STEP	2026-08-02T15:50:41.1428963Z   LD_LIBRARY_PATH: /opt/hostedtoolcache/Python/3.12.13/x64/lib
audit kyber-current / gcc -O2	UNKNOWN STEP	2026-08-02T15:50:41.1429127Z ##[endgroup]
audit kyber-current / gcc -O2	UNKNOWN STEP	2026-08-02T15:50:41.1594068Z EXP-kyber-current_gcc_O2_768: clean (0 incidental division(s))
audit kyber-current / gcc -O2	UNKNOWN STEP	2026-08-02T15:50:41.1657283Z Node 20 is being deprecated. This workflow is running with Node 24 by default. If you need to temporarily use Node 20, you can set the ACTIONS_ALLOW_USE_UNSECURE_NODE_VERSION=true environment variable. For more information see: https://github.blog/changelog/2025-09-19-deprecation-of-node-20-on-github-actions-runners/
audit kyber-current / gcc -O2	UNKNOWN STEP	2026-08-02T15:50:41.1658038Z ##[group]Run actions/upload-artifact@v4
audit kyber-current / gcc -O2	UNKNOWN STEP	2026-08-02T15:50:41.1658178Z with:
audit kyber-current / gcc -O2	UNKNOWN STEP	2026-08-02T15:50:41.1658290Z   name: audit-kyber-current-gcc--O2
audit kyber-current / gcc -O2	UNKNOWN STEP	2026-08-02T15:50:41.1658426Z   path: audit.json
audit kyber-current / gcc -O2	UNKNOWN STEP	2026-08-02T15:50:41.1658535Z   if-no-files-found: warn
audit kyber-current / gcc -O2	UNKNOWN STEP	2026-08-02T15:50:41.1658672Z   compression-level: 6
audit kyber-current / gcc -O2	UNKNOWN STEP	2026-08-02T15:50:41.1658785Z   overwrite: false
audit kyber-current / gcc -O2	UNKNOWN STEP	2026-08-02T15:50:41.1658894Z   include-hidden-files: false
audit kyber-current / gcc -O2	UNKNOWN STEP	2026-08-02T15:50:41.1659013Z env:
audit kyber-current / gcc -O2	UNKNOWN STEP	2026-08-02T15:50:41.1659146Z   pythonLocation: /opt/hostedtoolcache/Python/3.12.13/x64
audit kyber-current / gcc -O2	UNKNOWN STEP	2026-08-02T15:50:41.1659362Z   PKG_CONFIG_PATH: /opt/hostedtoolcache/Python/3.12.13/x64/lib/pkgconfig
audit kyber-current / gcc -O2	UNKNOWN STEP	2026-08-02T15:50:41.1659592Z   Python_ROOT_DIR: /opt/hostedtoolcache/Python/3.12.13/x64
audit kyber-current / gcc -O2	UNKNOWN STEP	2026-08-02T15:50:41.1659784Z   Python2_ROOT_DIR: /opt/hostedtoolcache/Python/3.12.13/x64
audit kyber-current / gcc -O2	UNKNOWN STEP	2026-08-02T15:50:41.1659974Z   Python3_ROOT_DIR: /opt/hostedtoolcache/Python/3.12.13/x64
audit kyber-current / gcc -O2	UNKNOWN STEP	2026-08-02T15:50:41.1660168Z   LD_LIBRARY_PATH: /opt/hostedtoolcache/Python/3.12.13/x64/lib
audit kyber-current / gcc -O2	UNKNOWN STEP	2026-08-02T15:50:41.1660330Z ##[endgroup]
audit kyber-current / gcc -O2	UNKNOWN STEP	2026-08-02T15:50:41.2731118Z (node:2090) [DEP0040] DeprecationWarning: The `punycode` module is deprecated. Please use a userland alternative instead.
audit kyber-current / gcc -O2	UNKNOWN STEP	2026-08-02T15:50:41.2731663Z (Use `node --trace-deprecation ...` to show where the warning was created)
audit kyber-current / gcc -O2	UNKNOWN STEP	2026-08-02T15:50:41.2761195Z With the provided path, there will be 1 file uploaded
audit kyber-current / gcc -O2	UNKNOWN STEP	2026-08-02T15:50:41.2776251Z Artifact name is valid!
audit kyber-current / gcc -O2	UNKNOWN STEP	2026-08-02T15:50:41.2778795Z Root directory input is valid!
audit kyber-current / gcc -O2	UNKNOWN STEP	2026-08-02T15:50:41.5352246Z Beginning upload of artifact content to blob storage
audit kyber-current / gcc -O2	UNKNOWN STEP	2026-08-02T15:50:41.5467356Z (node:2090) [DEP0169] DeprecationWarning: `url.parse()` behavior is not standardized and prone to errors that have security implications. Use the WHATWG URL API instead. CVEs are not issued for `url.parse()` vulnerabilities.
audit kyber-current / gcc -O2	UNKNOWN STEP	2026-08-02T15:50:41.7800601Z Uploaded bytes 711
audit kyber-current / gcc -O2	UNKNOWN STEP	2026-08-02T15:50:41.8459142Z Finished uploading artifact content to blob storage!
audit kyber-current / gcc -O2	UNKNOWN STEP	2026-08-02T15:50:41.8459742Z SHA256 digest of uploaded artifact zip is 997328b568c4dc8f960856984f6c411480ff22cd8c7b095fa8f38efa234e4275
audit kyber-current / gcc -O2	UNKNOWN STEP	2026-08-02T15:50:41.8460160Z Finalizing artifact upload
audit kyber-current / gcc -O2	UNKNOWN STEP	2026-08-02T15:50:42.0462038Z Artifact audit-kyber-current-gcc--O2.zip successfully finalized. Artifact ID 8835717649
audit kyber-current / gcc -O2	UNKNOWN STEP	2026-08-02T15:50:42.0462944Z Artifact audit-kyber-current-gcc--O2 has been successfully uploaded! Final size is 711 bytes. Artifact ID is 8835717649
audit kyber-current / gcc -O2	UNKNOWN STEP	2026-08-02T15:50:42.0468352Z Artifact download URL: https://github.com/Ace7111/kyberslash-evaluation/actions/runs/30755244934/artifacts/8835717649
audit kyber-current / gcc -O2	UNKNOWN STEP	2026-08-02T15:50:42.0610643Z Node 20 is being deprecated. This workflow is running with Node 24 by default. If you need to temporarily use Node 20, you can set the ACTIONS_ALLOW_USE_UNSECURE_NODE_VERSION=true environment variable. For more information see: https://github.blog/changelog/2025-09-19-deprecation-of-node-20-on-github-actions-runners/
audit kyber-current / gcc -O2	UNKNOWN STEP	2026-08-02T15:50:42.0611262Z Post job cleanup.
audit kyber-current / gcc -O2	UNKNOWN STEP	2026-08-02T15:50:42.1369358Z (node:2103) [DEP0040] DeprecationWarning: The `punycode` module is deprecated. Please use a userland alternative instead.
audit kyber-current / gcc -O2	UNKNOWN STEP	2026-08-02T15:50:42.1369758Z (Use `node --trace-deprecation ...` to show where the warning was created)
audit kyber-current / gcc -O2	UNKNOWN STEP	2026-08-02T15:50:42.1500369Z Node 20 is being deprecated. This workflow is running with Node 24 by default. If you need to temporarily use Node 20, you can set the ACTIONS_ALLOW_USE_UNSECURE_NODE_VERSION=true environment variable. For more information see: https://github.blog/changelog/2025-09-19-deprecation-of-node-20-on-github-actions-runners/
audit kyber-current / gcc -O2	UNKNOWN STEP	2026-08-02T15:50:42.1501603Z Post job cleanup.
audit kyber-current / gcc -O2	UNKNOWN STEP	2026-08-02T15:50:42.2059930Z [command]/usr/bin/git version
audit kyber-current / gcc -O2	UNKNOWN STEP	2026-08-02T15:50:42.2092550Z git version 2.54.0
audit kyber-current / gcc -O2	UNKNOWN STEP	2026-08-02T15:50:42.2117058Z Temporarily overriding HOME='/home/runner/work/_temp/12fc65ef-b005-4480-b62f-7cfd01b63cf7' before making global git config changes
audit kyber-current / gcc -O2	UNKNOWN STEP	2026-08-02T15:50:42.2117859Z Adding repository directory to the temporary git global config as a safe directory
audit kyber-current / gcc -O2	UNKNOWN STEP	2026-08-02T15:50:42.2120744Z [command]/usr/bin/git config --global --add safe.directory /home/runner/work/kyberslash-evaluation/kyberslash-evaluation
audit kyber-current / gcc -O2	UNKNOWN STEP	2026-08-02T15:50:42.2156564Z [command]/usr/bin/git config --local --name-only --get-regexp core\.sshCommand
audit kyber-current / gcc -O2	UNKNOWN STEP	2026-08-02T15:50:42.2211810Z [command]/usr/bin/git submodule foreach --recursive sh -c "git config --local --name-only --get-regexp 'core\.sshCommand' && git config --local --unset-all 'core.sshCommand' || :"
audit kyber-current / gcc -O2	UNKNOWN STEP	2026-08-02T15:50:42.2414956Z [command]/usr/bin/git config --local --name-only --get-regexp http\.https\:\/\/github\.com\/\.extraheader
audit kyber-current / gcc -O2	UNKNOWN STEP	2026-08-02T15:50:42.2441111Z http.https://github.com/.extraheader
audit kyber-current / gcc -O2	UNKNOWN STEP	2026-08-02T15:50:42.2456041Z [command]/usr/bin/git config --local --unset-all http.https://github.com/.extraheader
audit kyber-current / gcc -O2	UNKNOWN STEP	2026-08-02T15:50:42.2481821Z [command]/usr/bin/git submodule foreach --recursive sh -c "git config --local --name-only --get-regexp 'http\.https\:\/\/github\.com\/\.extraheader' && git config --local --unset-all 'http.https://github.com/.extraheader' || :"
audit kyber-current / gcc -O2	UNKNOWN STEP	2026-08-02T15:50:42.2680196Z [command]/usr/bin/git config --local --name-only --get-regexp ^includeIf\.gitdir:
audit kyber-current / gcc -O2	UNKNOWN STEP	2026-08-02T15:50:42.2710517Z [command]/usr/bin/git submodule foreach --recursive git config --local --show-origin --name-only --get-regexp remote.origin.url
audit kyber-current / gcc -O2	UNKNOWN STEP	2026-08-02T15:50:42.2999663Z Cleaning up orphan processes
audit kyber-current / gcc -O2	UNKNOWN STEP	2026-08-02T15:50:42.3191059Z ##[warning]Node.js 20 is deprecated. The following actions target Node.js 20 but are being forced to run on Node.js 24: actions/checkout@v4, actions/setup-python@v5, actions/upload-artifact@v4. For more information see: https://github.blog/changelog/2025-09-19-deprecation-of-node-20-on-github-actions-runners/
audit kyber-current / clang -O2	UNKNOWN STEP	﻿2026-08-02T15:50:20.5018886Z Current runner version: '2.336.0'
audit kyber-current / clang -O2	UNKNOWN STEP	2026-08-02T15:50:20.5053617Z ##[group]Runner Image Provisioner
audit kyber-current / clang -O2	UNKNOWN STEP	2026-08-02T15:50:20.5055333Z Hosted Compute Agent
audit kyber-current / clang -O2	UNKNOWN STEP	2026-08-02T15:50:20.5056232Z Version: 20260707.563
audit kyber-current / clang -O2	UNKNOWN STEP	2026-08-02T15:50:20.5057380Z Commit: 02667638d2b423fbc733a8e32a88b44996a3ba6e
audit kyber-current / clang -O2	UNKNOWN STEP	2026-08-02T15:50:20.5058585Z Build Date: 2026-07-07T19:33:50Z
audit kyber-current / clang -O2	UNKNOWN STEP	2026-08-02T15:50:20.5059737Z Worker ID: {be299c86-4b82-475d-bc0a-555d5c9b3d9c}
audit kyber-current / clang -O2	UNKNOWN STEP	2026-08-02T15:50:20.5061026Z Azure Region: eastus
audit kyber-current / clang -O2	UNKNOWN STEP	2026-08-02T15:50:20.5061941Z ##[endgroup]
audit kyber-current / clang -O2	UNKNOWN STEP	2026-08-02T15:50:20.5064765Z ##[group]Operating System
audit kyber-current / clang -O2	UNKNOWN STEP	2026-08-02T15:50:20.5065782Z Ubuntu
audit kyber-current / clang -O2	UNKNOWN STEP	2026-08-02T15:50:20.5066675Z 24.04.4
audit kyber-current / clang -O2	UNKNOWN STEP	2026-08-02T15:50:20.5067584Z LTS
audit kyber-current / clang -O2	UNKNOWN STEP	2026-08-02T15:50:20.5068555Z ##[endgroup]
audit kyber-current / clang -O2	UNKNOWN STEP	2026-08-02T15:50:20.5070002Z ##[group]Runner Image
audit kyber-current / clang -O2	UNKNOWN STEP	2026-08-02T15:50:20.5071026Z Image: ubuntu-24.04
audit kyber-current / clang -O2	UNKNOWN STEP	2026-08-02T15:50:20.5071949Z Version: 20260720.247.2
audit kyber-current / clang -O2	UNKNOWN STEP	2026-08-02T15:50:20.5074511Z Included Software: https://github.com/actions/runner-images/blob/ubuntu24/20260720.247/images/ubuntu/Ubuntu2404-Readme.md
audit kyber-current / clang -O2	UNKNOWN STEP	2026-08-02T15:50:20.5077242Z Image Release: https://github.com/actions/runner-images/releases/tag/ubuntu24%2F20260720.247
audit kyber-current / clang -O2	UNKNOWN STEP	2026-08-02T15:50:20.5078936Z ##[endgroup]
audit kyber-current / clang -O2	UNKNOWN STEP	2026-08-02T15:50:20.5080997Z ##[group]GITHUB_TOKEN Permissions
audit kyber-current / clang -O2	UNKNOWN STEP	2026-08-02T15:50:20.5084482Z Contents: read
audit kyber-current / clang -O2	UNKNOWN STEP	2026-08-02T15:50:20.5085588Z Metadata: read
audit kyber-current / clang -O2	UNKNOWN STEP	2026-08-02T15:50:20.5086601Z Packages: read
audit kyber-current / clang -O2	UNKNOWN STEP	2026-08-02T15:50:20.5087472Z ##[endgroup]
audit kyber-current / clang -O2	UNKNOWN STEP	2026-08-02T15:50:20.5090683Z Secret source: Actions
audit kyber-current / clang -O2	UNKNOWN STEP	2026-08-02T15:50:20.5092761Z Prepare workflow directory
audit kyber-current / clang -O2	UNKNOWN STEP	2026-08-02T15:50:20.5579002Z Prepare all required actions
audit kyber-current / clang -O2	UNKNOWN STEP	2026-08-02T15:50:20.5652242Z Getting action download info
audit kyber-current / clang -O2	UNKNOWN STEP	2026-08-02T15:50:20.7931558Z Download action repository 'actions/checkout@v4' (SHA:11d5960a326750d5838078e36cf38b85af677262)
audit kyber-current / clang -O2	UNKNOWN STEP	2026-08-02T15:50:21.0275622Z Download action repository 'actions/setup-python@v5' (SHA:a26af69be951a213d495a4c3e4e4022e16d87065)
audit kyber-current / clang -O2	UNKNOWN STEP	2026-08-02T15:50:21.1050610Z Download action repository 'actions/upload-artifact@v4' (SHA:ea165f8d65b6e75b540449e92b4886f43607fa02)
audit kyber-current / clang -O2	UNKNOWN STEP	2026-08-02T15:50:21.3232251Z Complete job name: audit kyber-current / clang -O2
audit kyber-current / clang -O2	UNKNOWN STEP	2026-08-02T15:50:21.3997702Z Node 20 is being deprecated. This workflow is running with Node 24 by default. If you need to temporarily use Node 20, you can set the ACTIONS_ALLOW_USE_UNSECURE_NODE_VERSION=true environment variable. For more information see: https://github.blog/changelog/2025-09-19-deprecation-of-node-20-on-github-actions-runners/
audit kyber-current / clang -O2	UNKNOWN STEP	2026-08-02T15:50:21.4006421Z ##[group]Run actions/checkout@v4
audit kyber-current / clang -O2	UNKNOWN STEP	2026-08-02T15:50:21.4007179Z with:
audit kyber-current / clang -O2	UNKNOWN STEP	2026-08-02T15:50:21.4007653Z   repository: Ace7111/kyberslash-evaluation
audit kyber-current / clang -O2	UNKNOWN STEP	2026-08-02T15:50:21.4011460Z   token: ***
audit kyber-current / clang -O2	UNKNOWN STEP	2026-08-02T15:50:21.4011895Z   ssh-strict: true
audit kyber-current / clang -O2	UNKNOWN STEP	2026-08-02T15:50:21.4012328Z   ssh-user: git
audit kyber-current / clang -O2	UNKNOWN STEP	2026-08-02T15:50:21.4012768Z   persist-credentials: true
audit kyber-current / clang -O2	UNKNOWN STEP	2026-08-02T15:50:21.4013538Z   clean: true
audit kyber-current / clang -O2	UNKNOWN STEP	2026-08-02T15:50:21.4013980Z   sparse-checkout-cone-mode: true
audit kyber-current / clang -O2	UNKNOWN STEP	2026-08-02T15:50:21.4014492Z   fetch-depth: 1
audit kyber-current / clang -O2	UNKNOWN STEP	2026-08-02T15:50:21.4014909Z   fetch-tags: false
audit kyber-current / clang -O2	UNKNOWN STEP	2026-08-02T15:50:21.4015339Z   show-progress: true
audit kyber-current / clang -O2	UNKNOWN STEP	2026-08-02T15:50:21.4015809Z   lfs: false
audit kyber-current / clang -O2	UNKNOWN STEP	2026-08-02T15:50:21.4016237Z   submodules: false
audit kyber-current / clang -O2	UNKNOWN STEP	2026-08-02T15:50:21.4016689Z   set-safe-directory: true
audit kyber-current / clang -O2	UNKNOWN STEP	2026-08-02T15:50:21.4017186Z   allow-unsafe-pr-checkout: false
audit kyber-current / clang -O2	UNKNOWN STEP	2026-08-02T15:50:21.4017989Z ##[endgroup]
audit kyber-current / clang -O2	UNKNOWN STEP	2026-08-02T15:50:21.5086726Z Syncing repository: Ace7111/kyberslash-evaluation
audit kyber-current / clang -O2	UNKNOWN STEP	2026-08-02T15:50:21.5089282Z ##[group]Getting Git version info
audit kyber-current / clang -O2	UNKNOWN STEP	2026-08-02T15:50:21.5090628Z Working directory is '/home/runner/work/kyberslash-evaluation/kyberslash-evaluation'
audit kyber-current / clang -O2	UNKNOWN STEP	2026-08-02T15:50:21.5092427Z [command]/usr/bin/git version
audit kyber-current / clang -O2	UNKNOWN STEP	2026-08-02T15:50:21.5238985Z git version 2.54.0
audit kyber-current / clang -O2	UNKNOWN STEP	2026-08-02T15:50:21.5274891Z ##[endgroup]
audit kyber-current / clang -O2	UNKNOWN STEP	2026-08-02T15:50:21.5297137Z Temporarily overriding HOME='/home/runner/work/_temp/f11da934-6394-415d-8ed3-a0f4a47bc1e1' before making global git config changes
audit kyber-current / clang -O2	UNKNOWN STEP	2026-08-02T15:50:21.5299686Z Adding repository directory to the temporary git global config as a safe directory
audit kyber-current / clang -O2	UNKNOWN STEP	2026-08-02T15:50:21.5307041Z [command]/usr/bin/git config --global --add safe.directory /home/runner/work/kyberslash-evaluation/kyberslash-evaluation
audit kyber-current / clang -O2	UNKNOWN STEP	2026-08-02T15:50:21.5403231Z Deleting the contents of '/home/runner/work/kyberslash-evaluation/kyberslash-evaluation'
audit kyber-current / clang -O2	UNKNOWN STEP	2026-08-02T15:50:21.5414221Z ##[group]Initializing the repository
audit kyber-current / clang -O2	UNKNOWN STEP	2026-08-02T15:50:21.5425913Z [command]/usr/bin/git init /home/runner/work/kyberslash-evaluation/kyberslash-evaluation
audit kyber-current / clang -O2	UNKNOWN STEP	2026-08-02T15:50:21.5636358Z hint: Using 'master' as the name for the initial branch. This default branch name
audit kyber-current / clang -O2	UNKNOWN STEP	2026-08-02T15:50:21.5638122Z hint: will change to "main" in Git 3.0. To configure the initial branch name
audit kyber-current / clang -O2	UNKNOWN STEP	2026-08-02T15:50:21.5639660Z hint: to use in all of your new repositories, which will suppress this warning,
audit kyber-current / clang -O2	UNKNOWN STEP	2026-08-02T15:50:21.5640506Z hint: call:
audit kyber-current / clang -O2	UNKNOWN STEP	2026-08-02T15:50:21.5640901Z hint:
audit kyber-current / clang -O2	UNKNOWN STEP	2026-08-02T15:50:21.5642277Z hint: 	git config --global init.defaultBranch <name>
audit kyber-current / clang -O2	UNKNOWN STEP	2026-08-02T15:50:21.5643760Z hint:
audit kyber-current / clang -O2	UNKNOWN STEP	2026-08-02T15:50:21.5644886Z hint: Names commonly chosen instead of 'master' are 'main', 'trunk' and
audit kyber-current / clang -O2	UNKNOWN STEP	2026-08-02T15:50:21.5646607Z hint: 'development'. The just-created branch can be renamed via this command:
audit kyber-current / clang -O2	UNKNOWN STEP	2026-08-02T15:50:21.5648047Z hint:
audit kyber-current / clang -O2	UNKNOWN STEP	2026-08-02T15:50:21.5648822Z hint: 	git branch -m <name>
audit kyber-current / clang -O2	UNKNOWN STEP	2026-08-02T15:50:21.5649741Z hint:
audit kyber-current / clang -O2	UNKNOWN STEP	2026-08-02T15:50:21.5650841Z hint: Disable this message with "git config set advice.defaultBranchName false"
audit kyber-current / clang -O2	UNKNOWN STEP	2026-08-02T15:50:21.5652945Z Initialized empty Git repository in /home/runner/work/kyberslash-evaluation/kyberslash-evaluation/.git/
audit kyber-current / clang -O2	UNKNOWN STEP	2026-08-02T15:50:21.5659294Z [command]/usr/bin/git remote add origin https://github.com/Ace7111/kyberslash-evaluation
audit kyber-current / clang -O2	UNKNOWN STEP	2026-08-02T15:50:21.5762232Z ##[endgroup]
audit kyber-current / clang -O2	UNKNOWN STEP	2026-08-02T15:50:21.5764003Z ##[group]Disabling automatic garbage collection
audit kyber-current / clang -O2	UNKNOWN STEP	2026-08-02T15:50:21.5767139Z [command]/usr/bin/git config --local gc.auto 0
audit kyber-current / clang -O2	UNKNOWN STEP	2026-08-02T15:50:21.5816399Z ##[endgroup]
audit kyber-current / clang -O2	UNKNOWN STEP	2026-08-02T15:50:21.5818247Z ##[group]Setting up auth
audit kyber-current / clang -O2	UNKNOWN STEP	2026-08-02T15:50:21.5827273Z [command]/usr/bin/git config --local --name-only --get-regexp core\.sshCommand
audit kyber-current / clang -O2	UNKNOWN STEP	2026-08-02T15:50:21.5869240Z [command]/usr/bin/git submodule foreach --recursive sh -c "git config --local --name-only --get-regexp 'core\.sshCommand' && git config --local --unset-all 'core.sshCommand' || :"
audit kyber-current / clang -O2	UNKNOWN STEP	2026-08-02T15:50:21.6298362Z [command]/usr/bin/git config --local --name-only --get-regexp http\.https\:\/\/github\.com\/\.extraheader
audit kyber-current / clang -O2	UNKNOWN STEP	2026-08-02T15:50:21.6337425Z [command]/usr/bin/git submodule foreach --recursive sh -c "git config --local --name-only --get-regexp 'http\.https\:\/\/github\.com\/\.extraheader' && git config --local --unset-all 'http.https://github.com/.extraheader' || :"
audit kyber-current / clang -O2	UNKNOWN STEP	2026-08-02T15:50:21.6562318Z [command]/usr/bin/git config --local --name-only --get-regexp ^includeIf\.gitdir:
audit kyber-current / clang -O2	UNKNOWN STEP	2026-08-02T15:50:21.6598958Z [command]/usr/bin/git submodule foreach --recursive git config --local --show-origin --name-only --get-regexp remote.origin.url
audit kyber-current / clang -O2	UNKNOWN STEP	2026-08-02T15:50:21.6826466Z [command]/usr/bin/git config --local http.https://github.com/.extraheader AUTHORIZATION: basic ***
audit kyber-current / clang -O2	UNKNOWN STEP	2026-08-02T15:50:21.6865775Z ##[endgroup]
audit kyber-current / clang -O2	UNKNOWN STEP	2026-08-02T15:50:21.6866676Z ##[group]Fetching the repository
audit kyber-current / clang -O2	UNKNOWN STEP	2026-08-02T15:50:21.6876216Z [command]/usr/bin/git -c protocol.version=2 fetch --no-tags --prune --no-recurse-submodules --depth=1 origin +c36da0f41ae2be8e5a855b5edf63e5074665cffa:refs/remotes/origin/main
audit kyber-current / clang -O2	UNKNOWN STEP	2026-08-02T15:50:21.9170132Z From https://github.com/Ace7111/kyberslash-evaluation
audit kyber-current / clang -O2	UNKNOWN STEP	2026-08-02T15:50:21.9171908Z  * [new ref]         c36da0f41ae2be8e5a855b5edf63e5074665cffa -> origin/main
audit kyber-current / clang -O2	UNKNOWN STEP	2026-08-02T15:50:21.9211628Z ##[endgroup]
audit kyber-current / clang -O2	UNKNOWN STEP	2026-08-02T15:50:21.9213305Z ##[group]Determining the checkout info
audit kyber-current / clang -O2	UNKNOWN STEP	2026-08-02T15:50:21.9215131Z ##[endgroup]
audit kyber-current / clang -O2	UNKNOWN STEP	2026-08-02T15:50:21.9221695Z [command]/usr/bin/git sparse-checkout disable
audit kyber-current / clang -O2	UNKNOWN STEP	2026-08-02T15:50:21.9274960Z [command]/usr/bin/git config --local --unset-all extensions.worktreeConfig
audit kyber-current / clang -O2	UNKNOWN STEP	2026-08-02T15:50:21.9309927Z ##[group]Checking out the ref
audit kyber-current / clang -O2	UNKNOWN STEP	2026-08-02T15:50:21.9315569Z [command]/usr/bin/git checkout --progress --force -B main refs/remotes/origin/main
audit kyber-current / clang -O2	UNKNOWN STEP	2026-08-02T15:50:21.9480548Z Switched to a new branch 'main'
audit kyber-current / clang -O2	UNKNOWN STEP	2026-08-02T15:50:21.9485058Z branch 'main' set up to track 'origin/main'.
audit kyber-current / clang -O2	UNKNOWN STEP	2026-08-02T15:50:21.9488887Z ##[endgroup]
audit kyber-current / clang -O2	UNKNOWN STEP	2026-08-02T15:50:21.9532861Z [command]/usr/bin/git log -1 --format=%H
audit kyber-current / clang -O2	UNKNOWN STEP	2026-08-02T15:50:21.9559801Z c36da0f41ae2be8e5a855b5edf63e5074665cffa
audit kyber-current / clang -O2	UNKNOWN STEP	2026-08-02T15:50:21.9847894Z Node 20 is being deprecated. This workflow is running with Node 24 by default. If you need to temporarily use Node 20, you can set the ACTIONS_ALLOW_USE_UNSECURE_NODE_VERSION=true environment variable. For more information see: https://github.blog/changelog/2025-09-19-deprecation-of-node-20-on-github-actions-runners/
audit kyber-current / clang -O2	UNKNOWN STEP	2026-08-02T15:50:21.9850508Z ##[group]Run actions/setup-python@v5
audit kyber-current / clang -O2	UNKNOWN STEP	2026-08-02T15:50:21.9851048Z with:
audit kyber-current / clang -O2	UNKNOWN STEP	2026-08-02T15:50:21.9851474Z   python-version: 3.12
audit kyber-current / clang -O2	UNKNOWN STEP	2026-08-02T15:50:21.9851950Z   check-latest: false
audit kyber-current / clang -O2	UNKNOWN STEP	2026-08-02T15:50:21.9855869Z   token: ***
audit kyber-current / clang -O2	UNKNOWN STEP	2026-08-02T15:50:21.9856331Z   update-environment: true
audit kyber-current / clang -O2	UNKNOWN STEP	2026-08-02T15:50:21.9856840Z   allow-prereleases: false
audit kyber-current / clang -O2	UNKNOWN STEP	2026-08-02T15:50:21.9857332Z   freethreaded: false
audit kyber-current / clang -O2	UNKNOWN STEP	2026-08-02T15:50:21.9857787Z ##[endgroup]
audit kyber-current / clang -O2	UNKNOWN STEP	2026-08-02T15:50:22.1244267Z ##[group]Installed versions
audit kyber-current / clang -O2	UNKNOWN STEP	2026-08-02T15:50:22.1387646Z (node:2155) [DEP0040] DeprecationWarning: The `punycode` module is deprecated. Please use a userland alternative instead.
audit kyber-current / clang -O2	UNKNOWN STEP	2026-08-02T15:50:22.1389645Z (Use `node --trace-deprecation ...` to show where the warning was created)
audit kyber-current / clang -O2	UNKNOWN STEP	2026-08-02T15:50:22.1390948Z Successfully set up CPython (3.12.13)
audit kyber-current / clang -O2	UNKNOWN STEP	2026-08-02T15:50:22.1392672Z ##[endgroup]
audit kyber-current / clang -O2	UNKNOWN STEP	2026-08-02T15:50:22.1586500Z ##[group]Run git clone --quiet https://github.com/pq-crystals/kyber.git targets/pq-crystals-kyber
audit kyber-current / clang -O2	UNKNOWN STEP	2026-08-02T15:50:22.1587845Z ^[[36;1mgit clone --quiet https://github.com/pq-crystals/kyber.git targets/pq-crystals-kyber^[[0m
audit kyber-current / clang -O2	UNKNOWN STEP	2026-08-02T15:50:22.1739109Z shell: /usr/bin/bash -e {0}
audit kyber-current / clang -O2	UNKNOWN STEP	2026-08-02T15:50:22.1740038Z env:
audit kyber-current / clang -O2	UNKNOWN STEP	2026-08-02T15:50:22.1740955Z   pythonLocation: /opt/hostedtoolcache/Python/3.12.13/x64
audit kyber-current / clang -O2	UNKNOWN STEP	2026-08-02T15:50:22.1742377Z   PKG_CONFIG_PATH: /opt/hostedtoolcache/Python/3.12.13/x64/lib/pkgconfig
audit kyber-current / clang -O2	UNKNOWN STEP	2026-08-02T15:50:22.1744064Z   Python_ROOT_DIR: /opt/hostedtoolcache/Python/3.12.13/x64
audit kyber-current / clang -O2	UNKNOWN STEP	2026-08-02T15:50:22.1745542Z   Python2_ROOT_DIR: /opt/hostedtoolcache/Python/3.12.13/x64
audit kyber-current / clang -O2	UNKNOWN STEP	2026-08-02T15:50:22.1747670Z   Python3_ROOT_DIR: /opt/hostedtoolcache/Python/3.12.13/x64
audit kyber-current / clang -O2	UNKNOWN STEP	2026-08-02T15:50:22.1749489Z   LD_LIBRARY_PATH: /opt/hostedtoolcache/Python/3.12.13/x64/lib
audit kyber-current / clang -O2	UNKNOWN STEP	2026-08-02T15:50:22.1750763Z ##[endgroup]
audit kyber-current / clang -O2	UNKNOWN STEP	2026-08-02T15:50:22.4208661Z ##[group]Run clang --version
audit kyber-current / clang -O2	UNKNOWN STEP	2026-08-02T15:50:22.4209814Z ^[[36;1mclang --version^[[0m
audit kyber-current / clang -O2	UNKNOWN STEP	2026-08-02T15:50:22.4210873Z ^[[36;1mobjdump --version | head -1^[[0m
audit kyber-current / clang -O2	UNKNOWN STEP	2026-08-02T15:50:22.4211976Z ^[[36;1muname -m^[[0m
audit kyber-current / clang -O2	UNKNOWN STEP	2026-08-02T15:50:22.4259176Z shell: /usr/bin/bash -e {0}
audit kyber-current / clang -O2	UNKNOWN STEP	2026-08-02T15:50:22.4260226Z env:
audit kyber-current / clang -O2	UNKNOWN STEP	2026-08-02T15:50:22.4261286Z   pythonLocation: /opt/hostedtoolcache/Python/3.12.13/x64
audit kyber-current / clang -O2	UNKNOWN STEP	2026-08-02T15:50:22.4262737Z   PKG_CONFIG_PATH: /opt/hostedtoolcache/Python/3.12.13/x64/lib/pkgconfig
audit kyber-current / clang -O2	UNKNOWN STEP	2026-08-02T15:50:22.4264479Z   Python_ROOT_DIR: /opt/hostedtoolcache/Python/3.12.13/x64
audit kyber-current / clang -O2	UNKNOWN STEP	2026-08-02T15:50:22.4265825Z   Python2_ROOT_DIR: /opt/hostedtoolcache/Python/3.12.13/x64
audit kyber-current / clang -O2	UNKNOWN STEP	2026-08-02T15:50:22.4267154Z   Python3_ROOT_DIR: /opt/hostedtoolcache/Python/3.12.13/x64
audit kyber-current / clang -O2	UNKNOWN STEP	2026-08-02T15:50:22.4268465Z   LD_LIBRARY_PATH: /opt/hostedtoolcache/Python/3.12.13/x64/lib
audit kyber-current / clang -O2	UNKNOWN STEP	2026-08-02T15:50:22.4269587Z ##[endgroup]
audit kyber-current / clang -O2	UNKNOWN STEP	2026-08-02T15:50:23.2157613Z Ubuntu clang version 18.1.3 (1ubuntu1)
audit kyber-current / clang -O2	UNKNOWN STEP	2026-08-02T15:50:23.2158491Z Target: x86_64-pc-linux-gnu
audit kyber-current / clang -O2	UNKNOWN STEP	2026-08-02T15:50:23.2158864Z Thread model: posix
audit kyber-current / clang -O2	UNKNOWN STEP	2026-08-02T15:50:23.2159170Z InstalledDir: /usr/bin
audit kyber-current / clang -O2	UNKNOWN STEP	2026-08-02T15:50:23.3051254Z GNU objdump (GNU Binutils for Ubuntu) 2.42
audit kyber-current / clang -O2	UNKNOWN STEP	2026-08-02T15:50:23.3064386Z x86_64
audit kyber-current / clang -O2	UNKNOWN STEP	2026-08-02T15:50:23.3106837Z ##[group]Run # NOTE the "=" on --opt-levels. Without it argparse reads a value like
audit kyber-current / clang -O2	UNKNOWN STEP	2026-08-02T15:50:23.3107488Z ^[[36;1m# NOTE the "=" on --opt-levels. Without it argparse reads a value like^[[0m
audit kyber-current / clang -O2	UNKNOWN STEP	2026-08-02T15:50:23.3108026Z ^[[36;1m# "-Os" as a flag and the run fails with "expected at least one argument".^[[0m
audit kyber-current / clang -O2	UNKNOWN STEP	2026-08-02T15:50:23.3108452Z ^[[36;1mpython3 scripts/build_matrix.py \^[[0m
audit kyber-current / clang -O2	UNKNOWN STEP	2026-08-02T15:50:23.3108761Z ^[[36;1m  --targets kyber-current \^[[0m
audit kyber-current / clang -O2	UNKNOWN STEP	2026-08-02T15:50:23.3109042Z ^[[36;1m  --compilers clang \^[[0m
audit kyber-current / clang -O2	UNKNOWN STEP	2026-08-02T15:50:23.3109531Z ^[[36;1m  --opt-levels='-O2' \^[[0m
audit kyber-current / clang -O2	UNKNOWN STEP	2026-08-02T15:50:23.3109796Z ^[[36;1m  --out audit.json^[[0m
audit kyber-current / clang -O2	UNKNOWN STEP	2026-08-02T15:50:23.3157325Z shell: /usr/bin/bash -e {0}
audit kyber-current / clang -O2	UNKNOWN STEP	2026-08-02T15:50:23.3157619Z env:
audit kyber-current / clang -O2	UNKNOWN STEP	2026-08-02T15:50:23.3157910Z   pythonLocation: /opt/hostedtoolcache/Python/3.12.13/x64
audit kyber-current / clang -O2	UNKNOWN STEP	2026-08-02T15:50:23.3158396Z   PKG_CONFIG_PATH: /opt/hostedtoolcache/Python/3.12.13/x64/lib/pkgconfig
audit kyber-current / clang -O2	UNKNOWN STEP	2026-08-02T15:50:23.3158885Z   Python_ROOT_DIR: /opt/hostedtoolcache/Python/3.12.13/x64
audit kyber-current / clang -O2	UNKNOWN STEP	2026-08-02T15:50:23.3159281Z   Python2_ROOT_DIR: /opt/hostedtoolcache/Python/3.12.13/x64
audit kyber-current / clang -O2	UNKNOWN STEP	2026-08-02T15:50:23.3159679Z   Python3_ROOT_DIR: /opt/hostedtoolcache/Python/3.12.13/x64
audit kyber-current / clang -O2	UNKNOWN STEP	2026-08-02T15:50:23.3160081Z   LD_LIBRARY_PATH: /opt/hostedtoolcache/Python/3.12.13/x64/lib
audit kyber-current / clang -O2	UNKNOWN STEP	2026-08-02T15:50:23.3160406Z ##[endgroup]
audit kyber-current / clang -O2	UNKNOWN STEP	2026-08-02T15:50:27.7249423Z [NO_SECRET_DEPENDENT_DIV ] kyber-current_clang_O2_768  secret_div=0 total_div=0
audit kyber-current / clang -O2	UNKNOWN STEP	2026-08-02T15:50:27.7249864Z 
audit kyber-current / clang -O2	UNKNOWN STEP	2026-08-02T15:50:27.7250013Z Wrote 1 cells to audit.json
audit kyber-current / clang -O2	UNKNOWN STEP	2026-08-02T15:50:27.7363595Z ##[group]Run python3 - <<'PY'
audit kyber-current / clang -O2	UNKNOWN STEP	2026-08-02T15:50:27.7363974Z ^[[36;1mpython3 - <<'PY'^[[0m
audit kyber-current / clang -O2	UNKNOWN STEP	2026-08-02T15:50:27.7364222Z ^[[36;1mimport json, sys^[[0m
audit kyber-current / clang -O2	UNKNOWN STEP	2026-08-02T15:50:27.7364483Z ^[[36;1mrows = json.load(open("audit.json"))^[[0m
audit kyber-current / clang -O2	UNKNOWN STEP	2026-08-02T15:50:27.7364764Z ^[[36;1m^[[0m
audit kyber-current / clang -O2	UNKNOWN STEP	2026-08-02T15:50:27.7365019Z ^[[36;1mgated = [r for r in rows if r.get("gate_failed_at")]^[[0m
audit kyber-current / clang -O2	UNKNOWN STEP	2026-08-02T15:50:27.7365344Z ^[[36;1mfor r in gated:^[[0m
audit kyber-current / clang -O2	UNKNOWN STEP	2026-08-02T15:50:27.7365631Z ^[[36;1m    print(f"::warning::{r['experiment_id']} failed at "^[[0m
audit kyber-current / clang -O2	UNKNOWN STEP	2026-08-02T15:50:27.7366041Z ^[[36;1m          f"{r['gate_failed_at']} - no security verdict produced")^[[0m
audit kyber-current / clang -O2	UNKNOWN STEP	2026-08-02T15:50:27.7366379Z ^[[36;1m^[[0m
audit kyber-current / clang -O2	UNKNOWN STEP	2026-08-02T15:50:27.7366661Z ^[[36;1mvulnerable = [r for r in rows if r.get("verdict") == "VULNERABLE"]^[[0m
audit kyber-current / clang -O2	UNKNOWN STEP	2026-08-02T15:50:27.7367034Z ^[[36;1mfor r in vulnerable:^[[0m
audit kyber-current / clang -O2	UNKNOWN STEP	2026-08-02T15:50:27.7367325Z ^[[36;1m    fns = ", ".join(r.get("vulnerable_functions", []))^[[0m
audit kyber-current / clang -O2	UNKNOWN STEP	2026-08-02T15:50:27.7367734Z ^[[36;1m    variants = ", ".join(r.get("kyberslash_variants", []))^[[0m
audit kyber-current / clang -O2	UNKNOWN STEP	2026-08-02T15:50:27.7368180Z ^[[36;1m    print(f"::error::{r['experiment_id']}: secret-dependent division in "^[[0m
audit kyber-current / clang -O2	UNKNOWN STEP	2026-08-02T15:50:27.7368571Z ^[[36;1m          f"{fns} ({variants})")^[[0m
audit kyber-current / clang -O2	UNKNOWN STEP	2026-08-02T15:50:27.7368826Z ^[[36;1m^[[0m
audit kyber-current / clang -O2	UNKNOWN STEP	2026-08-02T15:50:27.7369010Z ^[[36;1mif vulnerable:^[[0m
audit kyber-current / clang -O2	UNKNOWN STEP	2026-08-02T15:50:27.7369229Z ^[[36;1m    sys.exit(1)^[[0m
audit kyber-current / clang -O2	UNKNOWN STEP	2026-08-02T15:50:27.7369441Z ^[[36;1m^[[0m
audit kyber-current / clang -O2	UNKNOWN STEP	2026-08-02T15:50:27.7369698Z ^[[36;1maudited = [r for r in rows if not r.get("gate_failed_at")]^[[0m
audit kyber-current / clang -O2	UNKNOWN STEP	2026-08-02T15:50:27.7370034Z ^[[36;1mif not audited:^[[0m
audit kyber-current / clang -O2	UNKNOWN STEP	2026-08-02T15:50:27.7370396Z ^[[36;1m    print("::error::no cell produced a verdict - nothing was actually audited")^[[0m
audit kyber-current / clang -O2	UNKNOWN STEP	2026-08-02T15:50:27.7370794Z ^[[36;1m    sys.exit(1)^[[0m
audit kyber-current / clang -O2	UNKNOWN STEP	2026-08-02T15:50:27.7371002Z ^[[36;1m^[[0m
audit kyber-current / clang -O2	UNKNOWN STEP	2026-08-02T15:50:27.7371310Z ^[[36;1m# Incidental divisions are expected and must not fail the build. Reporting^[[0m
audit kyber-current / clang -O2	UNKNOWN STEP	2026-08-02T15:50:27.7371856Z ^[[36;1m# them keeps the distinction visible: a correctly patched binary still^[[0m
audit kyber-current / clang -O2	UNKNOWN STEP	2026-08-02T15:50:27.7372368Z ^[[36;1m# contains divisions in Keccak and rejection sampling, and a check that^[[0m
audit kyber-current / clang -O2	UNKNOWN STEP	2026-08-02T15:50:27.7372842Z ^[[36;1m# merely grepped for a division mnemonic would reject it.^[[0m
audit kyber-current / clang -O2	UNKNOWN STEP	2026-08-02T15:50:27.7373472Z ^[[36;1mfor r in audited:^[[0m
audit kyber-current / clang -O2	UNKNOWN STEP	2026-08-02T15:50:27.7373733Z ^[[36;1m    print(f"{r['experiment_id']}: clean "^[[0m
audit kyber-current / clang -O2	UNKNOWN STEP	2026-08-02T15:50:27.7374095Z ^[[36;1m          f"({r.get('total_divisions', 0)} incidental division(s))")^[[0m
audit kyber-current / clang -O2	UNKNOWN STEP	2026-08-02T15:50:27.7374426Z ^[[36;1mPY^[[0m
audit kyber-current / clang -O2	UNKNOWN STEP	2026-08-02T15:50:27.7419868Z shell: /usr/bin/bash -e {0}
audit kyber-current / clang -O2	UNKNOWN STEP	2026-08-02T15:50:27.7420125Z env:
audit kyber-current / clang -O2	UNKNOWN STEP	2026-08-02T15:50:27.7420393Z   pythonLocation: /opt/hostedtoolcache/Python/3.12.13/x64
audit kyber-current / clang -O2	UNKNOWN STEP	2026-08-02T15:50:27.7420839Z   PKG_CONFIG_PATH: /opt/hostedtoolcache/Python/3.12.13/x64/lib/pkgconfig
audit kyber-current / clang -O2	UNKNOWN STEP	2026-08-02T15:50:27.7421286Z   Python_ROOT_DIR: /opt/hostedtoolcache/Python/3.12.13/x64
audit kyber-current / clang -O2	UNKNOWN STEP	2026-08-02T15:50:27.7421660Z   Python2_ROOT_DIR: /opt/hostedtoolcache/Python/3.12.13/x64
audit kyber-current / clang -O2	UNKNOWN STEP	2026-08-02T15:50:27.7422036Z   Python3_ROOT_DIR: /opt/hostedtoolcache/Python/3.12.13/x64
audit kyber-current / clang -O2	UNKNOWN STEP	2026-08-02T15:50:27.7422614Z   LD_LIBRARY_PATH: /opt/hostedtoolcache/Python/3.12.13/x64/lib
audit kyber-current / clang -O2	UNKNOWN STEP	2026-08-02T15:50:27.7422939Z ##[endgroup]
audit kyber-current / clang -O2	UNKNOWN STEP	2026-08-02T15:50:27.7728161Z EXP-kyber-current_clang_O2_768: clean (0 incidental division(s))
audit kyber-current / clang -O2	UNKNOWN STEP	2026-08-02T15:50:27.7820660Z Node 20 is being deprecated. This workflow is running with Node 24 by default. If you need to temporarily use Node 20, you can set the ACTIONS_ALLOW_USE_UNSECURE_NODE_VERSION=true environment variable. For more information see: https://github.blog/changelog/2025-09-19-deprecation-of-node-20-on-github-actions-runners/
audit kyber-current / clang -O2	UNKNOWN STEP	2026-08-02T15:50:27.7821970Z ##[group]Run actions/upload-artifact@v4
audit kyber-current / clang -O2	UNKNOWN STEP	2026-08-02T15:50:27.7822237Z with:
audit kyber-current / clang -O2	UNKNOWN STEP	2026-08-02T15:50:27.7822448Z   name: audit-kyber-current-clang--O2
audit kyber-current / clang -O2	UNKNOWN STEP	2026-08-02T15:50:27.7822717Z   path: audit.json
audit kyber-current / clang -O2	UNKNOWN STEP	2026-08-02T15:50:27.7822926Z   if-no-files-found: warn
audit kyber-current / clang -O2	UNKNOWN STEP	2026-08-02T15:50:27.7823541Z   compression-level: 6
audit kyber-current / clang -O2	UNKNOWN STEP	2026-08-02T15:50:27.7823762Z   overwrite: false
audit kyber-current / clang -O2	UNKNOWN STEP	2026-08-02T15:50:27.7823976Z   include-hidden-files: false
audit kyber-current / clang -O2	UNKNOWN STEP	2026-08-02T15:50:27.7824222Z env:
audit kyber-current / clang -O2	UNKNOWN STEP	2026-08-02T15:50:27.7824469Z   pythonLocation: /opt/hostedtoolcache/Python/3.12.13/x64
audit kyber-current / clang -O2	UNKNOWN STEP	2026-08-02T15:50:27.7824897Z   PKG_CONFIG_PATH: /opt/hostedtoolcache/Python/3.12.13/x64/lib/pkgconfig
audit kyber-current / clang -O2	UNKNOWN STEP	2026-08-02T15:50:27.7825340Z   Python_ROOT_DIR: /opt/hostedtoolcache/Python/3.12.13/x64
audit kyber-current / clang -O2	UNKNOWN STEP	2026-08-02T15:50:27.7825718Z   Python2_ROOT_DIR: /opt/hostedtoolcache/Python/3.12.13/x64
audit kyber-current / clang -O2	UNKNOWN STEP	2026-08-02T15:50:27.7826093Z   Python3_ROOT_DIR: /opt/hostedtoolcache/Python/3.12.13/x64
audit kyber-current / clang -O2	UNKNOWN STEP	2026-08-02T15:50:27.7826471Z   LD_LIBRARY_PATH: /opt/hostedtoolcache/Python/3.12.13/x64/lib
audit kyber-current / clang -O2	UNKNOWN STEP	2026-08-02T15:50:27.7826786Z ##[endgroup]
audit kyber-current / clang -O2	UNKNOWN STEP	2026-08-02T15:50:27.9514058Z (node:2202) [DEP0040] DeprecationWarning: The `punycode` module is deprecated. Please use a userland alternative instead.
audit kyber-current / clang -O2	UNKNOWN STEP	2026-08-02T15:50:27.9515678Z (Use `node --trace-deprecation ...` to show where the warning was created)
audit kyber-current / clang -O2	UNKNOWN STEP	2026-08-02T15:50:27.9570318Z With the provided path, there will be 1 file uploaded
audit kyber-current / clang -O2	UNKNOWN STEP	2026-08-02T15:50:27.9583533Z Artifact name is valid!
audit kyber-current / clang -O2	UNKNOWN STEP	2026-08-02T15:50:27.9606084Z Root directory input is valid!
audit kyber-current / clang -O2	UNKNOWN STEP	2026-08-02T15:50:28.0927477Z Beginning upload of artifact content to blob storage
audit kyber-current / clang -O2	UNKNOWN STEP	2026-08-02T15:50:28.1186455Z (node:2202) [DEP0169] DeprecationWarning: `url.parse()` behavior is not standardized and prone to errors that have security implications. Use the WHATWG URL API instead. CVEs are not issued for `url.parse()` vulnerabilities.
audit kyber-current / clang -O2	UNKNOWN STEP	2026-08-02T15:50:28.1417140Z Uploaded bytes 713
audit kyber-current / clang -O2	UNKNOWN STEP	2026-08-02T15:50:28.1562701Z Finished uploading artifact content to blob storage!
audit kyber-current / clang -O2	UNKNOWN STEP	2026-08-02T15:50:28.1564097Z SHA256 digest of uploaded artifact zip is 0d739e927c2440f567c49f0aef8983d48bef03447c65bd8edd7afc16aef3210b
audit kyber-current / clang -O2	UNKNOWN STEP	2026-08-02T15:50:28.1565461Z Finalizing artifact upload
audit kyber-current / clang -O2	UNKNOWN STEP	2026-08-02T15:50:28.3595285Z Artifact audit-kyber-current-clang--O2.zip successfully finalized. Artifact ID 8835715066
audit kyber-current / clang -O2	UNKNOWN STEP	2026-08-02T15:50:28.3597100Z Artifact audit-kyber-current-clang--O2 has been successfully uploaded! Final size is 713 bytes. Artifact ID is 8835715066
audit kyber-current / clang -O2	UNKNOWN STEP	2026-08-02T15:50:28.3602438Z Artifact download URL: https://github.com/Ace7111/kyberslash-evaluation/actions/runs/30755244934/artifacts/8835715066
audit kyber-current / clang -O2	UNKNOWN STEP	2026-08-02T15:50:28.3810247Z Node 20 is being deprecated. This workflow is running with Node 24 by default. If you need to temporarily use Node 20, you can set the ACTIONS_ALLOW_USE_UNSECURE_NODE_VERSION=true environment variable. For more information see: https://github.blog/changelog/2025-09-19-deprecation-of-node-20-on-github-actions-runners/
audit kyber-current / clang -O2	UNKNOWN STEP	2026-08-02T15:50:28.3811537Z Post job cleanup.
audit kyber-current / clang -O2	UNKNOWN STEP	2026-08-02T15:50:28.5047417Z (node:2215) [DEP0040] DeprecationWarning: The `punycode` module is deprecated. Please use a userland alternative instead.
audit kyber-current / clang -O2	UNKNOWN STEP	2026-08-02T15:50:28.5048422Z (Use `node --trace-deprecation ...` to show where the warning was created)
audit kyber-current / clang -O2	UNKNOWN STEP	2026-08-02T15:50:28.5244776Z Node 20 is being deprecated. This workflow is running with Node 24 by default. If you need to temporarily use Node 20, you can set the ACTIONS_ALLOW_USE_UNSECURE_NODE_VERSION=true environment variable. For more information see: https://github.blog/changelog/2025-09-19-deprecation-of-node-20-on-github-actions-runners/
audit kyber-current / clang -O2	UNKNOWN STEP	2026-08-02T15:50:28.5246210Z Post job cleanup.
audit kyber-current / clang -O2	UNKNOWN STEP	2026-08-02T15:50:28.6193554Z [command]/usr/bin/git version
audit kyber-current / clang -O2	UNKNOWN STEP	2026-08-02T15:50:28.6255923Z git version 2.54.0
audit kyber-current / clang -O2	UNKNOWN STEP	2026-08-02T15:50:28.6307574Z Temporarily overriding HOME='/home/runner/work/_temp/11bddfc8-e4ab-45f9-9839-e702c02d9d34' before making global git config changes
audit kyber-current / clang -O2	UNKNOWN STEP	2026-08-02T15:50:28.6309327Z Adding repository directory to the temporary git global config as a safe directory
audit kyber-current / clang -O2	UNKNOWN STEP	2026-08-02T15:50:28.6316821Z [command]/usr/bin/git config --global --add safe.directory /home/runner/work/kyberslash-evaluation/kyberslash-evaluation
audit kyber-current / clang -O2	UNKNOWN STEP	2026-08-02T15:50:28.6387591Z [command]/usr/bin/git config --local --name-only --get-regexp core\.sshCommand
audit kyber-current / clang -O2	UNKNOWN STEP	2026-08-02T15:50:28.6450066Z [command]/usr/bin/git submodule foreach --recursive sh -c "git config --local --name-only --get-regexp 'core\.sshCommand' && git config --local --unset-all 'core.sshCommand' || :"
audit kyber-current / clang -O2	UNKNOWN STEP	2026-08-02T15:50:28.6754086Z [command]/usr/bin/git config --local --name-only --get-regexp http\.https\:\/\/github\.com\/\.extraheader
audit kyber-current / clang -O2	UNKNOWN STEP	2026-08-02T15:50:28.6786999Z http.https://github.com/.extraheader
audit kyber-current / clang -O2	UNKNOWN STEP	2026-08-02T15:50:28.6800453Z [command]/usr/bin/git config --local --unset-all http.https://github.com/.extraheader
audit kyber-current / clang -O2	UNKNOWN STEP	2026-08-02T15:50:28.6838043Z [command]/usr/bin/git submodule foreach --recursive sh -c "git config --local --name-only --get-regexp 'http\.https\:\/\/github\.com\/\.extraheader' && git config --local --unset-all 'http.https://github.com/.extraheader' || :"
audit kyber-current / clang -O2	UNKNOWN STEP	2026-08-02T15:50:28.7099231Z [command]/usr/bin/git config --local --name-only --get-regexp ^includeIf\.gitdir:
audit kyber-current / clang -O2	UNKNOWN STEP	2026-08-02T15:50:28.7142546Z [command]/usr/bin/git submodule foreach --recursive git config --local --show-origin --name-only --get-regexp remote.origin.url
audit kyber-current / clang -O2	UNKNOWN STEP	2026-08-02T15:50:28.7535645Z Cleaning up orphan processes
audit kyber-current / clang -O2	UNKNOWN STEP	2026-08-02T15:50:28.7829255Z ##[warning]Node.js 20 is deprecated. The following actions target Node.js 20 but are being forced to run on Node.js 24: actions/checkout@v4, actions/setup-python@v5, actions/upload-artifact@v4. For more information see: https://github.blog/changelog/2025-09-19-deprecation-of-node-20-on-github-actions-runners/
audit kyber-current / gcc -O0	UNKNOWN STEP	﻿2026-08-02T15:50:32.1600575Z Current runner version: '2.336.0'
audit kyber-current / gcc -O0	UNKNOWN STEP	2026-08-02T15:50:32.1628479Z ##[group]Runner Image Provisioner
audit kyber-current / gcc -O0	UNKNOWN STEP	2026-08-02T15:50:32.1630042Z Hosted Compute Agent
audit kyber-current / gcc -O0	UNKNOWN STEP	2026-08-02T15:50:32.1631283Z Version: 20260707.563
audit kyber-current / gcc -O0	UNKNOWN STEP	2026-08-02T15:50:32.1632232Z Commit: 02667638d2b423fbc733a8e32a88b44996a3ba6e
audit kyber-current / gcc -O0	UNKNOWN STEP	2026-08-02T15:50:32.1633459Z Build Date: 2026-07-07T19:33:50Z
audit kyber-current / gcc -O0	UNKNOWN STEP	2026-08-02T15:50:32.1634549Z Worker ID: {078fb2b1-caef-45f3-bfc2-32b5e760244b}
audit kyber-current / gcc -O0	UNKNOWN STEP	2026-08-02T15:50:32.1635854Z Azure Region: westus
audit kyber-current / gcc -O0	UNKNOWN STEP	2026-08-02T15:50:32.1636818Z ##[endgroup]
audit kyber-current / gcc -O0	UNKNOWN STEP	2026-08-02T15:50:32.1639209Z ##[group]Operating System
audit kyber-current / gcc -O0	UNKNOWN STEP	2026-08-02T15:50:32.1640569Z Ubuntu
audit kyber-current / gcc -O0	UNKNOWN STEP	2026-08-02T15:50:32.1641456Z 24.04.4
audit kyber-current / gcc -O0	UNKNOWN STEP	2026-08-02T15:50:32.1642259Z LTS
audit kyber-current / gcc -O0	UNKNOWN STEP	2026-08-02T15:50:32.1643169Z ##[endgroup]
audit kyber-current / gcc -O0	UNKNOWN STEP	2026-08-02T15:50:32.1644071Z ##[group]Runner Image
audit kyber-current / gcc -O0	UNKNOWN STEP	2026-08-02T15:50:32.1645161Z Image: ubuntu-24.04
audit kyber-current / gcc -O0	UNKNOWN STEP	2026-08-02T15:50:32.1646243Z Version: 20260720.247.2
audit kyber-current / gcc -O0	UNKNOWN STEP	2026-08-02T15:50:32.1649007Z Included Software: https://github.com/actions/runner-images/blob/ubuntu24/20260720.247/images/ubuntu/Ubuntu2404-Readme.md
audit kyber-current / gcc -O0	UNKNOWN STEP	2026-08-02T15:50:32.1651970Z Image Release: https://github.com/actions/runner-images/releases/tag/ubuntu24%2F20260720.247
audit kyber-current / gcc -O0	UNKNOWN STEP	2026-08-02T15:50:32.1653634Z ##[endgroup]
audit kyber-current / gcc -O0	UNKNOWN STEP	2026-08-02T15:50:32.1655614Z ##[group]GITHUB_TOKEN Permissions
audit kyber-current / gcc -O0	UNKNOWN STEP	2026-08-02T15:50:32.1658928Z Contents: read
audit kyber-current / gcc -O0	UNKNOWN STEP	2026-08-02T15:50:32.1659885Z Metadata: read
audit kyber-current / gcc -O0	UNKNOWN STEP	2026-08-02T15:50:32.1661024Z Packages: read
audit kyber-current / gcc -O0	UNKNOWN STEP	2026-08-02T15:50:32.1662122Z ##[endgroup]
audit kyber-current / gcc -O0	UNKNOWN STEP	2026-08-02T15:50:32.1669233Z Secret source: Actions
audit kyber-current / gcc -O0	UNKNOWN STEP	2026-08-02T15:50:32.1670847Z Prepare workflow directory
audit kyber-current / gcc -O0	UNKNOWN STEP	2026-08-02T15:50:32.2131133Z Prepare all required actions
audit kyber-current / gcc -O0	UNKNOWN STEP	2026-08-02T15:50:32.2200205Z Getting action download info
audit kyber-current / gcc -O0	UNKNOWN STEP	2026-08-02T15:50:32.6096097Z Download action repository 'actions/checkout@v4' (SHA:11d5960a326750d5838078e36cf38b85af677262)
audit kyber-current / gcc -O0	UNKNOWN STEP	2026-08-02T15:50:33.1096959Z Download action repository 'actions/setup-python@v5' (SHA:a26af69be951a213d495a4c3e4e4022e16d87065)
audit kyber-current / gcc -O0	UNKNOWN STEP	2026-08-02T15:50:33.1937688Z Download action repository 'actions/upload-artifact@v4' (SHA:ea165f8d65b6e75b540449e92b4886f43607fa02)
audit kyber-current / gcc -O0	UNKNOWN STEP	2026-08-02T15:50:33.4116650Z Complete job name: audit kyber-current / gcc -O0
audit kyber-current / gcc -O0	UNKNOWN STEP	2026-08-02T15:50:33.4950078Z Node 20 is being deprecated. This workflow is running with Node 24 by default. If you need to temporarily use Node 20, you can set the ACTIONS_ALLOW_USE_UNSECURE_NODE_VERSION=true environment variable. For more information see: https://github.blog/changelog/2025-09-19-deprecation-of-node-20-on-github-actions-runners/
audit kyber-current / gcc -O0	UNKNOWN STEP	2026-08-02T15:50:33.4959458Z ##[group]Run actions/checkout@v4
audit kyber-current / gcc -O0	UNKNOWN STEP	2026-08-02T15:50:33.4960195Z with:
audit kyber-current / gcc -O0	UNKNOWN STEP	2026-08-02T15:50:33.4960894Z   repository: Ace7111/kyberslash-evaluation
audit kyber-current / gcc -O0	UNKNOWN STEP	2026-08-02T15:50:33.4964635Z   token: ***
audit kyber-current / gcc -O0	UNKNOWN STEP	2026-08-02T15:50:33.4965057Z   ssh-strict: true
audit kyber-current / gcc -O0	UNKNOWN STEP	2026-08-02T15:50:33.4965486Z   ssh-user: git
audit kyber-current / gcc -O0	UNKNOWN STEP	2026-08-02T15:50:33.4965929Z   persist-credentials: true
audit kyber-current / gcc -O0	UNKNOWN STEP	2026-08-02T15:50:33.4966402Z   clean: true
audit kyber-current / gcc -O0	UNKNOWN STEP	2026-08-02T15:50:33.4966844Z   sparse-checkout-cone-mode: true
audit kyber-current / gcc -O0	UNKNOWN STEP	2026-08-02T15:50:33.4967352Z   fetch-depth: 1
audit kyber-current / gcc -O0	UNKNOWN STEP	2026-08-02T15:50:33.4967775Z   fetch-tags: false
audit kyber-current / gcc -O0	UNKNOWN STEP	2026-08-02T15:50:33.4968201Z   show-progress: true
audit kyber-current / gcc -O0	UNKNOWN STEP	2026-08-02T15:50:33.4968664Z   lfs: false
audit kyber-current / gcc -O0	UNKNOWN STEP	2026-08-02T15:50:33.4969098Z   submodules: false
audit kyber-current / gcc -O0	UNKNOWN STEP	2026-08-02T15:50:33.4969532Z   set-safe-directory: true
audit kyber-current / gcc -O0	UNKNOWN STEP	2026-08-02T15:50:33.4970019Z   allow-unsafe-pr-checkout: false
audit kyber-current / gcc -O0	UNKNOWN STEP	2026-08-02T15:50:33.4971307Z ##[endgroup]
audit kyber-current / gcc -O0	UNKNOWN STEP	2026-08-02T15:50:33.6042689Z Syncing repository: Ace7111/kyberslash-evaluation
audit kyber-current / gcc -O0	UNKNOWN STEP	2026-08-02T15:50:33.6045878Z ##[group]Getting Git version info
audit kyber-current / gcc -O0	UNKNOWN STEP	2026-08-02T15:50:33.6047266Z Working directory is '/home/runner/work/kyberslash-evaluation/kyberslash-evaluation'
audit kyber-current / gcc -O0	UNKNOWN STEP	2026-08-02T15:50:33.6049153Z [command]/usr/bin/git version
audit kyber-current / gcc -O0	UNKNOWN STEP	2026-08-02T15:50:33.6115237Z git version 2.54.0
audit kyber-current / gcc -O0	UNKNOWN STEP	2026-08-02T15:50:33.6172600Z ##[endgroup]
audit kyber-current / gcc -O0	UNKNOWN STEP	2026-08-02T15:50:33.6202959Z Temporarily overriding HOME='/home/runner/work/_temp/ea0d591e-51de-4234-a3d6-ac1f77d91a18' before making global git config changes
audit kyber-current / gcc -O0	UNKNOWN STEP	2026-08-02T15:50:33.6205659Z Adding repository directory to the temporary git global config as a safe directory
audit kyber-current / gcc -O0	UNKNOWN STEP	2026-08-02T15:50:33.6211363Z [command]/usr/bin/git config --global --add safe.directory /home/runner/work/kyberslash-evaluation/kyberslash-evaluation
audit kyber-current / gcc -O0	UNKNOWN STEP	2026-08-02T15:50:33.6262629Z Deleting the contents of '/home/runner/work/kyberslash-evaluation/kyberslash-evaluation'
audit kyber-current / gcc -O0	UNKNOWN STEP	2026-08-02T15:50:33.6266229Z ##[group]Initializing the repository
audit kyber-current / gcc -O0	UNKNOWN STEP	2026-08-02T15:50:33.6273155Z [command]/usr/bin/git init /home/runner/work/kyberslash-evaluation/kyberslash-evaluation
audit kyber-current / gcc -O0	UNKNOWN STEP	2026-08-02T15:50:33.6396131Z hint: Using 'master' as the name for the initial branch. This default branch name
audit kyber-current / gcc -O0	UNKNOWN STEP	2026-08-02T15:50:33.6398387Z hint: will change to "main" in Git 3.0. To configure the initial branch name
audit kyber-current / gcc -O0	UNKNOWN STEP	2026-08-02T15:50:33.6401083Z hint: to use in all of your new repositories, which will suppress this warning,
audit kyber-current / gcc -O0	UNKNOWN STEP	2026-08-02T15:50:33.6402762Z hint: call:
audit kyber-current / gcc -O0	UNKNOWN STEP	2026-08-02T15:50:33.6404063Z hint:
audit kyber-current / gcc -O0	UNKNOWN STEP	2026-08-02T15:50:33.6404955Z hint: 	git config --global init.defaultBranch <name>
audit kyber-current / gcc -O0	UNKNOWN STEP	2026-08-02T15:50:33.6406020Z hint:
audit kyber-current / gcc -O0	UNKNOWN STEP	2026-08-02T15:50:33.6407000Z hint: Names commonly chosen instead of 'master' are 'main', 'trunk' and
audit kyber-current / gcc -O0	UNKNOWN STEP	2026-08-02T15:50:33.6408524Z hint: 'development'. The just-created branch can be renamed via this command:
audit kyber-current / gcc -O0	UNKNOWN STEP	2026-08-02T15:50:33.6409816Z hint:
audit kyber-current / gcc -O0	UNKNOWN STEP	2026-08-02T15:50:33.6410661Z hint: 	git branch -m <name>
audit kyber-current / gcc -O0	UNKNOWN STEP	2026-08-02T15:50:33.6411488Z hint:
audit kyber-current / gcc -O0	UNKNOWN STEP	2026-08-02T15:50:33.6412544Z hint: Disable this message with "git config set advice.defaultBranchName false"
audit kyber-current / gcc -O0	UNKNOWN STEP	2026-08-02T15:50:33.6414484Z Initialized empty Git repository in /home/runner/work/kyberslash-evaluation/kyberslash-evaluation/.git/
audit kyber-current / gcc -O0	UNKNOWN STEP	2026-08-02T15:50:33.6419488Z [command]/usr/bin/git remote add origin https://github.com/Ace7111/kyberslash-evaluation
audit kyber-current / gcc -O0	UNKNOWN STEP	2026-08-02T15:50:33.6472307Z ##[endgroup]
audit kyber-current / gcc -O0	UNKNOWN STEP	2026-08-02T15:50:33.6473608Z ##[group]Disabling automatic garbage collection
audit kyber-current / gcc -O0	UNKNOWN STEP	2026-08-02T15:50:33.6475983Z [command]/usr/bin/git config --local gc.auto 0
audit kyber-current / gcc -O0	UNKNOWN STEP	2026-08-02T15:50:33.6511477Z ##[endgroup]
audit kyber-current / gcc -O0	UNKNOWN STEP	2026-08-02T15:50:33.6513386Z ##[group]Setting up auth
audit kyber-current / gcc -O0	UNKNOWN STEP	2026-08-02T15:50:33.6519365Z [command]/usr/bin/git config --local --name-only --get-regexp core\.sshCommand
audit kyber-current / gcc -O0	UNKNOWN STEP	2026-08-02T15:50:33.6559551Z [command]/usr/bin/git submodule foreach --recursive sh -c "git config --local --name-only --get-regexp 'core\.sshCommand' && git config --local --unset-all 'core.sshCommand' || :"
audit kyber-current / gcc -O0	UNKNOWN STEP	2026-08-02T15:50:33.6984172Z [command]/usr/bin/git config --local --name-only --get-regexp http\.https\:\/\/github\.com\/\.extraheader
audit kyber-current / gcc -O0	UNKNOWN STEP	2026-08-02T15:50:33.7031055Z [command]/usr/bin/git submodule foreach --recursive sh -c "git config --local --name-only --get-regexp 'http\.https\:\/\/github\.com\/\.extraheader' && git config --local --unset-all 'http.https://github.com/.extraheader' || :"
audit kyber-current / gcc -O0	UNKNOWN STEP	2026-08-02T15:50:33.7277768Z [command]/usr/bin/git config --local --name-only --get-regexp ^includeIf\.gitdir:
audit kyber-current / gcc -O0	UNKNOWN STEP	2026-08-02T15:50:33.7321241Z [command]/usr/bin/git submodule foreach --recursive git config --local --show-origin --name-only --get-regexp remote.origin.url
audit kyber-current / gcc -O0	UNKNOWN STEP	2026-08-02T15:50:33.7563999Z [command]/usr/bin/git config --local http.https://github.com/.extraheader AUTHORIZATION: basic ***
audit kyber-current / gcc -O0	UNKNOWN STEP	2026-08-02T15:50:33.7608490Z ##[endgroup]
audit kyber-current / gcc -O0	UNKNOWN STEP	2026-08-02T15:50:33.7609360Z ##[group]Fetching the repository
audit kyber-current / gcc -O0	UNKNOWN STEP	2026-08-02T15:50:33.7620167Z [command]/usr/bin/git -c protocol.version=2 fetch --no-tags --prune --no-recurse-submodules --depth=1 origin +c36da0f41ae2be8e5a855b5edf63e5074665cffa:refs/remotes/origin/main
audit kyber-current / gcc -O0	UNKNOWN STEP	2026-08-02T15:50:34.4319647Z From https://github.com/Ace7111/kyberslash-evaluation
audit kyber-current / gcc -O0	UNKNOWN STEP	2026-08-02T15:50:34.4321198Z  * [new ref]         c36da0f41ae2be8e5a855b5edf63e5074665cffa -> origin/main
audit kyber-current / gcc -O0	UNKNOWN STEP	2026-08-02T15:50:34.4358157Z ##[endgroup]
audit kyber-current / gcc -O0	UNKNOWN STEP	2026-08-02T15:50:34.4360477Z ##[group]Determining the checkout info
audit kyber-current / gcc -O0	UNKNOWN STEP	2026-08-02T15:50:34.4362702Z ##[endgroup]
audit kyber-current / gcc -O0	UNKNOWN STEP	2026-08-02T15:50:34.4368831Z [command]/usr/bin/git sparse-checkout disable
audit kyber-current / gcc -O0	UNKNOWN STEP	2026-08-02T15:50:34.4429135Z [command]/usr/bin/git config --local --unset-all extensions.worktreeConfig
audit kyber-current / gcc -O0	UNKNOWN STEP	2026-08-02T15:50:34.4466253Z ##[group]Checking out the ref
audit kyber-current / gcc -O0	UNKNOWN STEP	2026-08-02T15:50:34.4471828Z [command]/usr/bin/git checkout --progress --force -B main refs/remotes/origin/main
audit kyber-current / gcc -O0	UNKNOWN STEP	2026-08-02T15:50:34.4648860Z Switched to a new branch 'main'
audit kyber-current / gcc -O0	UNKNOWN STEP	2026-08-02T15:50:34.4650684Z branch 'main' set up to track 'origin/main'.
audit kyber-current / gcc -O0	UNKNOWN STEP	2026-08-02T15:50:34.4657754Z ##[endgroup]
audit kyber-current / gcc -O0	UNKNOWN STEP	2026-08-02T15:50:34.4709875Z [command]/usr/bin/git log -1 --format=%H
audit kyber-current / gcc -O0	UNKNOWN STEP	2026-08-02T15:50:34.4757650Z c36da0f41ae2be8e5a855b5edf63e5074665cffa
audit kyber-current / gcc -O0	UNKNOWN STEP	2026-08-02T15:50:34.5089312Z Node 20 is being deprecated. This workflow is running with Node 24 by default. If you need to temporarily use Node 20, you can set the ACTIONS_ALLOW_USE_UNSECURE_NODE_VERSION=true environment variable. For more information see: https://github.blog/changelog/2025-09-19-deprecation-of-node-20-on-github-actions-runners/
audit kyber-current / gcc -O0	UNKNOWN STEP	2026-08-02T15:50:34.5092952Z ##[group]Run actions/setup-python@v5
audit kyber-current / gcc -O0	UNKNOWN STEP	2026-08-02T15:50:34.5093575Z with:
audit kyber-current / gcc -O0	UNKNOWN STEP	2026-08-02T15:50:34.5094040Z   python-version: 3.12
audit kyber-current / gcc -O0	UNKNOWN STEP	2026-08-02T15:50:34.5094559Z   check-latest: false
audit kyber-current / gcc -O0	UNKNOWN STEP	2026-08-02T15:50:34.5098576Z   token: ***
audit kyber-current / gcc -O0	UNKNOWN STEP	2026-08-02T15:50:34.5099063Z   update-environment: true
audit kyber-current / gcc -O0	UNKNOWN STEP	2026-08-02T15:50:34.5099609Z   allow-prereleases: false
audit kyber-current / gcc -O0	UNKNOWN STEP	2026-08-02T15:50:34.5100154Z   freethreaded: false
audit kyber-current / gcc -O0	UNKNOWN STEP	2026-08-02T15:50:34.5100828Z ##[endgroup]
audit kyber-current / gcc -O0	UNKNOWN STEP	2026-08-02T15:50:34.6569261Z ##[group]Installed versions
audit kyber-current / gcc -O0	UNKNOWN STEP	2026-08-02T15:50:34.6684903Z (node:2250) [DEP0040] DeprecationWarning: The `punycode` module is deprecated. Please use a userland alternative instead.
audit kyber-current / gcc -O0	UNKNOWN STEP	2026-08-02T15:50:34.6687353Z (Use `node --trace-deprecation ...` to show where the warning was created)
audit kyber-current / gcc -O0	UNKNOWN STEP	2026-08-02T15:50:34.6689041Z Successfully set up CPython (3.12.13)
audit kyber-current / gcc -O0	UNKNOWN STEP	2026-08-02T15:50:34.6691343Z ##[endgroup]
audit kyber-current / gcc -O0	UNKNOWN STEP	2026-08-02T15:50:34.6899768Z ##[group]Run git clone --quiet https://github.com/pq-crystals/kyber.git targets/pq-crystals-kyber
audit kyber-current / gcc -O0	UNKNOWN STEP	2026-08-02T15:50:34.6901693Z ^[[36;1mgit clone --quiet https://github.com/pq-crystals/kyber.git targets/pq-crystals-kyber^[[0m
audit kyber-current / gcc -O0	UNKNOWN STEP	2026-08-02T15:50:34.6973100Z shell: /usr/bin/bash -e {0}
audit kyber-current / gcc -O0	UNKNOWN STEP	2026-08-02T15:50:34.6973805Z env:
audit kyber-current / gcc -O0	UNKNOWN STEP	2026-08-02T15:50:34.6974410Z   pythonLocation: /opt/hostedtoolcache/Python/3.12.13/x64
audit kyber-current / gcc -O0	UNKNOWN STEP	2026-08-02T15:50:34.6975321Z   PKG_CONFIG_PATH: /opt/hostedtoolcache/Python/3.12.13/x64/lib/pkgconfig
audit kyber-current / gcc -O0	UNKNOWN STEP	2026-08-02T15:50:34.6976186Z   Python_ROOT_DIR: /opt/hostedtoolcache/Python/3.12.13/x64
audit kyber-current / gcc -O0	UNKNOWN STEP	2026-08-02T15:50:34.6977015Z   Python2_ROOT_DIR: /opt/hostedtoolcache/Python/3.12.13/x64
audit kyber-current / gcc -O0	UNKNOWN STEP	2026-08-02T15:50:34.6978145Z   Python3_ROOT_DIR: /opt/hostedtoolcache/Python/3.12.13/x64
audit kyber-current / gcc -O0	UNKNOWN STEP	2026-08-02T15:50:34.6980050Z   LD_LIBRARY_PATH: /opt/hostedtoolcache/Python/3.12.13/x64/lib
audit kyber-current / gcc -O0	UNKNOWN STEP	2026-08-02T15:50:34.6981485Z ##[endgroup]
audit kyber-current / gcc -O0	UNKNOWN STEP	2026-08-02T15:50:35.3585310Z ##[group]Run gcc --version
audit kyber-current / gcc -O0	UNKNOWN STEP	2026-08-02T15:50:35.3586711Z ^[[36;1mgcc --version^[[0m
audit kyber-current / gcc -O0	UNKNOWN STEP	2026-08-02T15:50:35.3587982Z ^[[36;1mobjdump --version | head -1^[[0m
audit kyber-current / gcc -O0	UNKNOWN STEP	2026-08-02T15:50:35.3589394Z ^[[36;1muname -m^[[0m
audit kyber-current / gcc -O0	UNKNOWN STEP	2026-08-02T15:50:35.3639799Z shell: /usr/bin/bash -e {0}
audit kyber-current / gcc -O0	UNKNOWN STEP	2026-08-02T15:50:35.3641388Z env:
audit kyber-current / gcc -O0	UNKNOWN STEP	2026-08-02T15:50:35.3642722Z   pythonLocation: /opt/hostedtoolcache/Python/3.12.13/x64
audit kyber-current / gcc -O0	UNKNOWN STEP	2026-08-02T15:50:35.3644775Z   PKG_CONFIG_PATH: /opt/hostedtoolcache/Python/3.12.13/x64/lib/pkgconfig
audit kyber-current / gcc -O0	UNKNOWN STEP	2026-08-02T15:50:35.3646822Z   Python_ROOT_DIR: /opt/hostedtoolcache/Python/3.12.13/x64
audit kyber-current / gcc -O0	UNKNOWN STEP	2026-08-02T15:50:35.3648633Z   Python2_ROOT_DIR: /opt/hostedtoolcache/Python/3.12.13/x64
audit kyber-current / gcc -O0	UNKNOWN STEP	2026-08-02T15:50:35.3650690Z   Python3_ROOT_DIR: /opt/hostedtoolcache/Python/3.12.13/x64
audit kyber-current / gcc -O0	UNKNOWN STEP	2026-08-02T15:50:35.3652623Z   LD_LIBRARY_PATH: /opt/hostedtoolcache/Python/3.12.13/x64/lib
audit kyber-current / gcc -O0	UNKNOWN STEP	2026-08-02T15:50:35.3654189Z ##[endgroup]
audit kyber-current / gcc -O0	UNKNOWN STEP	2026-08-02T15:50:35.3813994Z gcc (Ubuntu 13.3.0-6ubuntu2~24.04.1) 13.3.0
audit kyber-current / gcc -O0	UNKNOWN STEP	2026-08-02T15:50:35.3816655Z Copyright (C) 2023 Free Software Foundation, Inc.
audit kyber-current / gcc -O0	UNKNOWN STEP	2026-08-02T15:50:35.3819878Z This is free software; see the source for copying conditions.  There is NO
audit kyber-current / gcc -O0	UNKNOWN STEP	2026-08-02T15:50:35.3822854Z warranty; not even for MERCHANTABILITY or FITNESS FOR A PARTICULAR PURPOSE.
audit kyber-current / gcc -O0	UNKNOWN STEP	2026-08-02T15:50:35.3824420Z 
audit kyber-current / gcc -O0	UNKNOWN STEP	2026-08-02T15:50:35.4461438Z GNU objdump (GNU Binutils for Ubuntu) 2.42
audit kyber-current / gcc -O0	UNKNOWN STEP	2026-08-02T15:50:35.4474254Z x86_64
audit kyber-current / gcc -O0	UNKNOWN STEP	2026-08-02T15:50:35.4556657Z ##[group]Run # NOTE the "=" on --opt-levels. Without it argparse reads a value like
audit kyber-current / gcc -O0	UNKNOWN STEP	2026-08-02T15:50:35.4558924Z ^[[36;1m# NOTE the "=" on --opt-levels. Without it argparse reads a value like^[[0m
audit kyber-current / gcc -O0	UNKNOWN STEP	2026-08-02T15:50:35.4561347Z ^[[36;1m# "-Os" as a flag and the run fails with "expected at least one argument".^[[0m
audit kyber-current / gcc -O0	UNKNOWN STEP	2026-08-02T15:50:35.4563440Z ^[[36;1mpython3 scripts/build_matrix.py \^[[0m
audit kyber-current / gcc -O0	UNKNOWN STEP	2026-08-02T15:50:35.4564746Z ^[[36;1m  --targets kyber-current \^[[0m
audit kyber-current / gcc -O0	UNKNOWN STEP	2026-08-02T15:50:35.4565927Z ^[[36;1m  --compilers gcc \^[[0m
audit kyber-current / gcc -O0	UNKNOWN STEP	2026-08-02T15:50:35.4567003Z ^[[36;1m  --opt-levels='-O0' \^[[0m
audit kyber-current / gcc -O0	UNKNOWN STEP	2026-08-02T15:50:35.4568093Z ^[[36;1m  --out audit.json^[[0m
audit kyber-current / gcc -O0	UNKNOWN STEP	2026-08-02T15:50:35.4616964Z shell: /usr/bin/bash -e {0}
audit kyber-current / gcc -O0	UNKNOWN STEP	2026-08-02T15:50:35.4618001Z env:
audit kyber-current / gcc -O0	UNKNOWN STEP	2026-08-02T15:50:35.4619084Z   pythonLocation: /opt/hostedtoolcache/Python/3.12.13/x64
audit kyber-current / gcc -O0	UNKNOWN STEP	2026-08-02T15:50:35.4621081Z   PKG_CONFIG_PATH: /opt/hostedtoolcache/Python/3.12.13/x64/lib/pkgconfig
audit kyber-current / gcc -O0	UNKNOWN STEP	2026-08-02T15:50:35.4623030Z   Python_ROOT_DIR: /opt/hostedtoolcache/Python/3.12.13/x64
audit kyber-current / gcc -O0	UNKNOWN STEP	2026-08-02T15:50:35.4624680Z   Python2_ROOT_DIR: /opt/hostedtoolcache/Python/3.12.13/x64
audit kyber-current / gcc -O0	UNKNOWN STEP	2026-08-02T15:50:35.4626364Z   Python3_ROOT_DIR: /opt/hostedtoolcache/Python/3.12.13/x64
audit kyber-current / gcc -O0	UNKNOWN STEP	2026-08-02T15:50:35.4628101Z   LD_LIBRARY_PATH: /opt/hostedtoolcache/Python/3.12.13/x64/lib
audit kyber-current / gcc -O0	UNKNOWN STEP	2026-08-02T15:50:35.4629542Z ##[endgroup]
audit kyber-current / gcc -O0	UNKNOWN STEP	2026-08-02T15:50:38.8537574Z [NO_SECRET_DEPENDENT_DIV ] kyber-current_gcc_O0_768  secret_div=0 total_div=0
audit kyber-current / gcc -O0	UNKNOWN STEP	2026-08-02T15:50:38.8538339Z 
audit kyber-current / gcc -O0	UNKNOWN STEP	2026-08-02T15:50:38.8623035Z Wrote 1 cells to audit.json
audit kyber-current / gcc -O0	UNKNOWN STEP	2026-08-02T15:50:38.8681400Z ##[group]Run python3 - <<'PY'
audit kyber-current / gcc -O0	UNKNOWN STEP	2026-08-02T15:50:38.8681783Z ^[[36;1mpython3 - <<'PY'^[[0m
audit kyber-current / gcc -O0	UNKNOWN STEP	2026-08-02T15:50:38.8682019Z ^[[36;1mimport json, sys^[[0m
audit kyber-current / gcc -O0	UNKNOWN STEP	2026-08-02T15:50:38.8682278Z ^[[36;1mrows = json.load(open("audit.json"))^[[0m
audit kyber-current / gcc -O0	UNKNOWN STEP	2026-08-02T15:50:38.8682561Z ^[[36;1m^[[0m
audit kyber-current / gcc -O0	UNKNOWN STEP	2026-08-02T15:50:38.8682819Z ^[[36;1mgated = [r for r in rows if r.get("gate_failed_at")]^[[0m
audit kyber-current / gcc -O0	UNKNOWN STEP	2026-08-02T15:50:38.8683144Z ^[[36;1mfor r in gated:^[[0m
audit kyber-current / gcc -O0	UNKNOWN STEP	2026-08-02T15:50:38.8683438Z ^[[36;1m    print(f"::warning::{r['experiment_id']} failed at "^[[0m
audit kyber-current / gcc -O0	UNKNOWN STEP	2026-08-02T15:50:38.8683858Z ^[[36;1m          f"{r['gate_failed_at']} - no security verdict produced")^[[0m
audit kyber-current / gcc -O0	UNKNOWN STEP	2026-08-02T15:50:38.8684191Z ^[[36;1m^[[0m
audit kyber-current / gcc -O0	UNKNOWN STEP	2026-08-02T15:50:38.8684488Z ^[[36;1mvulnerable = [r for r in rows if r.get("verdict") == "VULNERABLE"]^[[0m
audit kyber-current / gcc -O0	UNKNOWN STEP	2026-08-02T15:50:38.8684869Z ^[[36;1mfor r in vulnerable:^[[0m
audit kyber-current / gcc -O0	UNKNOWN STEP	2026-08-02T15:50:38.8685192Z ^[[36;1m    fns = ", ".join(r.get("vulnerable_functions", []))^[[0m
audit kyber-current / gcc -O0	UNKNOWN STEP	2026-08-02T15:50:38.8685617Z ^[[36;1m    variants = ", ".join(r.get("kyberslash_variants", []))^[[0m
audit kyber-current / gcc -O0	UNKNOWN STEP	2026-08-02T15:50:38.8686062Z ^[[36;1m    print(f"::error::{r['experiment_id']}: secret-dependent division in "^[[0m
audit kyber-current / gcc -O0	UNKNOWN STEP	2026-08-02T15:50:38.8686453Z ^[[36;1m          f"{fns} ({variants})")^[[0m
audit kyber-current / gcc -O0	UNKNOWN STEP	2026-08-02T15:50:38.8686703Z ^[[36;1m^[[0m
audit kyber-current / gcc -O0	UNKNOWN STEP	2026-08-02T15:50:38.8686886Z ^[[36;1mif vulnerable:^[[0m
audit kyber-current / gcc -O0	UNKNOWN STEP	2026-08-02T15:50:38.8687105Z ^[[36;1m    sys.exit(1)^[[0m
audit kyber-current / gcc -O0	UNKNOWN STEP	2026-08-02T15:50:38.8687325Z ^[[36;1m^[[0m
audit kyber-current / gcc -O0	UNKNOWN STEP	2026-08-02T15:50:38.8687592Z ^[[36;1maudited = [r for r in rows if not r.get("gate_failed_at")]^[[0m
audit kyber-current / gcc -O0	UNKNOWN STEP	2026-08-02T15:50:38.8687932Z ^[[36;1mif not audited:^[[0m
audit kyber-current / gcc -O0	UNKNOWN STEP	2026-08-02T15:50:38.8688291Z ^[[36;1m    print("::error::no cell produced a verdict - nothing was actually audited")^[[0m
audit kyber-current / gcc -O0	UNKNOWN STEP	2026-08-02T15:50:38.8688692Z ^[[36;1m    sys.exit(1)^[[0m
audit kyber-current / gcc -O0	UNKNOWN STEP	2026-08-02T15:50:38.8688894Z ^[[36;1m^[[0m
audit kyber-current / gcc -O0	UNKNOWN STEP	2026-08-02T15:50:38.8689204Z ^[[36;1m# Incidental divisions are expected and must not fail the build. Reporting^[[0m
audit kyber-current / gcc -O0	UNKNOWN STEP	2026-08-02T15:50:38.8689779Z ^[[36;1m# them keeps the distinction visible: a correctly patched binary still^[[0m
audit kyber-current / gcc -O0	UNKNOWN STEP	2026-08-02T15:50:38.8690545Z ^[[36;1m# contains divisions in Keccak and rejection sampling, and a check that^[[0m
audit kyber-current / gcc -O0	UNKNOWN STEP	2026-08-02T15:50:38.8691056Z ^[[36;1m# merely grepped for a division mnemonic would reject it.^[[0m
audit kyber-current / gcc -O0	UNKNOWN STEP	2026-08-02T15:50:38.8691404Z ^[[36;1mfor r in audited:^[[0m
audit kyber-current / gcc -O0	UNKNOWN STEP	2026-08-02T15:50:38.8691667Z ^[[36;1m    print(f"{r['experiment_id']}: clean "^[[0m
audit kyber-current / gcc -O0	UNKNOWN STEP	2026-08-02T15:50:38.8692042Z ^[[36;1m          f"({r.get('total_divisions', 0)} incidental division(s))")^[[0m
audit kyber-current / gcc -O0	UNKNOWN STEP	2026-08-02T15:50:38.8692376Z ^[[36;1mPY^[[0m
audit kyber-current / gcc -O0	UNKNOWN STEP	2026-08-02T15:50:38.8740034Z shell: /usr/bin/bash -e {0}
audit kyber-current / gcc -O0	UNKNOWN STEP	2026-08-02T15:50:38.8740597Z env:
audit kyber-current / gcc -O0	UNKNOWN STEP	2026-08-02T15:50:38.8740884Z   pythonLocation: /opt/hostedtoolcache/Python/3.12.13/x64
audit kyber-current / gcc -O0	UNKNOWN STEP	2026-08-02T15:50:38.8741343Z   PKG_CONFIG_PATH: /opt/hostedtoolcache/Python/3.12.13/x64/lib/pkgconfig
audit kyber-current / gcc -O0	UNKNOWN STEP	2026-08-02T15:50:38.8741817Z   Python_ROOT_DIR: /opt/hostedtoolcache/Python/3.12.13/x64
audit kyber-current / gcc -O0	UNKNOWN STEP	2026-08-02T15:50:38.8742512Z   Python2_ROOT_DIR: /opt/hostedtoolcache/Python/3.12.13/x64
audit kyber-current / gcc -O0	UNKNOWN STEP	2026-08-02T15:50:38.8742891Z   Python3_ROOT_DIR: /opt/hostedtoolcache/Python/3.12.13/x64
audit kyber-current / gcc -O0	UNKNOWN STEP	2026-08-02T15:50:38.8743279Z   LD_LIBRARY_PATH: /opt/hostedtoolcache/Python/3.12.13/x64/lib
audit kyber-current / gcc -O0	UNKNOWN STEP	2026-08-02T15:50:38.8743605Z ##[endgroup]
audit kyber-current / gcc -O0	UNKNOWN STEP	2026-08-02T15:50:38.9018030Z EXP-kyber-current_gcc_O0_768: clean (0 incidental division(s))
audit kyber-current / gcc -O0	UNKNOWN STEP	2026-08-02T15:50:38.9131006Z Node 20 is being deprecated. This workflow is running with Node 24 by default. If you need to temporarily use Node 20, you can set the ACTIONS_ALLOW_USE_UNSECURE_NODE_VERSION=true environment variable. For more information see: https://github.blog/changelog/2025-09-19-deprecation-of-node-20-on-github-actions-runners/
audit kyber-current / gcc -O0	UNKNOWN STEP	2026-08-02T15:50:38.9132389Z ##[group]Run actions/upload-artifact@v4
audit kyber-current / gcc -O0	UNKNOWN STEP	2026-08-02T15:50:38.9132661Z with:
audit kyber-current / gcc -O0	UNKNOWN STEP	2026-08-02T15:50:38.9132868Z   name: audit-kyber-current-gcc--O0
audit kyber-current / gcc -O0	UNKNOWN STEP	2026-08-02T15:50:38.9133130Z   path: audit.json
audit kyber-current / gcc -O0	UNKNOWN STEP	2026-08-02T15:50:38.9133342Z   if-no-files-found: warn
audit kyber-current / gcc -O0	UNKNOWN STEP	2026-08-02T15:50:38.9133600Z   compression-level: 6
audit kyber-current / gcc -O0	UNKNOWN STEP	2026-08-02T15:50:38.9133813Z   overwrite: false
audit kyber-current / gcc -O0	UNKNOWN STEP	2026-08-02T15:50:38.9134021Z   include-hidden-files: false
audit kyber-current / gcc -O0	UNKNOWN STEP	2026-08-02T15:50:38.9134264Z env:
audit kyber-current / gcc -O0	UNKNOWN STEP	2026-08-02T15:50:38.9134511Z   pythonLocation: /opt/hostedtoolcache/Python/3.12.13/x64
audit kyber-current / gcc -O0	UNKNOWN STEP	2026-08-02T15:50:38.9134934Z   PKG_CONFIG_PATH: /opt/hostedtoolcache/Python/3.12.13/x64/lib/pkgconfig
audit kyber-current / gcc -O0	UNKNOWN STEP	2026-08-02T15:50:38.9135404Z   Python_ROOT_DIR: /opt/hostedtoolcache/Python/3.12.13/x64
audit kyber-current / gcc -O0	UNKNOWN STEP	2026-08-02T15:50:38.9135784Z   Python2_ROOT_DIR: /opt/hostedtoolcache/Python/3.12.13/x64
audit kyber-current / gcc -O0	UNKNOWN STEP	2026-08-02T15:50:38.9136163Z   Python3_ROOT_DIR: /opt/hostedtoolcache/Python/3.12.13/x64
audit kyber-current / gcc -O0	UNKNOWN STEP	2026-08-02T15:50:38.9136545Z   LD_LIBRARY_PATH: /opt/hostedtoolcache/Python/3.12.13/x64/lib
audit kyber-current / gcc -O0	UNKNOWN STEP	2026-08-02T15:50:38.9136869Z ##[endgroup]
audit kyber-current / gcc -O0	UNKNOWN STEP	2026-08-02T15:50:39.0962243Z (node:2311) [DEP0040] DeprecationWarning: The `punycode` module is deprecated. Please use a userland alternative instead.
audit kyber-current / gcc -O0	UNKNOWN STEP	2026-08-02T15:50:39.0963826Z (Use `node --trace-deprecation ...` to show where the warning was created)
audit kyber-current / gcc -O0	UNKNOWN STEP	2026-08-02T15:50:39.1023765Z With the provided path, there will be 1 file uploaded
audit kyber-current / gcc -O0	UNKNOWN STEP	2026-08-02T15:50:39.1042446Z Artifact name is valid!
audit kyber-current / gcc -O0	UNKNOWN STEP	2026-08-02T15:50:39.1060757Z Root directory input is valid!
audit kyber-current / gcc -O0	UNKNOWN STEP	2026-08-02T15:50:39.4442687Z Beginning upload of artifact content to blob storage
audit kyber-current / gcc -O0	UNKNOWN STEP	2026-08-02T15:50:39.4704580Z (node:2311) [DEP0169] DeprecationWarning: `url.parse()` behavior is not standardized and prone to errors that have security implications. Use the WHATWG URL API instead. CVEs are not issued for `url.parse()` vulnerabilities.
audit kyber-current / gcc -O0	UNKNOWN STEP	2026-08-02T15:50:39.7438967Z Uploaded bytes 709
audit kyber-current / gcc -O0	UNKNOWN STEP	2026-08-02T15:50:39.8220658Z Finished uploading artifact content to blob storage!
audit kyber-current / gcc -O0	UNKNOWN STEP	2026-08-02T15:50:39.8221889Z SHA256 digest of uploaded artifact zip is 0c086324219a3212946e6c4d53298d58a4152eaff8c32c19130863b2a567118d
audit kyber-current / gcc -O0	UNKNOWN STEP	2026-08-02T15:50:39.8223413Z Finalizing artifact upload
audit kyber-current / gcc -O0	UNKNOWN STEP	2026-08-02T15:50:40.0234265Z Artifact audit-kyber-current-gcc--O0.zip successfully finalized. Artifact ID 8835717274
audit kyber-current / gcc -O0	UNKNOWN STEP	2026-08-02T15:50:40.0236124Z Artifact audit-kyber-current-gcc--O0 has been successfully uploaded! Final size is 709 bytes. Artifact ID is 8835717274
audit kyber-current / gcc -O0	UNKNOWN STEP	2026-08-02T15:50:40.0243491Z Artifact download URL: https://github.com/Ace7111/kyberslash-evaluation/actions/runs/30755244934/artifacts/8835717274
audit kyber-current / gcc -O0	UNKNOWN STEP	2026-08-02T15:50:40.0473537Z Node 20 is being deprecated. This workflow is running with Node 24 by default. If you need to temporarily use Node 20, you can set the ACTIONS_ALLOW_USE_UNSECURE_NODE_VERSION=true environment variable. For more information see: https://github.blog/changelog/2025-09-19-deprecation-of-node-20-on-github-actions-runners/
audit kyber-current / gcc -O0	UNKNOWN STEP	2026-08-02T15:50:40.0475896Z Post job cleanup.
audit kyber-current / gcc -O0	UNKNOWN STEP	2026-08-02T15:50:40.1794092Z (node:2323) [DEP0040] DeprecationWarning: The `punycode` module is deprecated. Please use a userland alternative instead.
audit kyber-current / gcc -O0	UNKNOWN STEP	2026-08-02T15:50:40.1795146Z (Use `node --trace-deprecation ...` to show where the warning was created)
audit kyber-current / gcc -O0	UNKNOWN STEP	2026-08-02T15:50:40.1968821Z Node 20 is being deprecated. This workflow is running with Node 24 by default. If you need to temporarily use Node 20, you can set the ACTIONS_ALLOW_USE_UNSECURE_NODE_VERSION=true environment variable. For more information see: https://github.blog/changelog/2025-09-19-deprecation-of-node-20-on-github-actions-runners/
audit kyber-current / gcc -O0	UNKNOWN STEP	2026-08-02T15:50:40.1970504Z Post job cleanup.
audit kyber-current / gcc -O0	UNKNOWN STEP	2026-08-02T15:50:40.3179814Z [command]/usr/bin/git version
audit kyber-current / gcc -O0	UNKNOWN STEP	2026-08-02T15:50:40.3236183Z git version 2.54.0
audit kyber-current / gcc -O0	UNKNOWN STEP	2026-08-02T15:50:40.3283135Z Temporarily overriding HOME='/home/runner/work/_temp/49667568-f77e-4e50-a9c8-217542596008' before making global git config changes
audit kyber-current / gcc -O0	UNKNOWN STEP	2026-08-02T15:50:40.3284518Z Adding repository directory to the temporary git global config as a safe directory
audit kyber-current / gcc -O0	UNKNOWN STEP	2026-08-02T15:50:40.3290421Z [command]/usr/bin/git config --global --add safe.directory /home/runner/work/kyberslash-evaluation/kyberslash-evaluation
audit kyber-current / gcc -O0	UNKNOWN STEP	2026-08-02T15:50:40.3603366Z [command]/usr/bin/git config --local --name-only --get-regexp core\.sshCommand
audit kyber-current / gcc -O0	UNKNOWN STEP	2026-08-02T15:50:40.3654106Z [command]/usr/bin/git submodule foreach --recursive sh -c "git config --local --name-only --get-regexp 'core\.sshCommand' && git config --local --unset-all 'core.sshCommand' || :"
audit kyber-current / gcc -O0	UNKNOWN STEP	2026-08-02T15:50:40.3987128Z [command]/usr/bin/git config --local --name-only --get-regexp http\.https\:\/\/github\.com\/\.extraheader
audit kyber-current / gcc -O0	UNKNOWN STEP	2026-08-02T15:50:40.4056291Z http.https://github.com/.extraheader
audit kyber-current / gcc -O0	UNKNOWN STEP	2026-08-02T15:50:40.4076195Z [command]/usr/bin/git config --local --unset-all http.https://github.com/.extraheader
audit kyber-current / gcc -O0	UNKNOWN STEP	2026-08-02T15:50:40.4127800Z [command]/usr/bin/git submodule foreach --recursive sh -c "git config --local --name-only --get-regexp 'http\.https\:\/\/github\.com\/\.extraheader' && git config --local --unset-all 'http.https://github.com/.extraheader' || :"
audit kyber-current / gcc -O0	UNKNOWN STEP	2026-08-02T15:50:40.4447978Z [command]/usr/bin/git config --local --name-only --get-regexp ^includeIf\.gitdir:
audit kyber-current / gcc -O0	UNKNOWN STEP	2026-08-02T15:50:40.4491091Z [command]/usr/bin/git submodule foreach --recursive git config --local --show-origin --name-only --get-regexp remote.origin.url
audit kyber-current / gcc -O0	UNKNOWN STEP	2026-08-02T15:50:40.4909349Z Cleaning up orphan processes
audit kyber-current / gcc -O0	UNKNOWN STEP	2026-08-02T15:50:40.5224720Z ##[warning]Node.js 20 is deprecated. The following actions target Node.js 20 but are being forced to run on Node.js 24: actions/checkout@v4, actions/setup-python@v5, actions/upload-artifact@v4. For more information see: https://github.blog/changelog/2025-09-19-deprecation-of-node-20-on-github-actions-runners/
audit kyber-patched / gcc -O2	UNKNOWN STEP	﻿2026-08-02T15:50:42.6742968Z Current runner version: '2.336.0'
audit kyber-patched / gcc -O2	UNKNOWN STEP	2026-08-02T15:50:42.6778265Z ##[group]Runner Image Provisioner
audit kyber-patched / gcc -O2	UNKNOWN STEP	2026-08-02T15:50:42.6779676Z Hosted Compute Agent
audit kyber-patched / gcc -O2	UNKNOWN STEP	2026-08-02T15:50:42.6780885Z Version: 20260707.563
audit kyber-patched / gcc -O2	UNKNOWN STEP	2026-08-02T15:50:42.6781850Z Commit: 02667638d2b423fbc733a8e32a88b44996a3ba6e
audit kyber-patched / gcc -O2	UNKNOWN STEP	2026-08-02T15:50:42.6783132Z Build Date: 2026-07-07T19:33:50Z
audit kyber-patched / gcc -O2	UNKNOWN STEP	2026-08-02T15:50:42.6784174Z Worker ID: {d88f9217-ed92-4ece-987c-c3e9484ae35e}
audit kyber-patched / gcc -O2	UNKNOWN STEP	2026-08-02T15:50:42.6785434Z Azure Region: centralus
audit kyber-patched / gcc -O2	UNKNOWN STEP	2026-08-02T15:50:42.6786359Z ##[endgroup]
audit kyber-patched / gcc -O2	UNKNOWN STEP	2026-08-02T15:50:42.6788355Z ##[group]Operating System
audit kyber-patched / gcc -O2	UNKNOWN STEP	2026-08-02T15:50:42.6789373Z Ubuntu
audit kyber-patched / gcc -O2	UNKNOWN STEP	2026-08-02T15:50:42.6790382Z 24.04.4
audit kyber-patched / gcc -O2	UNKNOWN STEP	2026-08-02T15:50:42.6791135Z LTS
audit kyber-patched / gcc -O2	UNKNOWN STEP	2026-08-02T15:50:42.6792068Z ##[endgroup]
audit kyber-patched / gcc -O2	UNKNOWN STEP	2026-08-02T15:50:42.6792967Z ##[group]Runner Image
audit kyber-patched / gcc -O2	UNKNOWN STEP	2026-08-02T15:50:42.6794269Z Image: ubuntu-24.04
audit kyber-patched / gcc -O2	UNKNOWN STEP	2026-08-02T15:50:42.6795337Z Version: 20260720.247.2
audit kyber-patched / gcc -O2	UNKNOWN STEP	2026-08-02T15:50:42.6798429Z Included Software: https://github.com/actions/runner-images/blob/ubuntu24/20260720.247/images/ubuntu/Ubuntu2404-Readme.md
audit kyber-patched / gcc -O2	UNKNOWN STEP	2026-08-02T15:50:42.6801496Z Image Release: https://github.com/actions/runner-images/releases/tag/ubuntu24%2F20260720.247
audit kyber-patched / gcc -O2	UNKNOWN STEP	2026-08-02T15:50:42.6804598Z ##[endgroup]
audit kyber-patched / gcc -O2	UNKNOWN STEP	2026-08-02T15:50:42.6806280Z ##[group]GITHUB_TOKEN Permissions
audit kyber-patched / gcc -O2	UNKNOWN STEP	2026-08-02T15:50:42.6809383Z Contents: read
audit kyber-patched / gcc -O2	UNKNOWN STEP	2026-08-02T15:50:42.6810463Z Metadata: read
audit kyber-patched / gcc -O2	UNKNOWN STEP	2026-08-02T15:50:42.6811247Z Packages: read
audit kyber-patched / gcc -O2	UNKNOWN STEP	2026-08-02T15:50:42.6812224Z ##[endgroup]
audit kyber-patched / gcc -O2	UNKNOWN STEP	2026-08-02T15:50:42.6815187Z Secret source: Actions
audit kyber-patched / gcc -O2	UNKNOWN STEP	2026-08-02T15:50:42.6816970Z Prepare workflow directory
audit kyber-patched / gcc -O2	UNKNOWN STEP	2026-08-02T15:50:42.7208382Z Prepare all required actions
audit kyber-patched / gcc -O2	UNKNOWN STEP	2026-08-02T15:50:42.7263010Z Getting action download info
audit kyber-patched / gcc -O2	UNKNOWN STEP	2026-08-02T15:50:42.9801821Z Download action repository 'actions/checkout@v4' (SHA:11d5960a326750d5838078e36cf38b85af677262)
audit kyber-patched / gcc -O2	UNKNOWN STEP	2026-08-02T15:50:43.5932178Z Download action repository 'actions/setup-python@v5' (SHA:a26af69be951a213d495a4c3e4e4022e16d87065)
audit kyber-patched / gcc -O2	UNKNOWN STEP	2026-08-02T15:50:43.6774259Z Download action repository 'actions/upload-artifact@v4' (SHA:ea165f8d65b6e75b540449e92b4886f43607fa02)
audit kyber-patched / gcc -O2	UNKNOWN STEP	2026-08-02T15:50:43.9166816Z Complete job name: audit kyber-patched / gcc -O2
audit kyber-patched / gcc -O2	UNKNOWN STEP	2026-08-02T15:50:43.9999018Z Node 20 is being deprecated. This workflow is running with Node 24 by default. If you need to temporarily use Node 20, you can set the ACTIONS_ALLOW_USE_UNSECURE_NODE_VERSION=true environment variable. For more information see: https://github.blog/changelog/2025-09-19-deprecation-of-node-20-on-github-actions-runners/
audit kyber-patched / gcc -O2	UNKNOWN STEP	2026-08-02T15:50:44.0008676Z ##[group]Run actions/checkout@v4
audit kyber-patched / gcc -O2	UNKNOWN STEP	2026-08-02T15:50:44.0010039Z with:
audit kyber-patched / gcc -O2	UNKNOWN STEP	2026-08-02T15:50:44.0010545Z   repository: Ace7111/kyberslash-evaluation
audit kyber-patched / gcc -O2	UNKNOWN STEP	2026-08-02T15:50:44.0015725Z   token: ***
audit kyber-patched / gcc -O2	UNKNOWN STEP	2026-08-02T15:50:44.0016189Z   ssh-strict: true
audit kyber-patched / gcc -O2	UNKNOWN STEP	2026-08-02T15:50:44.0016662Z   ssh-user: git
audit kyber-patched / gcc -O2	UNKNOWN STEP	2026-08-02T15:50:44.0017124Z   persist-credentials: true
audit kyber-patched / gcc -O2	UNKNOWN STEP	2026-08-02T15:50:44.0017637Z   clean: true
audit kyber-patched / gcc -O2	UNKNOWN STEP	2026-08-02T15:50:44.0018092Z   sparse-checkout-cone-mode: true
audit kyber-patched / gcc -O2	UNKNOWN STEP	2026-08-02T15:50:44.0018649Z   fetch-depth: 1
audit kyber-patched / gcc -O2	UNKNOWN STEP	2026-08-02T15:50:44.0019097Z   fetch-tags: false
audit kyber-patched / gcc -O2	UNKNOWN STEP	2026-08-02T15:50:44.0019562Z   show-progress: true
audit kyber-patched / gcc -O2	UNKNOWN STEP	2026-08-02T15:50:44.0020209Z   lfs: false
audit kyber-patched / gcc -O2	UNKNOWN STEP	2026-08-02T15:50:44.0020704Z   submodules: false
audit kyber-patched / gcc -O2	UNKNOWN STEP	2026-08-02T15:50:44.0021185Z   set-safe-directory: true
audit kyber-patched / gcc -O2	UNKNOWN STEP	2026-08-02T15:50:44.0021734Z   allow-unsafe-pr-checkout: false
audit kyber-patched / gcc -O2	UNKNOWN STEP	2026-08-02T15:50:44.0022647Z ##[endgroup]
audit kyber-patched / gcc -O2	UNKNOWN STEP	2026-08-02T15:50:44.1068923Z Syncing repository: Ace7111/kyberslash-evaluation
audit kyber-patched / gcc -O2	UNKNOWN STEP	2026-08-02T15:50:44.1071800Z ##[group]Getting Git version info
audit kyber-patched / gcc -O2	UNKNOWN STEP	2026-08-02T15:50:44.1073040Z Working directory is '/home/runner/work/kyberslash-evaluation/kyberslash-evaluation'
audit kyber-patched / gcc -O2	UNKNOWN STEP	2026-08-02T15:50:44.1075073Z [command]/usr/bin/git version
audit kyber-patched / gcc -O2	UNKNOWN STEP	2026-08-02T15:50:44.1109584Z git version 2.54.0
audit kyber-patched / gcc -O2	UNKNOWN STEP	2026-08-02T15:50:44.1133222Z ##[endgroup]
audit kyber-patched / gcc -O2	UNKNOWN STEP	2026-08-02T15:50:44.1148986Z Temporarily overriding HOME='/home/runner/work/_temp/c531fd1a-49c8-4fe4-95f9-6245435a91c4' before making global git config changes
audit kyber-patched / gcc -O2	UNKNOWN STEP	2026-08-02T15:50:44.1151626Z Adding repository directory to the temporary git global config as a safe directory
audit kyber-patched / gcc -O2	UNKNOWN STEP	2026-08-02T15:50:44.1155340Z [command]/usr/bin/git config --global --add safe.directory /home/runner/work/kyberslash-evaluation/kyberslash-evaluation
audit kyber-patched / gcc -O2	UNKNOWN STEP	2026-08-02T15:50:44.1207187Z Deleting the contents of '/home/runner/work/kyberslash-evaluation/kyberslash-evaluation'
audit kyber-patched / gcc -O2	UNKNOWN STEP	2026-08-02T15:50:44.1210771Z ##[group]Initializing the repository
audit kyber-patched / gcc -O2	UNKNOWN STEP	2026-08-02T15:50:44.1217534Z [command]/usr/bin/git init /home/runner/work/kyberslash-evaluation/kyberslash-evaluation
audit kyber-patched / gcc -O2	UNKNOWN STEP	2026-08-02T15:50:44.1297284Z hint: Using 'master' as the name for the initial branch. This default branch name
audit kyber-patched / gcc -O2	UNKNOWN STEP	2026-08-02T15:50:44.1299172Z hint: will change to "main" in Git 3.0. To configure the initial branch name
audit kyber-patched / gcc -O2	UNKNOWN STEP	2026-08-02T15:50:44.1301484Z hint: to use in all of your new repositories, which will suppress this warning,
audit kyber-patched / gcc -O2	UNKNOWN STEP	2026-08-02T15:50:44.1302700Z hint: call:
audit kyber-patched / gcc -O2	UNKNOWN STEP	2026-08-02T15:50:44.1303342Z hint:
audit kyber-patched / gcc -O2	UNKNOWN STEP	2026-08-02T15:50:44.1304096Z hint: 	git config --global init.defaultBranch <name>
audit kyber-patched / gcc -O2	UNKNOWN STEP	2026-08-02T15:50:44.1305176Z hint:
audit kyber-patched / gcc -O2	UNKNOWN STEP	2026-08-02T15:50:44.1305895Z hint: Names commonly chosen instead of 'master' are 'main', 'trunk' and
audit kyber-patched / gcc -O2	UNKNOWN STEP	2026-08-02T15:50:44.1307043Z hint: 'development'. The just-created branch can be renamed via this command:
audit kyber-patched / gcc -O2	UNKNOWN STEP	2026-08-02T15:50:44.1307979Z hint:
audit kyber-patched / gcc -O2	UNKNOWN STEP	2026-08-02T15:50:44.1308404Z hint: 	git branch -m <name>
audit kyber-patched / gcc -O2	UNKNOWN STEP	2026-08-02T15:50:44.1308917Z hint:
audit kyber-patched / gcc -O2	UNKNOWN STEP	2026-08-02T15:50:44.1309614Z hint: Disable this message with "git config set advice.defaultBranchName false"
audit kyber-patched / gcc -O2	UNKNOWN STEP	2026-08-02T15:50:44.1311888Z Initialized empty Git repository in /home/runner/work/kyberslash-evaluation/kyberslash-evaluation/.git/
audit kyber-patched / gcc -O2	UNKNOWN STEP	2026-08-02T15:50:44.1315255Z [command]/usr/bin/git remote add origin https://github.com/Ace7111/kyberslash-evaluation
audit kyber-patched / gcc -O2	UNKNOWN STEP	2026-08-02T15:50:44.1364182Z ##[endgroup]
audit kyber-patched / gcc -O2	UNKNOWN STEP	2026-08-02T15:50:44.1365246Z ##[group]Disabling automatic garbage collection
audit kyber-patched / gcc -O2	UNKNOWN STEP	2026-08-02T15:50:44.1368362Z [command]/usr/bin/git config --local gc.auto 0
audit kyber-patched / gcc -O2	UNKNOWN STEP	2026-08-02T15:50:44.1404845Z ##[endgroup]
audit kyber-patched / gcc -O2	UNKNOWN STEP	2026-08-02T15:50:44.1405910Z ##[group]Setting up auth
audit kyber-patched / gcc -O2	UNKNOWN STEP	2026-08-02T15:50:44.1412635Z [command]/usr/bin/git config --local --name-only --get-regexp core\.sshCommand
audit kyber-patched / gcc -O2	UNKNOWN STEP	2026-08-02T15:50:44.1452023Z [command]/usr/bin/git submodule foreach --recursive sh -c "git config --local --name-only --get-regexp 'core\.sshCommand' && git config --local --unset-all 'core.sshCommand' || :"
audit kyber-patched / gcc -O2	UNKNOWN STEP	2026-08-02T15:50:44.1820303Z [command]/usr/bin/git config --local --name-only --get-regexp http\.https\:\/\/github\.com\/\.extraheader
audit kyber-patched / gcc -O2	UNKNOWN STEP	2026-08-02T15:50:44.1863574Z [command]/usr/bin/git submodule foreach --recursive sh -c "git config --local --name-only --get-regexp 'http\.https\:\/\/github\.com\/\.extraheader' && git config --local --unset-all 'http.https://github.com/.extraheader' || :"
audit kyber-patched / gcc -O2	UNKNOWN STEP	2026-08-02T15:50:44.2141968Z [command]/usr/bin/git config --local --name-only --get-regexp ^includeIf\.gitdir:
audit kyber-patched / gcc -O2	UNKNOWN STEP	2026-08-02T15:50:44.2185662Z [command]/usr/bin/git submodule foreach --recursive git config --local --show-origin --name-only --get-regexp remote.origin.url
audit kyber-patched / gcc -O2	UNKNOWN STEP	2026-08-02T15:50:44.2435987Z [command]/usr/bin/git config --local http.https://github.com/.extraheader AUTHORIZATION: basic ***
audit kyber-patched / gcc -O2	UNKNOWN STEP	2026-08-02T15:50:44.2479170Z ##[endgroup]
audit kyber-patched / gcc -O2	UNKNOWN STEP	2026-08-02T15:50:44.2480322Z ##[group]Fetching the repository
audit kyber-patched / gcc -O2	UNKNOWN STEP	2026-08-02T15:50:44.2489255Z [command]/usr/bin/git -c protocol.version=2 fetch --no-tags --prune --no-recurse-submodules --depth=1 origin +c36da0f41ae2be8e5a855b5edf63e5074665cffa:refs/remotes/origin/main
audit kyber-patched / gcc -O2	UNKNOWN STEP	2026-08-02T15:50:44.6401692Z From https://github.com/Ace7111/kyberslash-evaluation
audit kyber-patched / gcc -O2	UNKNOWN STEP	2026-08-02T15:50:44.6403546Z  * [new ref]         c36da0f41ae2be8e5a855b5edf63e5074665cffa -> origin/main
audit kyber-patched / gcc -O2	UNKNOWN STEP	2026-08-02T15:50:44.6450471Z ##[endgroup]
audit kyber-patched / gcc -O2	UNKNOWN STEP	2026-08-02T15:50:44.6452481Z ##[group]Determining the checkout info
audit kyber-patched / gcc -O2	UNKNOWN STEP	2026-08-02T15:50:44.6454434Z ##[endgroup]
audit kyber-patched / gcc -O2	UNKNOWN STEP	2026-08-02T15:50:44.6455529Z [command]/usr/bin/git sparse-checkout disable
audit kyber-patched / gcc -O2	UNKNOWN STEP	2026-08-02T15:50:44.6506633Z [command]/usr/bin/git config --local --unset-all extensions.worktreeConfig
audit kyber-patched / gcc -O2	UNKNOWN STEP	2026-08-02T15:50:44.6544427Z ##[group]Checking out the ref
audit kyber-patched / gcc -O2	UNKNOWN STEP	2026-08-02T15:50:44.6549202Z [command]/usr/bin/git checkout --progress --force -B main refs/remotes/origin/main
audit kyber-patched / gcc -O2	UNKNOWN STEP	2026-08-02T15:50:44.6723549Z Switched to a new branch 'main'
audit kyber-patched / gcc -O2	UNKNOWN STEP	2026-08-02T15:50:44.6725550Z branch 'main' set up to track 'origin/main'.
audit kyber-patched / gcc -O2	UNKNOWN STEP	2026-08-02T15:50:44.6732928Z ##[endgroup]
audit kyber-patched / gcc -O2	UNKNOWN STEP	2026-08-02T15:50:44.6779942Z [command]/usr/bin/git log -1 --format=%H
audit kyber-patched / gcc -O2	UNKNOWN STEP	2026-08-02T15:50:44.6811155Z c36da0f41ae2be8e5a855b5edf63e5074665cffa
audit kyber-patched / gcc -O2	UNKNOWN STEP	2026-08-02T15:50:44.7197772Z Node 20 is being deprecated. This workflow is running with Node 24 by default. If you need to temporarily use Node 20, you can set the ACTIONS_ALLOW_USE_UNSECURE_NODE_VERSION=true environment variable. For more information see: https://github.blog/changelog/2025-09-19-deprecation-of-node-20-on-github-actions-runners/
audit kyber-patched / gcc -O2	UNKNOWN STEP	2026-08-02T15:50:44.7203783Z ##[group]Run actions/setup-python@v5
audit kyber-patched / gcc -O2	UNKNOWN STEP	2026-08-02T15:50:44.7204884Z with:
audit kyber-patched / gcc -O2	UNKNOWN STEP	2026-08-02T15:50:44.7205679Z   python-version: 3.12
audit kyber-patched / gcc -O2	UNKNOWN STEP	2026-08-02T15:50:44.7206592Z   check-latest: false
audit kyber-patched / gcc -O2	UNKNOWN STEP	2026-08-02T15:50:44.7216477Z   token: ***
audit kyber-patched / gcc -O2	UNKNOWN STEP	2026-08-02T15:50:44.7217338Z   update-environment: true
audit kyber-patched / gcc -O2	UNKNOWN STEP	2026-08-02T15:50:44.7218340Z   allow-prereleases: false
audit kyber-patched / gcc -O2	UNKNOWN STEP	2026-08-02T15:50:44.7219319Z   freethreaded: false
audit kyber-patched / gcc -O2	UNKNOWN STEP	2026-08-02T15:50:44.7220398Z ##[endgroup]
audit kyber-patched / gcc -O2	UNKNOWN STEP	2026-08-02T15:50:44.8729283Z ##[group]Installed versions
audit kyber-patched / gcc -O2	UNKNOWN STEP	2026-08-02T15:50:44.8813943Z (node:2235) [DEP0040] DeprecationWarning: The `punycode` module is deprecated. Please use a userland alternative instead.
audit kyber-patched / gcc -O2	UNKNOWN STEP	2026-08-02T15:50:44.8817941Z (Use `node --trace-deprecation ...` to show where the warning was created)
audit kyber-patched / gcc -O2	UNKNOWN STEP	2026-08-02T15:50:44.8820344Z Successfully set up CPython (3.12.13)
audit kyber-patched / gcc -O2	UNKNOWN STEP	2026-08-02T15:50:44.8822713Z ##[endgroup]
audit kyber-patched / gcc -O2	UNKNOWN STEP	2026-08-02T15:50:44.9069163Z ##[group]Run git clone --quiet https://github.com/pq-crystals/kyber.git targets/pq-crystals-kyber
audit kyber-patched / gcc -O2	UNKNOWN STEP	2026-08-02T15:50:44.9073283Z ^[[36;1mgit clone --quiet https://github.com/pq-crystals/kyber.git targets/pq-crystals-kyber^[[0m
audit kyber-patched / gcc -O2	UNKNOWN STEP	2026-08-02T15:50:44.9208461Z shell: /usr/bin/bash -e {0}
audit kyber-patched / gcc -O2	UNKNOWN STEP	2026-08-02T15:50:44.9210047Z env:
audit kyber-patched / gcc -O2	UNKNOWN STEP	2026-08-02T15:50:44.9211635Z   pythonLocation: /opt/hostedtoolcache/Python/3.12.13/x64
audit kyber-patched / gcc -O2	UNKNOWN STEP	2026-08-02T15:50:44.9214347Z   PKG_CONFIG_PATH: /opt/hostedtoolcache/Python/3.12.13/x64/lib/pkgconfig
audit kyber-patched / gcc -O2	UNKNOWN STEP	2026-08-02T15:50:44.9216871Z   Python_ROOT_DIR: /opt/hostedtoolcache/Python/3.12.13/x64
audit kyber-patched / gcc -O2	UNKNOWN STEP	2026-08-02T15:50:44.9219433Z   Python2_ROOT_DIR: /opt/hostedtoolcache/Python/3.12.13/x64
audit kyber-patched / gcc -O2	UNKNOWN STEP	2026-08-02T15:50:44.9221751Z   Python3_ROOT_DIR: /opt/hostedtoolcache/Python/3.12.13/x64
audit kyber-patched / gcc -O2	UNKNOWN STEP	2026-08-02T15:50:44.9230390Z   LD_LIBRARY_PATH: /opt/hostedtoolcache/Python/3.12.13/x64/lib
audit kyber-patched / gcc -O2	UNKNOWN STEP	2026-08-02T15:50:44.9232249Z ##[endgroup]
audit kyber-patched / gcc -O2	UNKNOWN STEP	2026-08-02T15:50:45.4395881Z ##[group]Run gcc --version
audit kyber-patched / gcc -O2	UNKNOWN STEP	2026-08-02T15:50:45.4397048Z ^[[36;1mgcc --version^[[0m
audit kyber-patched / gcc -O2	UNKNOWN STEP	2026-08-02T15:50:45.4398122Z ^[[36;1mobjdump --version | head -1^[[0m
audit kyber-patched / gcc -O2	UNKNOWN STEP	2026-08-02T15:50:45.4399305Z ^[[36;1muname -m^[[0m
audit kyber-patched / gcc -O2	UNKNOWN STEP	2026-08-02T15:50:45.4454070Z shell: /usr/bin/bash -e {0}
audit kyber-patched / gcc -O2	UNKNOWN STEP	2026-08-02T15:50:45.4455176Z env:
audit kyber-patched / gcc -O2	UNKNOWN STEP	2026-08-02T15:50:45.4456290Z   pythonLocation: /opt/hostedtoolcache/Python/3.12.13/x64
audit kyber-patched / gcc -O2	UNKNOWN STEP	2026-08-02T15:50:45.4458010Z   PKG_CONFIG_PATH: /opt/hostedtoolcache/Python/3.12.13/x64/lib/pkgconfig
audit kyber-patched / gcc -O2	UNKNOWN STEP	2026-08-02T15:50:45.4459752Z   Python_ROOT_DIR: /opt/hostedtoolcache/Python/3.12.13/x64
audit kyber-patched / gcc -O2	UNKNOWN STEP	2026-08-02T15:50:45.4461592Z   Python2_ROOT_DIR: /opt/hostedtoolcache/Python/3.12.13/x64
audit kyber-patched / gcc -O2	UNKNOWN STEP	2026-08-02T15:50:45.4463176Z   Python3_ROOT_DIR: /opt/hostedtoolcache/Python/3.12.13/x64
audit kyber-patched / gcc -O2	UNKNOWN STEP	2026-08-02T15:50:45.4464773Z   LD_LIBRARY_PATH: /opt/hostedtoolcache/Python/3.12.13/x64/lib
audit kyber-patched / gcc -O2	UNKNOWN STEP	2026-08-02T15:50:45.4466127Z ##[endgroup]
audit kyber-patched / gcc -O2	UNKNOWN STEP	2026-08-02T15:50:45.4603208Z gcc (Ubuntu 13.3.0-6ubuntu2~24.04.1) 13.3.0
audit kyber-patched / gcc -O2	UNKNOWN STEP	2026-08-02T15:50:45.4604820Z Copyright (C) 2023 Free Software Foundation, Inc.
audit kyber-patched / gcc -O2	UNKNOWN STEP	2026-08-02T15:50:45.4606693Z This is free software; see the source for copying conditions.  There is NO
audit kyber-patched / gcc -O2	UNKNOWN STEP	2026-08-02T15:50:45.4609558Z warranty; not even for MERCHANTABILITY or FITNESS FOR A PARTICULAR PURPOSE.
audit kyber-patched / gcc -O2	UNKNOWN STEP	2026-08-02T15:50:45.4611143Z 
audit kyber-patched / gcc -O2	UNKNOWN STEP	2026-08-02T15:50:45.4654445Z GNU objdump (GNU Binutils for Ubuntu) 2.42
audit kyber-patched / gcc -O2	UNKNOWN STEP	2026-08-02T15:50:45.4667119Z x86_64
audit kyber-patched / gcc -O2	UNKNOWN STEP	2026-08-02T15:50:45.4742373Z ##[group]Run # NOTE the "=" on --opt-levels. Without it argparse reads a value like
audit kyber-patched / gcc -O2	UNKNOWN STEP	2026-08-02T15:50:45.4744362Z ^[[36;1m# NOTE the "=" on --opt-levels. Without it argparse reads a value like^[[0m
audit kyber-patched / gcc -O2	UNKNOWN STEP	2026-08-02T15:50:45.4746240Z ^[[36;1m# "-Os" as a flag and the run fails with "expected at least one argument".^[[0m
audit kyber-patched / gcc -O2	UNKNOWN STEP	2026-08-02T15:50:45.4748030Z ^[[36;1mpython3 scripts/build_matrix.py \^[[0m
audit kyber-patched / gcc -O2	UNKNOWN STEP	2026-08-02T15:50:45.4749243Z ^[[36;1m  --targets kyber-patched \^[[0m
audit kyber-patched / gcc -O2	UNKNOWN STEP	2026-08-02T15:50:45.4750546Z ^[[36;1m  --compilers gcc \^[[0m
audit kyber-patched / gcc -O2	UNKNOWN STEP	2026-08-02T15:50:45.4751597Z ^[[36;1m  --opt-levels='-O2' \^[[0m
audit kyber-patched / gcc -O2	UNKNOWN STEP	2026-08-02T15:50:45.4752665Z ^[[36;1m  --out audit.json^[[0m
audit kyber-patched / gcc -O2	UNKNOWN STEP	2026-08-02T15:50:45.4807351Z shell: /usr/bin/bash -e {0}
audit kyber-patched / gcc -O2	UNKNOWN STEP	2026-08-02T15:50:45.4808362Z env:
audit kyber-patched / gcc -O2	UNKNOWN STEP	2026-08-02T15:50:45.4809395Z   pythonLocation: /opt/hostedtoolcache/Python/3.12.13/x64
audit kyber-patched / gcc -O2	UNKNOWN STEP	2026-08-02T15:50:45.4811256Z   PKG_CONFIG_PATH: /opt/hostedtoolcache/Python/3.12.13/x64/lib/pkgconfig
audit kyber-patched / gcc -O2	UNKNOWN STEP	2026-08-02T15:50:45.4812997Z   Python_ROOT_DIR: /opt/hostedtoolcache/Python/3.12.13/x64
audit kyber-patched / gcc -O2	UNKNOWN STEP	2026-08-02T15:50:45.4814518Z   Python2_ROOT_DIR: /opt/hostedtoolcache/Python/3.12.13/x64
audit kyber-patched / gcc -O2	UNKNOWN STEP	2026-08-02T15:50:45.4816032Z   Python3_ROOT_DIR: /opt/hostedtoolcache/Python/3.12.13/x64
audit kyber-patched / gcc -O2	UNKNOWN STEP	2026-08-02T15:50:45.4817576Z   LD_LIBRARY_PATH: /opt/hostedtoolcache/Python/3.12.13/x64/lib
audit kyber-patched / gcc -O2	UNKNOWN STEP	2026-08-02T15:50:45.4818914Z ##[endgroup]
audit kyber-patched / gcc -O2	UNKNOWN STEP	2026-08-02T15:50:47.7298203Z [NO_SECRET_DEPENDENT_DIV ] kyber-patched_gcc_O2_768  secret_div=0 total_div=0
audit kyber-patched / gcc -O2	UNKNOWN STEP	2026-08-02T15:50:47.7298740Z 
audit kyber-patched / gcc -O2	UNKNOWN STEP	2026-08-02T15:50:47.7299080Z Wrote 1 cells to audit.json
audit kyber-patched / gcc -O2	UNKNOWN STEP	2026-08-02T15:50:47.7437096Z ##[group]Run python3 - <<'PY'
audit kyber-patched / gcc -O2	UNKNOWN STEP	2026-08-02T15:50:47.7437488Z ^[[36;1mpython3 - <<'PY'^[[0m
audit kyber-patched / gcc -O2	UNKNOWN STEP	2026-08-02T15:50:47.7437735Z ^[[36;1mimport json, sys^[[0m
audit kyber-patched / gcc -O2	UNKNOWN STEP	2026-08-02T15:50:47.7438009Z ^[[36;1mrows = json.load(open("audit.json"))^[[0m
audit kyber-patched / gcc -O2	UNKNOWN STEP	2026-08-02T15:50:47.7438314Z ^[[36;1m^[[0m
audit kyber-patched / gcc -O2	UNKNOWN STEP	2026-08-02T15:50:47.7438587Z ^[[36;1mgated = [r for r in rows if r.get("gate_failed_at")]^[[0m
audit kyber-patched / gcc -O2	UNKNOWN STEP	2026-08-02T15:50:47.7438923Z ^[[36;1mfor r in gated:^[[0m
audit kyber-patched / gcc -O2	UNKNOWN STEP	2026-08-02T15:50:47.7439231Z ^[[36;1m    print(f"::warning::{r['experiment_id']} failed at "^[[0m
audit kyber-patched / gcc -O2	UNKNOWN STEP	2026-08-02T15:50:47.7439652Z ^[[36;1m          f"{r['gate_failed_at']} - no security verdict produced")^[[0m
audit kyber-patched / gcc -O2	UNKNOWN STEP	2026-08-02T15:50:47.7440217Z ^[[36;1m^[[0m
audit kyber-patched / gcc -O2	UNKNOWN STEP	2026-08-02T15:50:47.7440536Z ^[[36;1mvulnerable = [r for r in rows if r.get("verdict") == "VULNERABLE"]^[[0m
audit kyber-patched / gcc -O2	UNKNOWN STEP	2026-08-02T15:50:47.7440950Z ^[[36;1mfor r in vulnerable:^[[0m
audit kyber-patched / gcc -O2	UNKNOWN STEP	2026-08-02T15:50:47.7441294Z ^[[36;1m    fns = ", ".join(r.get("vulnerable_functions", []))^[[0m
audit kyber-patched / gcc -O2	UNKNOWN STEP	2026-08-02T15:50:47.7441729Z ^[[36;1m    variants = ", ".join(r.get("kyberslash_variants", []))^[[0m
audit kyber-patched / gcc -O2	UNKNOWN STEP	2026-08-02T15:50:47.7442177Z ^[[36;1m    print(f"::error::{r['experiment_id']}: secret-dependent division in "^[[0m
audit kyber-patched / gcc -O2	UNKNOWN STEP	2026-08-02T15:50:47.7442566Z ^[[36;1m          f"{fns} ({variants})")^[[0m
audit kyber-patched / gcc -O2	UNKNOWN STEP	2026-08-02T15:50:47.7442827Z ^[[36;1m^[[0m
audit kyber-patched / gcc -O2	UNKNOWN STEP	2026-08-02T15:50:47.7443024Z ^[[36;1mif vulnerable:^[[0m
audit kyber-patched / gcc -O2	UNKNOWN STEP	2026-08-02T15:50:47.7443253Z ^[[36;1m    sys.exit(1)^[[0m
audit kyber-patched / gcc -O2	UNKNOWN STEP	2026-08-02T15:50:47.7443483Z ^[[36;1m^[[0m
audit kyber-patched / gcc -O2	UNKNOWN STEP	2026-08-02T15:50:47.7443749Z ^[[36;1maudited = [r for r in rows if not r.get("gate_failed_at")]^[[0m
audit kyber-patched / gcc -O2	UNKNOWN STEP	2026-08-02T15:50:47.7444102Z ^[[36;1mif not audited:^[[0m
audit kyber-patched / gcc -O2	UNKNOWN STEP	2026-08-02T15:50:47.7444478Z ^[[36;1m    print("::error::no cell produced a verdict - nothing was actually audited")^[[0m
audit kyber-patched / gcc -O2	UNKNOWN STEP	2026-08-02T15:50:47.7444878Z ^[[36;1m    sys.exit(1)^[[0m
audit kyber-patched / gcc -O2	UNKNOWN STEP	2026-08-02T15:50:47.7445099Z ^[[36;1m^[[0m
audit kyber-patched / gcc -O2	UNKNOWN STEP	2026-08-02T15:50:47.7445424Z ^[[36;1m# Incidental divisions are expected and must not fail the build. Reporting^[[0m
audit kyber-patched / gcc -O2	UNKNOWN STEP	2026-08-02T15:50:47.7445979Z ^[[36;1m# them keeps the distinction visible: a correctly patched binary still^[[0m
audit kyber-patched / gcc -O2	UNKNOWN STEP	2026-08-02T15:50:47.7446490Z ^[[36;1m# contains divisions in Keccak and rejection sampling, and a check that^[[0m
audit kyber-patched / gcc -O2	UNKNOWN STEP	2026-08-02T15:50:47.7446967Z ^[[36;1m# merely grepped for a division mnemonic would reject it.^[[0m
audit kyber-patched / gcc -O2	UNKNOWN STEP	2026-08-02T15:50:47.7447320Z ^[[36;1mfor r in audited:^[[0m
audit kyber-patched / gcc -O2	UNKNOWN STEP	2026-08-02T15:50:47.7447590Z ^[[36;1m    print(f"{r['experiment_id']}: clean "^[[0m
audit kyber-patched / gcc -O2	UNKNOWN STEP	2026-08-02T15:50:47.7447964Z ^[[36;1m          f"({r.get('total_divisions', 0)} incidental division(s))")^[[0m
audit kyber-patched / gcc -O2	UNKNOWN STEP	2026-08-02T15:50:47.7448318Z ^[[36;1mPY^[[0m
audit kyber-patched / gcc -O2	UNKNOWN STEP	2026-08-02T15:50:47.7498363Z shell: /usr/bin/bash -e {0}
audit kyber-patched / gcc -O2	UNKNOWN STEP	2026-08-02T15:50:47.7498636Z env:
audit kyber-patched / gcc -O2	UNKNOWN STEP	2026-08-02T15:50:47.7498912Z   pythonLocation: /opt/hostedtoolcache/Python/3.12.13/x64
audit kyber-patched / gcc -O2	UNKNOWN STEP	2026-08-02T15:50:47.7499367Z   PKG_CONFIG_PATH: /opt/hostedtoolcache/Python/3.12.13/x64/lib/pkgconfig
audit kyber-patched / gcc -O2	UNKNOWN STEP	2026-08-02T15:50:47.7499947Z   Python_ROOT_DIR: /opt/hostedtoolcache/Python/3.12.13/x64
audit kyber-patched / gcc -O2	UNKNOWN STEP	2026-08-02T15:50:47.7500633Z   Python2_ROOT_DIR: /opt/hostedtoolcache/Python/3.12.13/x64
audit kyber-patched / gcc -O2	UNKNOWN STEP	2026-08-02T15:50:47.7501011Z   Python3_ROOT_DIR: /opt/hostedtoolcache/Python/3.12.13/x64
audit kyber-patched / gcc -O2	UNKNOWN STEP	2026-08-02T15:50:47.7501402Z   LD_LIBRARY_PATH: /opt/hostedtoolcache/Python/3.12.13/x64/lib
audit kyber-patched / gcc -O2	UNKNOWN STEP	2026-08-02T15:50:47.7501735Z ##[endgroup]
audit kyber-patched / gcc -O2	UNKNOWN STEP	2026-08-02T15:50:47.7828174Z EXP-kyber-patched_gcc_O2_768: clean (0 incidental division(s))
audit kyber-patched / gcc -O2	UNKNOWN STEP	2026-08-02T15:50:47.7938732Z Node 20 is being deprecated. This workflow is running with Node 24 by default. If you need to temporarily use Node 20, you can set the ACTIONS_ALLOW_USE_UNSECURE_NODE_VERSION=true environment variable. For more information see: https://github.blog/changelog/2025-09-19-deprecation-of-node-20-on-github-actions-runners/
audit kyber-patched / gcc -O2	UNKNOWN STEP	2026-08-02T15:50:47.7940179Z ##[group]Run actions/upload-artifact@v4
audit kyber-patched / gcc -O2	UNKNOWN STEP	2026-08-02T15:50:47.7940475Z with:
audit kyber-patched / gcc -O2	UNKNOWN STEP	2026-08-02T15:50:47.7940701Z   name: audit-kyber-patched-gcc--O2
audit kyber-patched / gcc -O2	UNKNOWN STEP	2026-08-02T15:50:47.7940981Z   path: audit.json
audit kyber-patched / gcc -O2	UNKNOWN STEP	2026-08-02T15:50:47.7941222Z   if-no-files-found: warn
audit kyber-patched / gcc -O2	UNKNOWN STEP	2026-08-02T15:50:47.7941486Z   compression-level: 6
audit kyber-patched / gcc -O2	UNKNOWN STEP	2026-08-02T15:50:47.7941731Z   overwrite: false
audit kyber-patched / gcc -O2	UNKNOWN STEP	2026-08-02T15:50:47.7941959Z   include-hidden-files: false
audit kyber-patched / gcc -O2	UNKNOWN STEP	2026-08-02T15:50:47.7942197Z env:
audit kyber-patched / gcc -O2	UNKNOWN STEP	2026-08-02T15:50:47.7942458Z   pythonLocation: /opt/hostedtoolcache/Python/3.12.13/x64
audit kyber-patched / gcc -O2	UNKNOWN STEP	2026-08-02T15:50:47.7942904Z   PKG_CONFIG_PATH: /opt/hostedtoolcache/Python/3.12.13/x64/lib/pkgconfig
audit kyber-patched / gcc -O2	UNKNOWN STEP	2026-08-02T15:50:47.7943362Z   Python_ROOT_DIR: /opt/hostedtoolcache/Python/3.12.13/x64
audit kyber-patched / gcc -O2	UNKNOWN STEP	2026-08-02T15:50:47.7943747Z   Python2_ROOT_DIR: /opt/hostedtoolcache/Python/3.12.13/x64
audit kyber-patched / gcc -O2	UNKNOWN STEP	2026-08-02T15:50:47.7944128Z   Python3_ROOT_DIR: /opt/hostedtoolcache/Python/3.12.13/x64
audit kyber-patched / gcc -O2	UNKNOWN STEP	2026-08-02T15:50:47.7944520Z   LD_LIBRARY_PATH: /opt/hostedtoolcache/Python/3.12.13/x64/lib
audit kyber-patched / gcc -O2	UNKNOWN STEP	2026-08-02T15:50:47.7944844Z ##[endgroup]
audit kyber-patched / gcc -O2	UNKNOWN STEP	2026-08-02T15:50:47.9700132Z (node:2297) [DEP0040] DeprecationWarning: The `punycode` module is deprecated. Please use a userland alternative instead.
audit kyber-patched / gcc -O2	UNKNOWN STEP	2026-08-02T15:50:47.9701002Z (Use `node --trace-deprecation ...` to show where the warning was created)
audit kyber-patched / gcc -O2	UNKNOWN STEP	2026-08-02T15:50:47.9761936Z With the provided path, there will be 1 file uploaded
audit kyber-patched / gcc -O2	UNKNOWN STEP	2026-08-02T15:50:47.9763392Z Artifact name is valid!
audit kyber-patched / gcc -O2	UNKNOWN STEP	2026-08-02T15:50:47.9764011Z Root directory input is valid!
audit kyber-patched / gcc -O2	UNKNOWN STEP	2026-08-02T15:50:48.1956128Z Beginning upload of artifact content to blob storage
audit kyber-patched / gcc -O2	UNKNOWN STEP	2026-08-02T15:50:48.2136919Z (node:2297) [DEP0169] DeprecationWarning: `url.parse()` behavior is not standardized and prone to errors that have security implications. Use the WHATWG URL API instead. CVEs are not issued for `url.parse()` vulnerabilities.
audit kyber-patched / gcc -O2	UNKNOWN STEP	2026-08-02T15:50:48.3509403Z Uploaded bytes 684
audit kyber-patched / gcc -O2	UNKNOWN STEP	2026-08-02T15:50:48.3952454Z Finished uploading artifact content to blob storage!
audit kyber-patched / gcc -O2	UNKNOWN STEP	2026-08-02T15:50:48.3953594Z SHA256 digest of uploaded artifact zip is 0ccfbb47e0e59323b15ee5b08a59e295611af0338713ea975d4b0cf9cd25d0a0
audit kyber-patched / gcc -O2	UNKNOWN STEP	2026-08-02T15:50:48.3955763Z Finalizing artifact upload
audit kyber-patched / gcc -O2	UNKNOWN STEP	2026-08-02T15:50:48.5811469Z Artifact audit-kyber-patched-gcc--O2.zip successfully finalized. Artifact ID 8835718833
audit kyber-patched / gcc -O2	UNKNOWN STEP	2026-08-02T15:50:48.5812926Z Artifact audit-kyber-patched-gcc--O2 has been successfully uploaded! Final size is 684 bytes. Artifact ID is 8835718833
audit kyber-patched / gcc -O2	UNKNOWN STEP	2026-08-02T15:50:48.5820606Z Artifact download URL: https://github.com/Ace7111/kyberslash-evaluation/actions/runs/30755244934/artifacts/8835718833
audit kyber-patched / gcc -O2	UNKNOWN STEP	2026-08-02T15:50:48.6043236Z Node 20 is being deprecated. This workflow is running with Node 24 by default. If you need to temporarily use Node 20, you can set the ACTIONS_ALLOW_USE_UNSECURE_NODE_VERSION=true environment variable. For more information see: https://github.blog/changelog/2025-09-19-deprecation-of-node-20-on-github-actions-runners/
audit kyber-patched / gcc -O2	UNKNOWN STEP	2026-08-02T15:50:48.6045195Z Post job cleanup.
audit kyber-patched / gcc -O2	UNKNOWN STEP	2026-08-02T15:50:48.7258586Z (node:2309) [DEP0040] DeprecationWarning: The `punycode` module is deprecated. Please use a userland alternative instead.
audit kyber-patched / gcc -O2	UNKNOWN STEP	2026-08-02T15:50:48.7259693Z (Use `node --trace-deprecation ...` to show where the warning was created)
audit kyber-patched / gcc -O2	UNKNOWN STEP	2026-08-02T15:50:48.7467309Z Node 20 is being deprecated. This workflow is running with Node 24 by default. If you need to temporarily use Node 20, you can set the ACTIONS_ALLOW_USE_UNSECURE_NODE_VERSION=true environment variable. For more information see: https://github.blog/changelog/2025-09-19-deprecation-of-node-20-on-github-actions-runners/
audit kyber-patched / gcc -O2	UNKNOWN STEP	2026-08-02T15:50:48.7469532Z Post job cleanup.
audit kyber-patched / gcc -O2	UNKNOWN STEP	2026-08-02T15:50:48.8490897Z [command]/usr/bin/git version
audit kyber-patched / gcc -O2	UNKNOWN STEP	2026-08-02T15:50:48.8550960Z git version 2.54.0
audit kyber-patched / gcc -O2	UNKNOWN STEP	2026-08-02T15:50:48.8597185Z Temporarily overriding HOME='/home/runner/work/_temp/50527f68-a0b8-47ce-8b9c-8ad65404d8d0' before making global git config changes
audit kyber-patched / gcc -O2	UNKNOWN STEP	2026-08-02T15:50:48.8598704Z Adding repository directory to the temporary git global config as a safe directory
audit kyber-patched / gcc -O2	UNKNOWN STEP	2026-08-02T15:50:48.8605084Z [command]/usr/bin/git config --global --add safe.directory /home/runner/work/kyberslash-evaluation/kyberslash-evaluation
audit kyber-patched / gcc -O2	UNKNOWN STEP	2026-08-02T15:50:48.8671111Z [command]/usr/bin/git config --local --name-only --get-regexp core\.sshCommand
audit kyber-patched / gcc -O2	UNKNOWN STEP	2026-08-02T15:50:48.8741050Z [command]/usr/bin/git submodule foreach --recursive sh -c "git config --local --name-only --get-regexp 'core\.sshCommand' && git config --local --unset-all 'core.sshCommand' || :"
audit kyber-patched / gcc -O2	UNKNOWN STEP	2026-08-02T15:50:48.9118519Z [command]/usr/bin/git config --local --name-only --get-regexp http\.https\:\/\/github\.com\/\.extraheader
audit kyber-patched / gcc -O2	UNKNOWN STEP	2026-08-02T15:50:48.9150436Z http.https://github.com/.extraheader
audit kyber-patched / gcc -O2	UNKNOWN STEP	2026-08-02T15:50:48.9172839Z [command]/usr/bin/git config --local --unset-all http.https://github.com/.extraheader
audit kyber-patched / gcc -O2	UNKNOWN STEP	2026-08-02T15:50:48.9214785Z [command]/usr/bin/git submodule foreach --recursive sh -c "git config --local --name-only --get-regexp 'http\.https\:\/\/github\.com\/\.extraheader' && git config --local --unset-all 'http.https://github.com/.extraheader' || :"
audit kyber-patched / gcc -O2	UNKNOWN STEP	2026-08-02T15:50:48.9509237Z [command]/usr/bin/git config --local --name-only --get-regexp ^includeIf\.gitdir:
audit kyber-patched / gcc -O2	UNKNOWN STEP	2026-08-02T15:50:48.9553722Z [command]/usr/bin/git submodule foreach --recursive git config --local --show-origin --name-only --get-regexp remote.origin.url
audit kyber-patched / gcc -O2	UNKNOWN STEP	2026-08-02T15:50:48.9964438Z Cleaning up orphan processes
audit kyber-patched / gcc -O2	UNKNOWN STEP	2026-08-02T15:50:49.0275966Z ##[warning]Node.js 20 is deprecated. The following actions target Node.js 20 but are being forced to run on Node.js 24: actions/checkout@v4, actions/setup-python@v5, actions/upload-artifact@v4. For more information see: https://github.blog/changelog/2025-09-19-deprecation-of-node-20-on-github-actions-runners/
audit kyber-vulnerable / gcc -Os	UNKNOWN STEP	﻿2026-08-02T15:50:35.8021690Z Current runner version: '2.336.0'
audit kyber-vulnerable / gcc -Os	UNKNOWN STEP	2026-08-02T15:50:35.8048708Z ##[group]Runner Image Provisioner
audit kyber-vulnerable / gcc -Os	UNKNOWN STEP	2026-08-02T15:50:35.8049574Z Hosted Compute Agent
audit kyber-vulnerable / gcc -Os	UNKNOWN STEP	2026-08-02T15:50:35.8050150Z Version: 20260707.563
audit kyber-vulnerable / gcc -Os	UNKNOWN STEP	2026-08-02T15:50:35.8050946Z Commit: 02667638d2b423fbc733a8e32a88b44996a3ba6e
audit kyber-vulnerable / gcc -Os	UNKNOWN STEP	2026-08-02T15:50:35.8051705Z Build Date: 2026-07-07T19:33:50Z
audit kyber-vulnerable / gcc -Os	UNKNOWN STEP	2026-08-02T15:50:35.8052436Z Worker ID: {6be59460-51d5-40be-bfa3-6e46fa6586f9}
audit kyber-vulnerable / gcc -Os	UNKNOWN STEP	2026-08-02T15:50:35.8053189Z Azure Region: northcentralus
audit kyber-vulnerable / gcc -Os	UNKNOWN STEP	2026-08-02T15:50:35.8053809Z ##[endgroup]
audit kyber-vulnerable / gcc -Os	UNKNOWN STEP	2026-08-02T15:50:35.8055828Z ##[group]Operating System
audit kyber-vulnerable / gcc -Os	UNKNOWN STEP	2026-08-02T15:50:35.8056661Z Ubuntu
audit kyber-vulnerable / gcc -Os	UNKNOWN STEP	2026-08-02T15:50:35.8057173Z 24.04.4
audit kyber-vulnerable / gcc -Os	UNKNOWN STEP	2026-08-02T15:50:35.8057788Z LTS
audit kyber-vulnerable / gcc -Os	UNKNOWN STEP	2026-08-02T15:50:35.8058301Z ##[endgroup]
audit kyber-vulnerable / gcc -Os	UNKNOWN STEP	2026-08-02T15:50:35.8058896Z ##[group]Runner Image
audit kyber-vulnerable / gcc -Os	UNKNOWN STEP	2026-08-02T15:50:35.8059578Z Image: ubuntu-24.04
audit kyber-vulnerable / gcc -Os	UNKNOWN STEP	2026-08-02T15:50:35.8060148Z Version: 20260720.247.2
audit kyber-vulnerable / gcc -Os	UNKNOWN STEP	2026-08-02T15:50:35.8061863Z Included Software: https://github.com/actions/runner-images/blob/ubuntu24/20260720.247/images/ubuntu/Ubuntu2404-Readme.md
audit kyber-vulnerable / gcc -Os	UNKNOWN STEP	2026-08-02T15:50:35.8063459Z Image Release: https://github.com/actions/runner-images/releases/tag/ubuntu24%2F20260720.247
audit kyber-vulnerable / gcc -Os	UNKNOWN STEP	2026-08-02T15:50:35.8064468Z ##[endgroup]
audit kyber-vulnerable / gcc -Os	UNKNOWN STEP	2026-08-02T15:50:35.8066074Z ##[group]GITHUB_TOKEN Permissions
audit kyber-vulnerable / gcc -Os	UNKNOWN STEP	2026-08-02T15:50:35.8068454Z Contents: read
audit kyber-vulnerable / gcc -Os	UNKNOWN STEP	2026-08-02T15:50:35.8069065Z Metadata: read
audit kyber-vulnerable / gcc -Os	UNKNOWN STEP	2026-08-02T15:50:35.8069765Z Packages: read
audit kyber-vulnerable / gcc -Os	UNKNOWN STEP	2026-08-02T15:50:35.8070320Z ##[endgroup]
audit kyber-vulnerable / gcc -Os	UNKNOWN STEP	2026-08-02T15:50:35.8072687Z Secret source: Actions
audit kyber-vulnerable / gcc -Os	UNKNOWN STEP	2026-08-02T15:50:35.8074126Z Prepare workflow directory
audit kyber-vulnerable / gcc -Os	UNKNOWN STEP	2026-08-02T15:50:35.8442965Z Prepare all required actions
audit kyber-vulnerable / gcc -Os	UNKNOWN STEP	2026-08-02T15:50:35.8491589Z Getting action download info
audit kyber-vulnerable / gcc -Os	UNKNOWN STEP	2026-08-02T15:50:36.1121351Z Download action repository 'actions/checkout@v4' (SHA:11d5960a326750d5838078e36cf38b85af677262)
audit kyber-vulnerable / gcc -Os	UNKNOWN STEP	2026-08-02T15:50:36.4830145Z Download action repository 'actions/setup-python@v5' (SHA:a26af69be951a213d495a4c3e4e4022e16d87065)
audit kyber-vulnerable / gcc -Os	UNKNOWN STEP	2026-08-02T15:50:36.5671609Z Download action repository 'actions/upload-artifact@v4' (SHA:ea165f8d65b6e75b540449e92b4886f43607fa02)
audit kyber-vulnerable / gcc -Os	UNKNOWN STEP	2026-08-02T15:50:36.7811029Z Complete job name: audit kyber-vulnerable / gcc -Os
audit kyber-vulnerable / gcc -Os	UNKNOWN STEP	2026-08-02T15:50:36.8607244Z Node 20 is being deprecated. This workflow is running with Node 24 by default. If you need to temporarily use Node 20, you can set the ACTIONS_ALLOW_USE_UNSECURE_NODE_VERSION=true environment variable. For more information see: https://github.blog/changelog/2025-09-19-deprecation-of-node-20-on-github-actions-runners/
audit kyber-vulnerable / gcc -Os	UNKNOWN STEP	2026-08-02T15:50:36.8616530Z ##[group]Run actions/checkout@v4
audit kyber-vulnerable / gcc -Os	UNKNOWN STEP	2026-08-02T15:50:36.8617280Z with:
audit kyber-vulnerable / gcc -Os	UNKNOWN STEP	2026-08-02T15:50:36.8617755Z   repository: Ace7111/kyberslash-evaluation
audit kyber-vulnerable / gcc -Os	UNKNOWN STEP	2026-08-02T15:50:36.8621685Z   token: ***
audit kyber-vulnerable / gcc -Os	UNKNOWN STEP	2026-08-02T15:50:36.8622126Z   ssh-strict: true
audit kyber-vulnerable / gcc -Os	UNKNOWN STEP	2026-08-02T15:50:36.8622563Z   ssh-user: git
audit kyber-vulnerable / gcc -Os	UNKNOWN STEP	2026-08-02T15:50:36.8623011Z   persist-credentials: true
audit kyber-vulnerable / gcc -Os	UNKNOWN STEP	2026-08-02T15:50:36.8623494Z   clean: true
audit kyber-vulnerable / gcc -Os	UNKNOWN STEP	2026-08-02T15:50:36.8623938Z   sparse-checkout-cone-mode: true
audit kyber-vulnerable / gcc -Os	UNKNOWN STEP	2026-08-02T15:50:36.8624448Z   fetch-depth: 1
audit kyber-vulnerable / gcc -Os	UNKNOWN STEP	2026-08-02T15:50:36.8625560Z   fetch-tags: false
audit kyber-vulnerable / gcc -Os	UNKNOWN STEP	2026-08-02T15:50:36.8626116Z   show-progress: true
audit kyber-vulnerable / gcc -Os	UNKNOWN STEP	2026-08-02T15:50:36.8626604Z   lfs: false
audit kyber-vulnerable / gcc -Os	UNKNOWN STEP	2026-08-02T15:50:36.8627061Z   submodules: false
audit kyber-vulnerable / gcc -Os	UNKNOWN STEP	2026-08-02T15:50:36.8627523Z   set-safe-directory: true
audit kyber-vulnerable / gcc -Os	UNKNOWN STEP	2026-08-02T15:50:36.8628037Z   allow-unsafe-pr-checkout: false
audit kyber-vulnerable / gcc -Os	UNKNOWN STEP	2026-08-02T15:50:36.8628916Z ##[endgroup]
audit kyber-vulnerable / gcc -Os	UNKNOWN STEP	2026-08-02T15:50:36.9697123Z Syncing repository: Ace7111/kyberslash-evaluation
audit kyber-vulnerable / gcc -Os	UNKNOWN STEP	2026-08-02T15:50:36.9699921Z ##[group]Getting Git version info
audit kyber-vulnerable / gcc -Os	UNKNOWN STEP	2026-08-02T15:50:36.9700860Z Working directory is '/home/runner/work/kyberslash-evaluation/kyberslash-evaluation'
audit kyber-vulnerable / gcc -Os	UNKNOWN STEP	2026-08-02T15:50:36.9702075Z [command]/usr/bin/git version
audit kyber-vulnerable / gcc -Os	UNKNOWN STEP	2026-08-02T15:50:36.9816029Z git version 2.54.0
audit kyber-vulnerable / gcc -Os	UNKNOWN STEP	2026-08-02T15:50:36.9857816Z ##[endgroup]
audit kyber-vulnerable / gcc -Os	UNKNOWN STEP	2026-08-02T15:50:36.9876051Z Temporarily overriding HOME='/home/runner/work/_temp/16cf8a66-c515-492b-a9ad-92161fce435d' before making global git config changes
audit kyber-vulnerable / gcc -Os	UNKNOWN STEP	2026-08-02T15:50:36.9878440Z Adding repository directory to the temporary git global config as a safe directory
audit kyber-vulnerable / gcc -Os	UNKNOWN STEP	2026-08-02T15:50:36.9882252Z [command]/usr/bin/git config --global --add safe.directory /home/runner/work/kyberslash-evaluation/kyberslash-evaluation
audit kyber-vulnerable / gcc -Os	UNKNOWN STEP	2026-08-02T15:50:36.9941009Z Deleting the contents of '/home/runner/work/kyberslash-evaluation/kyberslash-evaluation'
audit kyber-vulnerable / gcc -Os	UNKNOWN STEP	2026-08-02T15:50:36.9945583Z ##[group]Initializing the repository
audit kyber-vulnerable / gcc -Os	UNKNOWN STEP	2026-08-02T15:50:36.9951937Z [command]/usr/bin/git init /home/runner/work/kyberslash-evaluation/kyberslash-evaluation
audit kyber-vulnerable / gcc -Os	UNKNOWN STEP	2026-08-02T15:50:37.0060761Z hint: Using 'master' as the name for the initial branch. This default branch name
audit kyber-vulnerable / gcc -Os	UNKNOWN STEP	2026-08-02T15:50:37.0062690Z hint: will change to "main" in Git 3.0. To configure the initial branch name
audit kyber-vulnerable / gcc -Os	UNKNOWN STEP	2026-08-02T15:50:37.0064612Z hint: to use in all of your new repositories, which will suppress this warning,
audit kyber-vulnerable / gcc -Os	UNKNOWN STEP	2026-08-02T15:50:37.0066824Z hint: call:
audit kyber-vulnerable / gcc -Os	UNKNOWN STEP	2026-08-02T15:50:37.0067265Z hint:
audit kyber-vulnerable / gcc -Os	UNKNOWN STEP	2026-08-02T15:50:37.0067815Z hint: 	git config --global init.defaultBranch <name>
audit kyber-vulnerable / gcc -Os	UNKNOWN STEP	2026-08-02T15:50:37.0068441Z hint:
audit kyber-vulnerable / gcc -Os	UNKNOWN STEP	2026-08-02T15:50:37.0069034Z hint: Names commonly chosen instead of 'master' are 'main', 'trunk' and
audit kyber-vulnerable / gcc -Os	UNKNOWN STEP	2026-08-02T15:50:37.0070368Z hint: 'development'. The just-created branch can be renamed via this command:
audit kyber-vulnerable / gcc -Os	UNKNOWN STEP	2026-08-02T15:50:37.0071486Z hint:
audit kyber-vulnerable / gcc -Os	UNKNOWN STEP	2026-08-02T15:50:37.0072193Z hint: 	git branch -m <name>
audit kyber-vulnerable / gcc -Os	UNKNOWN STEP	2026-08-02T15:50:37.0072996Z hint:
audit kyber-vulnerable / gcc -Os	UNKNOWN STEP	2026-08-02T15:50:37.0073716Z hint: Disable this message with "git config set advice.defaultBranchName false"
audit kyber-vulnerable / gcc -Os	UNKNOWN STEP	2026-08-02T15:50:37.0075235Z Initialized empty Git repository in /home/runner/work/kyberslash-evaluation/kyberslash-evaluation/.git/
audit kyber-vulnerable / gcc -Os	UNKNOWN STEP	2026-08-02T15:50:37.0080130Z [command]/usr/bin/git remote add origin https://github.com/Ace7111/kyberslash-evaluation
audit kyber-vulnerable / gcc -Os	UNKNOWN STEP	2026-08-02T15:50:37.0130716Z ##[endgroup]
audit kyber-vulnerable / gcc -Os	UNKNOWN STEP	2026-08-02T15:50:37.0132070Z ##[group]Disabling automatic garbage collection
audit kyber-vulnerable / gcc -Os	UNKNOWN STEP	2026-08-02T15:50:37.0135776Z [command]/usr/bin/git config --local gc.auto 0
audit kyber-vulnerable / gcc -Os	UNKNOWN STEP	2026-08-02T15:50:37.0170492Z ##[endgroup]
audit kyber-vulnerable / gcc -Os	UNKNOWN STEP	2026-08-02T15:50:37.0171274Z ##[group]Setting up auth
audit kyber-vulnerable / gcc -Os	UNKNOWN STEP	2026-08-02T15:50:37.0180633Z [command]/usr/bin/git config --local --name-only --get-regexp core\.sshCommand
audit kyber-vulnerable / gcc -Os	UNKNOWN STEP	2026-08-02T15:50:37.0223679Z [command]/usr/bin/git submodule foreach --recursive sh -c "git config --local --name-only --get-regexp 'core\.sshCommand' && git config --local --unset-all 'core.sshCommand' || :"
audit kyber-vulnerable / gcc -Os	UNKNOWN STEP	2026-08-02T15:50:37.0613737Z [command]/usr/bin/git config --local --name-only --get-regexp http\.https\:\/\/github\.com\/\.extraheader
audit kyber-vulnerable / gcc -Os	UNKNOWN STEP	2026-08-02T15:50:37.0658457Z [command]/usr/bin/git submodule foreach --recursive sh -c "git config --local --name-only --get-regexp 'http\.https\:\/\/github\.com\/\.extraheader' && git config --local --unset-all 'http.https://github.com/.extraheader' || :"
audit kyber-vulnerable / gcc -Os	UNKNOWN STEP	2026-08-02T15:50:37.0900360Z [command]/usr/bin/git config --local --name-only --get-regexp ^includeIf\.gitdir:
audit kyber-vulnerable / gcc -Os	UNKNOWN STEP	2026-08-02T15:50:37.0940883Z [command]/usr/bin/git submodule foreach --recursive git config --local --show-origin --name-only --get-regexp remote.origin.url
audit kyber-vulnerable / gcc -Os	UNKNOWN STEP	2026-08-02T15:50:37.1181638Z [command]/usr/bin/git config --local http.https://github.com/.extraheader AUTHORIZATION: basic ***
audit kyber-vulnerable / gcc -Os	UNKNOWN STEP	2026-08-02T15:50:37.1227319Z ##[endgroup]
audit kyber-vulnerable / gcc -Os	UNKNOWN STEP	2026-08-02T15:50:37.1228174Z ##[group]Fetching the repository
audit kyber-vulnerable / gcc -Os	UNKNOWN STEP	2026-08-02T15:50:37.1237795Z [command]/usr/bin/git -c protocol.version=2 fetch --no-tags --prune --no-recurse-submodules --depth=1 origin +c36da0f41ae2be8e5a855b5edf63e5074665cffa:refs/remotes/origin/main
audit kyber-vulnerable / gcc -Os	UNKNOWN STEP	2026-08-02T15:50:37.4607935Z From https://github.com/Ace7111/kyberslash-evaluation
audit kyber-vulnerable / gcc -Os	UNKNOWN STEP	2026-08-02T15:50:37.4610520Z  * [new ref]         c36da0f41ae2be8e5a855b5edf63e5074665cffa -> origin/main
audit kyber-vulnerable / gcc -Os	UNKNOWN STEP	2026-08-02T15:50:37.4646940Z ##[endgroup]
audit kyber-vulnerable / gcc -Os	UNKNOWN STEP	2026-08-02T15:50:37.4648603Z ##[group]Determining the checkout info
audit kyber-vulnerable / gcc -Os	UNKNOWN STEP	2026-08-02T15:50:37.4650081Z ##[endgroup]
audit kyber-vulnerable / gcc -Os	UNKNOWN STEP	2026-08-02T15:50:37.4654617Z [command]/usr/bin/git sparse-checkout disable
audit kyber-vulnerable / gcc -Os	UNKNOWN STEP	2026-08-02T15:50:37.4710438Z [command]/usr/bin/git config --local --unset-all extensions.worktreeConfig
audit kyber-vulnerable / gcc -Os	UNKNOWN STEP	2026-08-02T15:50:37.4745646Z ##[group]Checking out the ref
audit kyber-vulnerable / gcc -Os	UNKNOWN STEP	2026-08-02T15:50:37.4750093Z [command]/usr/bin/git checkout --progress --force -B main refs/remotes/origin/main
audit kyber-vulnerable / gcc -Os	UNKNOWN STEP	2026-08-02T15:50:37.4918808Z Switched to a new branch 'main'
audit kyber-vulnerable / gcc -Os	UNKNOWN STEP	2026-08-02T15:50:37.4922517Z branch 'main' set up to track 'origin/main'.
audit kyber-vulnerable / gcc -Os	UNKNOWN STEP	2026-08-02T15:50:37.4928956Z ##[endgroup]
audit kyber-vulnerable / gcc -Os	UNKNOWN STEP	2026-08-02T15:50:37.4975501Z [command]/usr/bin/git log -1 --format=%H
audit kyber-vulnerable / gcc -Os	UNKNOWN STEP	2026-08-02T15:50:37.5003740Z c36da0f41ae2be8e5a855b5edf63e5074665cffa
audit kyber-vulnerable / gcc -Os	UNKNOWN STEP	2026-08-02T15:50:37.5405606Z Node 20 is being deprecated. This workflow is running with Node 24 by default. If you need to temporarily use Node 20, you can set the ACTIONS_ALLOW_USE_UNSECURE_NODE_VERSION=true environment variable. For more information see: https://github.blog/changelog/2025-09-19-deprecation-of-node-20-on-github-actions-runners/
audit kyber-vulnerable / gcc -Os	UNKNOWN STEP	2026-08-02T15:50:37.5411917Z ##[group]Run actions/setup-python@v5
audit kyber-vulnerable / gcc -Os	UNKNOWN STEP	2026-08-02T15:50:37.5413072Z with:
audit kyber-vulnerable / gcc -Os	UNKNOWN STEP	2026-08-02T15:50:37.5413903Z   python-version: 3.12
audit kyber-vulnerable / gcc -Os	UNKNOWN STEP	2026-08-02T15:50:37.5415067Z   check-latest: false
audit kyber-vulnerable / gcc -Os	UNKNOWN STEP	2026-08-02T15:50:37.5425807Z   token: ***
audit kyber-vulnerable / gcc -Os	UNKNOWN STEP	2026-08-02T15:50:37.5426728Z   update-environment: true
audit kyber-vulnerable / gcc -Os	UNKNOWN STEP	2026-08-02T15:50:37.5427790Z   allow-prereleases: false
audit kyber-vulnerable / gcc -Os	UNKNOWN STEP	2026-08-02T15:50:37.5428811Z   freethreaded: false
audit kyber-vulnerable / gcc -Os	UNKNOWN STEP	2026-08-02T15:50:37.5429743Z ##[endgroup]
audit kyber-vulnerable / gcc -Os	UNKNOWN STEP	2026-08-02T15:50:37.6828043Z ##[group]Installed versions
audit kyber-vulnerable / gcc -Os	UNKNOWN STEP	2026-08-02T15:50:37.6944307Z (node:2397) [DEP0040] DeprecationWarning: The `punycode` module is deprecated. Please use a userland alternative instead.
audit kyber-vulnerable / gcc -Os	UNKNOWN STEP	2026-08-02T15:50:37.6950720Z (Use `node --trace-deprecation ...` to show where the warning was created)
audit kyber-vulnerable / gcc -Os	UNKNOWN STEP	2026-08-02T15:50:37.6969591Z Successfully set up CPython (3.12.13)
audit kyber-vulnerable / gcc -Os	UNKNOWN STEP	2026-08-02T15:50:37.6971705Z ##[endgroup]
audit kyber-vulnerable / gcc -Os	UNKNOWN STEP	2026-08-02T15:50:37.7131079Z ##[group]Run git clone --quiet https://github.com/pq-crystals/kyber.git targets/pq-crystals-kyber
audit kyber-vulnerable / gcc -Os	UNKNOWN STEP	2026-08-02T15:50:37.7132813Z ^[[36;1mgit clone --quiet https://github.com/pq-crystals/kyber.git targets/pq-crystals-kyber^[[0m
audit kyber-vulnerable / gcc -Os	UNKNOWN STEP	2026-08-02T15:50:37.7297482Z shell: /usr/bin/bash -e {0}
audit kyber-vulnerable / gcc -Os	UNKNOWN STEP	2026-08-02T15:50:37.7298479Z env:
audit kyber-vulnerable / gcc -Os	UNKNOWN STEP	2026-08-02T15:50:37.7299432Z   pythonLocation: /opt/hostedtoolcache/Python/3.12.13/x64
audit kyber-vulnerable / gcc -Os	UNKNOWN STEP	2026-08-02T15:50:37.7300658Z   PKG_CONFIG_PATH: /opt/hostedtoolcache/Python/3.12.13/x64/lib/pkgconfig
audit kyber-vulnerable / gcc -Os	UNKNOWN STEP	2026-08-02T15:50:37.7301854Z   Python_ROOT_DIR: /opt/hostedtoolcache/Python/3.12.13/x64
audit kyber-vulnerable / gcc -Os	UNKNOWN STEP	2026-08-02T15:50:37.7302999Z   Python2_ROOT_DIR: /opt/hostedtoolcache/Python/3.12.13/x64
audit kyber-vulnerable / gcc -Os	UNKNOWN STEP	2026-08-02T15:50:37.7304120Z   Python3_ROOT_DIR: /opt/hostedtoolcache/Python/3.12.13/x64
audit kyber-vulnerable / gcc -Os	UNKNOWN STEP	2026-08-02T15:50:37.7305477Z   LD_LIBRARY_PATH: /opt/hostedtoolcache/Python/3.12.13/x64/lib
audit kyber-vulnerable / gcc -Os	UNKNOWN STEP	2026-08-02T15:50:37.7306505Z ##[endgroup]
audit kyber-vulnerable / gcc -Os	UNKNOWN STEP	2026-08-02T15:50:38.1476189Z ##[group]Run gcc --version
audit kyber-vulnerable / gcc -Os	UNKNOWN STEP	2026-08-02T15:50:38.1477107Z ^[[36;1mgcc --version^[[0m
audit kyber-vulnerable / gcc -Os	UNKNOWN STEP	2026-08-02T15:50:38.1477886Z ^[[36;1mobjdump --version | head -1^[[0m
audit kyber-vulnerable / gcc -Os	UNKNOWN STEP	2026-08-02T15:50:38.1478731Z ^[[36;1muname -m^[[0m
audit kyber-vulnerable / gcc -Os	UNKNOWN STEP	2026-08-02T15:50:38.1528746Z shell: /usr/bin/bash -e {0}
audit kyber-vulnerable / gcc -Os	UNKNOWN STEP	2026-08-02T15:50:38.1529253Z env:
audit kyber-vulnerable / gcc -Os	UNKNOWN STEP	2026-08-02T15:50:38.1529753Z   pythonLocation: /opt/hostedtoolcache/Python/3.12.13/x64
audit kyber-vulnerable / gcc -Os	UNKNOWN STEP	2026-08-02T15:50:38.1530462Z   PKG_CONFIG_PATH: /opt/hostedtoolcache/Python/3.12.13/x64/lib/pkgconfig
audit kyber-vulnerable / gcc -Os	UNKNOWN STEP	2026-08-02T15:50:38.1531163Z   Python_ROOT_DIR: /opt/hostedtoolcache/Python/3.12.13/x64
audit kyber-vulnerable / gcc -Os	UNKNOWN STEP	2026-08-02T15:50:38.1531801Z   Python2_ROOT_DIR: /opt/hostedtoolcache/Python/3.12.13/x64
audit kyber-vulnerable / gcc -Os	UNKNOWN STEP	2026-08-02T15:50:38.1532468Z   Python3_ROOT_DIR: /opt/hostedtoolcache/Python/3.12.13/x64
audit kyber-vulnerable / gcc -Os	UNKNOWN STEP	2026-08-02T15:50:38.1533169Z   LD_LIBRARY_PATH: /opt/hostedtoolcache/Python/3.12.13/x64/lib
audit kyber-vulnerable / gcc -Os	UNKNOWN STEP	2026-08-02T15:50:38.1533737Z ##[endgroup]
audit kyber-vulnerable / gcc -Os	UNKNOWN STEP	2026-08-02T15:50:38.2225807Z gcc (Ubuntu 13.3.0-6ubuntu2~24.04.1) 13.3.0
audit kyber-vulnerable / gcc -Os	UNKNOWN STEP	2026-08-02T15:50:38.2226756Z Copyright (C) 2023 Free Software Foundation, Inc.
audit kyber-vulnerable / gcc -Os	UNKNOWN STEP	2026-08-02T15:50:38.2227491Z This is free software; see the source for copying conditions.  There is NO
audit kyber-vulnerable / gcc -Os	UNKNOWN STEP	2026-08-02T15:50:38.2228315Z warranty; not even for MERCHANTABILITY or FITNESS FOR A PARTICULAR PURPOSE.
audit kyber-vulnerable / gcc -Os	UNKNOWN STEP	2026-08-02T15:50:38.2228783Z 
audit kyber-vulnerable / gcc -Os	UNKNOWN STEP	2026-08-02T15:50:38.3065067Z GNU objdump (GNU Binutils for Ubuntu) 2.42
audit kyber-vulnerable / gcc -Os	UNKNOWN STEP	2026-08-02T15:50:38.3081084Z x86_64
audit kyber-vulnerable / gcc -Os	UNKNOWN STEP	2026-08-02T15:50:38.3129695Z ##[group]Run # NOTE the "=" on --opt-levels. Without it argparse reads a value like
audit kyber-vulnerable / gcc -Os	UNKNOWN STEP	2026-08-02T15:50:38.3130631Z ^[[36;1m# NOTE the "=" on --opt-levels. Without it argparse reads a value like^[[0m
audit kyber-vulnerable / gcc -Os	UNKNOWN STEP	2026-08-02T15:50:38.3131440Z ^[[36;1m# "-Os" as a flag and the run fails with "expected at least one argument".^[[0m
audit kyber-vulnerable / gcc -Os	UNKNOWN STEP	2026-08-02T15:50:38.3132311Z ^[[36;1mpython3 scripts/build_matrix.py \^[[0m
audit kyber-vulnerable / gcc -Os	UNKNOWN STEP	2026-08-02T15:50:38.3132896Z ^[[36;1m  --targets kyber-vulnerable \^[[0m
audit kyber-vulnerable / gcc -Os	UNKNOWN STEP	2026-08-02T15:50:38.3133436Z ^[[36;1m  --compilers gcc \^[[0m
audit kyber-vulnerable / gcc -Os	UNKNOWN STEP	2026-08-02T15:50:38.3133936Z ^[[36;1m  --opt-levels='-Os' \^[[0m
audit kyber-vulnerable / gcc -Os	UNKNOWN STEP	2026-08-02T15:50:38.3134444Z ^[[36;1m  --out audit.json^[[0m
audit kyber-vulnerable / gcc -Os	UNKNOWN STEP	2026-08-02T15:50:38.3181090Z shell: /usr/bin/bash -e {0}
audit kyber-vulnerable / gcc -Os	UNKNOWN STEP	2026-08-02T15:50:38.3181595Z env:
audit kyber-vulnerable / gcc -Os	UNKNOWN STEP	2026-08-02T15:50:38.3182136Z   pythonLocation: /opt/hostedtoolcache/Python/3.12.13/x64
audit kyber-vulnerable / gcc -Os	UNKNOWN STEP	2026-08-02T15:50:38.3182863Z   PKG_CONFIG_PATH: /opt/hostedtoolcache/Python/3.12.13/x64/lib/pkgconfig
audit kyber-vulnerable / gcc -Os	UNKNOWN STEP	2026-08-02T15:50:38.3183644Z   Python_ROOT_DIR: /opt/hostedtoolcache/Python/3.12.13/x64
audit kyber-vulnerable / gcc -Os	UNKNOWN STEP	2026-08-02T15:50:38.3184318Z   Python2_ROOT_DIR: /opt/hostedtoolcache/Python/3.12.13/x64
audit kyber-vulnerable / gcc -Os	UNKNOWN STEP	2026-08-02T15:50:38.3185393Z   Python3_ROOT_DIR: /opt/hostedtoolcache/Python/3.12.13/x64
audit kyber-vulnerable / gcc -Os	UNKNOWN STEP	2026-08-02T15:50:38.3186099Z   LD_LIBRARY_PATH: /opt/hostedtoolcache/Python/3.12.13/x64/lib
audit kyber-vulnerable / gcc -Os	UNKNOWN STEP	2026-08-02T15:50:38.3186688Z ##[endgroup]
audit kyber-vulnerable / gcc -Os	UNKNOWN STEP	2026-08-02T15:50:41.9227605Z [VULNERABLE              ] kyber-vulnerable_gcc_Os_768  secret_div=3 total_div=7
audit kyber-vulnerable / gcc -Os	UNKNOWN STEP	2026-08-02T15:50:41.9228603Z 
audit kyber-vulnerable / gcc -Os	UNKNOWN STEP	2026-08-02T15:50:41.9228813Z Wrote 1 cells to audit.json
audit kyber-vulnerable / gcc -Os	UNKNOWN STEP	2026-08-02T15:50:41.9341043Z ##[group]Run python3 - <<'PY'
audit kyber-vulnerable / gcc -Os	UNKNOWN STEP	2026-08-02T15:50:41.9341389Z ^[[36;1mpython3 - <<'PY'^[[0m
audit kyber-vulnerable / gcc -Os	UNKNOWN STEP	2026-08-02T15:50:41.9341630Z ^[[36;1mimport json, sys^[[0m
audit kyber-vulnerable / gcc -Os	UNKNOWN STEP	2026-08-02T15:50:41.9341891Z ^[[36;1mrows = json.load(open("audit.json"))^[[0m
audit kyber-vulnerable / gcc -Os	UNKNOWN STEP	2026-08-02T15:50:41.9342286Z ^[[36;1mbad = [r for r in rows if r.get("verdict") != "VULNERABLE"]^[[0m
audit kyber-vulnerable / gcc -Os	UNKNOWN STEP	2026-08-02T15:50:41.9342629Z ^[[36;1mif bad:^[[0m
audit kyber-vulnerable / gcc -Os	UNKNOWN STEP	2026-08-02T15:50:41.9342978Z ^[[36;1m    print("POSITIVE CONTROL FAILED: known-vulnerable build reported clean.")^[[0m
audit kyber-vulnerable / gcc -Os	UNKNOWN STEP	2026-08-02T15:50:41.9343517Z ^[[36;1m    print("The auditor is not detecting the mechanism. Do not trust any")^[[0m
audit kyber-vulnerable / gcc -Os	UNKNOWN STEP	2026-08-02T15:50:41.9343945Z ^[[36;1m    print("clean verdict from this run.")^[[0m
audit kyber-vulnerable / gcc -Os	UNKNOWN STEP	2026-08-02T15:50:41.9344248Z ^[[36;1m    for r in bad:^[[0m
audit kyber-vulnerable / gcc -Os	UNKNOWN STEP	2026-08-02T15:50:41.9344553Z ^[[36;1m        print(f"  {r['experiment_id']}: {r.get('verdict')}")^[[0m
audit kyber-vulnerable / gcc -Os	UNKNOWN STEP	2026-08-02T15:50:41.9345356Z ^[[36;1m    sys.exit(1)^[[0m
audit kyber-vulnerable / gcc -Os	UNKNOWN STEP	2026-08-02T15:50:41.9345703Z ^[[36;1mprint("Positive control detected, as expected.")^[[0m
audit kyber-vulnerable / gcc -Os	UNKNOWN STEP	2026-08-02T15:50:41.9346069Z ^[[36;1mPY^[[0m
audit kyber-vulnerable / gcc -Os	UNKNOWN STEP	2026-08-02T15:50:41.9393205Z shell: /usr/bin/bash -e {0}
audit kyber-vulnerable / gcc -Os	UNKNOWN STEP	2026-08-02T15:50:41.9393478Z env:
audit kyber-vulnerable / gcc -Os	UNKNOWN STEP	2026-08-02T15:50:41.9393755Z   pythonLocation: /opt/hostedtoolcache/Python/3.12.13/x64
audit kyber-vulnerable / gcc -Os	UNKNOWN STEP	2026-08-02T15:50:41.9394207Z   PKG_CONFIG_PATH: /opt/hostedtoolcache/Python/3.12.13/x64/lib/pkgconfig
audit kyber-vulnerable / gcc -Os	UNKNOWN STEP	2026-08-02T15:50:41.9394644Z   Python_ROOT_DIR: /opt/hostedtoolcache/Python/3.12.13/x64
audit kyber-vulnerable / gcc -Os	UNKNOWN STEP	2026-08-02T15:50:41.9395439Z   Python2_ROOT_DIR: /opt/hostedtoolcache/Python/3.12.13/x64
audit kyber-vulnerable / gcc -Os	UNKNOWN STEP	2026-08-02T15:50:41.9395871Z   Python3_ROOT_DIR: /opt/hostedtoolcache/Python/3.12.13/x64
audit kyber-vulnerable / gcc -Os	UNKNOWN STEP	2026-08-02T15:50:41.9396276Z   LD_LIBRARY_PATH: /opt/hostedtoolcache/Python/3.12.13/x64/lib
audit kyber-vulnerable / gcc -Os	UNKNOWN STEP	2026-08-02T15:50:41.9396608Z ##[endgroup]
audit kyber-vulnerable / gcc -Os	UNKNOWN STEP	2026-08-02T15:50:41.9704146Z Positive control detected, as expected.
audit kyber-vulnerable / gcc -Os	UNKNOWN STEP	2026-08-02T15:50:41.9828895Z Node 20 is being deprecated. This workflow is running with Node 24 by default. If you need to temporarily use Node 20, you can set the ACTIONS_ALLOW_USE_UNSECURE_NODE_VERSION=true environment variable. For more information see: https://github.blog/changelog/2025-09-19-deprecation-of-node-20-on-github-actions-runners/
audit kyber-vulnerable / gcc -Os	UNKNOWN STEP	2026-08-02T15:50:41.9830258Z ##[group]Run actions/upload-artifact@v4
audit kyber-vulnerable / gcc -Os	UNKNOWN STEP	2026-08-02T15:50:41.9830566Z with:
audit kyber-vulnerable / gcc -Os	UNKNOWN STEP	2026-08-02T15:50:41.9830793Z   name: audit-kyber-vulnerable-gcc--Os
audit kyber-vulnerable / gcc -Os	UNKNOWN STEP	2026-08-02T15:50:41.9831094Z   path: audit.json
audit kyber-vulnerable / gcc -Os	UNKNOWN STEP	2026-08-02T15:50:41.9831318Z   if-no-files-found: warn
audit kyber-vulnerable / gcc -Os	UNKNOWN STEP	2026-08-02T15:50:41.9831558Z   compression-level: 6
audit kyber-vulnerable / gcc -Os	UNKNOWN STEP	2026-08-02T15:50:41.9831779Z   overwrite: false
audit kyber-vulnerable / gcc -Os	UNKNOWN STEP	2026-08-02T15:50:41.9832001Z   include-hidden-files: false
audit kyber-vulnerable / gcc -Os	UNKNOWN STEP	2026-08-02T15:50:41.9832244Z env:
audit kyber-vulnerable / gcc -Os	UNKNOWN STEP	2026-08-02T15:50:41.9832527Z   pythonLocation: /opt/hostedtoolcache/Python/3.12.13/x64
audit kyber-vulnerable / gcc -Os	UNKNOWN STEP	2026-08-02T15:50:41.9832966Z   PKG_CONFIG_PATH: /opt/hostedtoolcache/Python/3.12.13/x64/lib/pkgconfig
audit kyber-vulnerable / gcc -Os	UNKNOWN STEP	2026-08-02T15:50:41.9833440Z   Python_ROOT_DIR: /opt/hostedtoolcache/Python/3.12.13/x64
audit kyber-vulnerable / gcc -Os	UNKNOWN STEP	2026-08-02T15:50:41.9834127Z   Python2_ROOT_DIR: /opt/hostedtoolcache/Python/3.12.13/x64
audit kyber-vulnerable / gcc -Os	UNKNOWN STEP	2026-08-02T15:50:41.9834522Z   Python3_ROOT_DIR: /opt/hostedtoolcache/Python/3.12.13/x64
audit kyber-vulnerable / gcc -Os	UNKNOWN STEP	2026-08-02T15:50:41.9835220Z   LD_LIBRARY_PATH: /opt/hostedtoolcache/Python/3.12.13/x64/lib
audit kyber-vulnerable / gcc -Os	UNKNOWN STEP	2026-08-02T15:50:41.9835576Z ##[endgroup]
audit kyber-vulnerable / gcc -Os	UNKNOWN STEP	2026-08-02T15:50:42.1561178Z (node:2459) [DEP0040] DeprecationWarning: The `punycode` module is deprecated. Please use a userland alternative instead.
audit kyber-vulnerable / gcc -Os	UNKNOWN STEP	2026-08-02T15:50:42.1561965Z (Use `node --trace-deprecation ...` to show where the warning was created)
audit kyber-vulnerable / gcc -Os	UNKNOWN STEP	2026-08-02T15:50:42.1611252Z With the provided path, there will be 1 file uploaded
audit kyber-vulnerable / gcc -Os	UNKNOWN STEP	2026-08-02T15:50:42.1621381Z Artifact name is valid!
audit kyber-vulnerable / gcc -Os	UNKNOWN STEP	2026-08-02T15:50:42.1628410Z Root directory input is valid!
audit kyber-vulnerable / gcc -Os	UNKNOWN STEP	2026-08-02T15:50:42.3367999Z Beginning upload of artifact content to blob storage
audit kyber-vulnerable / gcc -Os	UNKNOWN STEP	2026-08-02T15:50:42.3576506Z (node:2459) [DEP0169] DeprecationWarning: `url.parse()` behavior is not standardized and prone to errors that have security implications. Use the WHATWG URL API instead. CVEs are not issued for `url.parse()` vulnerabilities.
audit kyber-vulnerable / gcc -Os	UNKNOWN STEP	2026-08-02T15:50:42.4401495Z Uploaded bytes 700
audit kyber-vulnerable / gcc -Os	UNKNOWN STEP	2026-08-02T15:50:42.4710702Z Finished uploading artifact content to blob storage!
audit kyber-vulnerable / gcc -Os	UNKNOWN STEP	2026-08-02T15:50:42.4712374Z SHA256 digest of uploaded artifact zip is 2b13ef89cb1a0e07ed55c0de555fee83a8ef9604856c2f937e6c4020c1ef64cf
audit kyber-vulnerable / gcc -Os	UNKNOWN STEP	2026-08-02T15:50:42.4713843Z Finalizing artifact upload
audit kyber-vulnerable / gcc -Os	UNKNOWN STEP	2026-08-02T15:50:42.6254191Z Artifact audit-kyber-vulnerable-gcc--Os.zip successfully finalized. Artifact ID 8835717744
audit kyber-vulnerable / gcc -Os	UNKNOWN STEP	2026-08-02T15:50:42.6256205Z Artifact audit-kyber-vulnerable-gcc--Os has been successfully uploaded! Final size is 700 bytes. Artifact ID is 8835717744
audit kyber-vulnerable / gcc -Os	UNKNOWN STEP	2026-08-02T15:50:42.6266067Z Artifact download URL: https://github.com/Ace7111/kyberslash-evaluation/actions/runs/30755244934/artifacts/8835717744
audit kyber-vulnerable / gcc -Os	UNKNOWN STEP	2026-08-02T15:50:42.6459058Z Node 20 is being deprecated. This workflow is running with Node 24 by default. If you need to temporarily use Node 20, you can set the ACTIONS_ALLOW_USE_UNSECURE_NODE_VERSION=true environment variable. For more information see: https://github.blog/changelog/2025-09-19-deprecation-of-node-20-on-github-actions-runners/
audit kyber-vulnerable / gcc -Os	UNKNOWN STEP	2026-08-02T15:50:42.6460367Z Post job cleanup.
audit kyber-vulnerable / gcc -Os	UNKNOWN STEP	2026-08-02T15:50:42.7741056Z (node:2471) [DEP0040] DeprecationWarning: The `punycode` module is deprecated. Please use a userland alternative instead.
audit kyber-vulnerable / gcc -Os	UNKNOWN STEP	2026-08-02T15:50:42.7742481Z (Use `node --trace-deprecation ...` to show where the warning was created)
audit kyber-vulnerable / gcc -Os	UNKNOWN STEP	2026-08-02T15:50:42.7963862Z Node 20 is being deprecated. This workflow is running with Node 24 by default. If you need to temporarily use Node 20, you can set the ACTIONS_ALLOW_USE_UNSECURE_NODE_VERSION=true environment variable. For more information see: https://github.blog/changelog/2025-09-19-deprecation-of-node-20-on-github-actions-runners/
audit kyber-vulnerable / gcc -Os	UNKNOWN STEP	2026-08-02T15:50:42.7965594Z Post job cleanup.
audit kyber-vulnerable / gcc -Os	UNKNOWN STEP	2026-08-02T15:50:42.8869622Z [command]/usr/bin/git version
audit kyber-vulnerable / gcc -Os	UNKNOWN STEP	2026-08-02T15:50:42.8914590Z git version 2.54.0
audit kyber-vulnerable / gcc -Os	UNKNOWN STEP	2026-08-02T15:50:42.8955832Z Temporarily overriding HOME='/home/runner/work/_temp/8fec8d56-9da4-4f9b-9683-8bec4b773a72' before making global git config changes
audit kyber-vulnerable / gcc -Os	UNKNOWN STEP	2026-08-02T15:50:42.8957338Z Adding repository directory to the temporary git global config as a safe directory
audit kyber-vulnerable / gcc -Os	UNKNOWN STEP	2026-08-02T15:50:42.8966068Z [command]/usr/bin/git config --global --add safe.directory /home/runner/work/kyberslash-evaluation/kyberslash-evaluation
audit kyber-vulnerable / gcc -Os	UNKNOWN STEP	2026-08-02T15:50:42.9008240Z [command]/usr/bin/git config --local --name-only --get-regexp core\.sshCommand
audit kyber-vulnerable / gcc -Os	UNKNOWN STEP	2026-08-02T15:50:42.9048571Z [command]/usr/bin/git submodule foreach --recursive sh -c "git config --local --name-only --get-regexp 'core\.sshCommand' && git config --local --unset-all 'core.sshCommand' || :"
audit kyber-vulnerable / gcc -Os	UNKNOWN STEP	2026-08-02T15:50:42.9400569Z [command]/usr/bin/git config --local --name-only --get-regexp http\.https\:\/\/github\.com\/\.extraheader
audit kyber-vulnerable / gcc -Os	UNKNOWN STEP	2026-08-02T15:50:42.9426737Z http.https://github.com/.extraheader
audit kyber-vulnerable / gcc -Os	UNKNOWN STEP	2026-08-02T15:50:42.9478136Z [command]/usr/bin/git config --local --unset-all http.https://github.com/.extraheader
audit kyber-vulnerable / gcc -Os	UNKNOWN STEP	2026-08-02T15:50:42.9508522Z [command]/usr/bin/git submodule foreach --recursive sh -c "git config --local --name-only --get-regexp 'http\.https\:\/\/github\.com\/\.extraheader' && git config --local --unset-all 'http.https://github.com/.extraheader' || :"
audit kyber-vulnerable / gcc -Os	UNKNOWN STEP	2026-08-02T15:50:42.9877521Z [command]/usr/bin/git config --local --name-only --get-regexp ^includeIf\.gitdir:
audit kyber-vulnerable / gcc -Os	UNKNOWN STEP	2026-08-02T15:50:42.9934041Z [command]/usr/bin/git submodule foreach --recursive git config --local --show-origin --name-only --get-regexp remote.origin.url
audit kyber-vulnerable / gcc -Os	UNKNOWN STEP	2026-08-02T15:50:43.0387031Z Cleaning up orphan processes
audit kyber-vulnerable / gcc -Os	UNKNOWN STEP	2026-08-02T15:50:43.0693765Z ##[warning]Node.js 20 is deprecated. The following actions target Node.js 20 but are being forced to run on Node.js 24: actions/checkout@v4, actions/setup-python@v5, actions/upload-artifact@v4. For more information see: https://github.blog/changelog/2025-09-19-deprecation-of-node-20-on-github-actions-runners/
audit kyber-current / clang -Os	UNKNOWN STEP	﻿2026-08-02T15:50:46.1178251Z Current runner version: '2.336.0'
audit kyber-current / clang -Os	UNKNOWN STEP	2026-08-02T15:50:46.1202345Z ##[group]Runner Image Provisioner
audit kyber-current / clang -Os	UNKNOWN STEP	2026-08-02T15:50:46.1203496Z Hosted Compute Agent
audit kyber-current / clang -Os	UNKNOWN STEP	2026-08-02T15:50:46.1204065Z Version: 20260707.563
audit kyber-current / clang -Os	UNKNOWN STEP	2026-08-02T15:50:46.1204764Z Commit: 02667638d2b423fbc733a8e32a88b44996a3ba6e
audit kyber-current / clang -Os	UNKNOWN STEP	2026-08-02T15:50:46.1205496Z Build Date: 2026-07-07T19:33:50Z
audit kyber-current / clang -Os	UNKNOWN STEP	2026-08-02T15:50:46.1206611Z Worker ID: {2663c678-e4fb-4c91-9235-04b7a4f9dea1}
audit kyber-current / clang -Os	UNKNOWN STEP	2026-08-02T15:50:46.1207428Z Azure Region: eastus
audit kyber-current / clang -Os	UNKNOWN STEP	2026-08-02T15:50:46.1207998Z ##[endgroup]
audit kyber-current / clang -Os	UNKNOWN STEP	2026-08-02T15:50:46.1209476Z ##[group]Operating System
audit kyber-current / clang -Os	UNKNOWN STEP	2026-08-02T15:50:46.1210154Z Ubuntu
audit kyber-current / clang -Os	UNKNOWN STEP	2026-08-02T15:50:46.1210826Z 24.04.4
audit kyber-current / clang -Os	UNKNOWN STEP	2026-08-02T15:50:46.1211353Z LTS
audit kyber-current / clang -Os	UNKNOWN STEP	2026-08-02T15:50:46.1211895Z ##[endgroup]
audit kyber-current / clang -Os	UNKNOWN STEP	2026-08-02T15:50:46.1212693Z ##[group]Runner Image
audit kyber-current / clang -Os	UNKNOWN STEP	2026-08-02T15:50:46.1213344Z Image: ubuntu-24.04
audit kyber-current / clang -Os	UNKNOWN STEP	2026-08-02T15:50:46.1213956Z Version: 20260720.247.2
audit kyber-current / clang -Os	UNKNOWN STEP	2026-08-02T15:50:46.1215282Z Included Software: https://github.com/actions/runner-images/blob/ubuntu24/20260720.247/images/ubuntu/Ubuntu2404-Readme.md
audit kyber-current / clang -Os	UNKNOWN STEP	2026-08-02T15:50:46.1216850Z Image Release: https://github.com/actions/runner-images/releases/tag/ubuntu24%2F20260720.247
audit kyber-current / clang -Os	UNKNOWN STEP	2026-08-02T15:50:46.1217794Z ##[endgroup]
audit kyber-current / clang -Os	UNKNOWN STEP	2026-08-02T15:50:46.1218984Z ##[group]GITHUB_TOKEN Permissions
audit kyber-current / clang -Os	UNKNOWN STEP	2026-08-02T15:50:46.1221109Z Contents: read
audit kyber-current / clang -Os	UNKNOWN STEP	2026-08-02T15:50:46.1221782Z Metadata: read
audit kyber-current / clang -Os	UNKNOWN STEP	2026-08-02T15:50:46.1222380Z Packages: read
audit kyber-current / clang -Os	UNKNOWN STEP	2026-08-02T15:50:46.1223237Z ##[endgroup]
audit kyber-current / clang -Os	UNKNOWN STEP	2026-08-02T15:50:46.1225275Z Secret source: Actions
audit kyber-current / clang -Os	UNKNOWN STEP	2026-08-02T15:50:46.1226632Z Prepare workflow directory
audit kyber-current / clang -Os	UNKNOWN STEP	2026-08-02T15:50:46.1549302Z Prepare all required actions
audit kyber-current / clang -Os	UNKNOWN STEP	2026-08-02T15:50:46.1597502Z Getting action download info
audit kyber-current / clang -Os	UNKNOWN STEP	2026-08-02T15:50:46.3097205Z Download action repository 'actions/checkout@v4' (SHA:11d5960a326750d5838078e36cf38b85af677262)
audit kyber-current / clang -Os	UNKNOWN STEP	2026-08-02T15:50:46.5545288Z Download action repository 'actions/setup-python@v5' (SHA:a26af69be951a213d495a4c3e4e4022e16d87065)
audit kyber-current / clang -Os	UNKNOWN STEP	2026-08-02T15:50:46.6403316Z Download action repository 'actions/upload-artifact@v4' (SHA:ea165f8d65b6e75b540449e92b4886f43607fa02)
audit kyber-current / clang -Os	UNKNOWN STEP	2026-08-02T15:50:46.8631528Z Complete job name: audit kyber-current / clang -Os
audit kyber-current / clang -Os	UNKNOWN STEP	2026-08-02T15:50:46.9406504Z Node 20 is being deprecated. This workflow is running with Node 24 by default. If you need to temporarily use Node 20, you can set the ACTIONS_ALLOW_USE_UNSECURE_NODE_VERSION=true environment variable. For more information see: https://github.blog/changelog/2025-09-19-deprecation-of-node-20-on-github-actions-runners/
audit kyber-current / clang -Os	UNKNOWN STEP	2026-08-02T15:50:46.9415604Z ##[group]Run actions/checkout@v4
audit kyber-current / clang -Os	UNKNOWN STEP	2026-08-02T15:50:46.9416347Z with:
audit kyber-current / clang -Os	UNKNOWN STEP	2026-08-02T15:50:46.9416814Z   repository: Ace7111/kyberslash-evaluation
audit kyber-current / clang -Os	UNKNOWN STEP	2026-08-02T15:50:46.9420958Z   token: ***
audit kyber-current / clang -Os	UNKNOWN STEP	2026-08-02T15:50:46.9421398Z   ssh-strict: true
audit kyber-current / clang -Os	UNKNOWN STEP	2026-08-02T15:50:46.9421819Z   ssh-user: git
audit kyber-current / clang -Os	UNKNOWN STEP	2026-08-02T15:50:46.9422264Z   persist-credentials: true
audit kyber-current / clang -Os	UNKNOWN STEP	2026-08-02T15:50:46.9422964Z   clean: true
audit kyber-current / clang -Os	UNKNOWN STEP	2026-08-02T15:50:46.9423412Z   sparse-checkout-cone-mode: true
audit kyber-current / clang -Os	UNKNOWN STEP	2026-08-02T15:50:46.9423925Z   fetch-depth: 1
audit kyber-current / clang -Os	UNKNOWN STEP	2026-08-02T15:50:46.9424331Z   fetch-tags: false
audit kyber-current / clang -Os	UNKNOWN STEP	2026-08-02T15:50:46.9424755Z   show-progress: true
audit kyber-current / clang -Os	UNKNOWN STEP	2026-08-02T15:50:46.9425204Z   lfs: false
audit kyber-current / clang -Os	UNKNOWN STEP	2026-08-02T15:50:46.9425641Z   submodules: false
audit kyber-current / clang -Os	UNKNOWN STEP	2026-08-02T15:50:46.9426077Z   set-safe-directory: true
audit kyber-current / clang -Os	UNKNOWN STEP	2026-08-02T15:50:46.9426580Z   allow-unsafe-pr-checkout: false
audit kyber-current / clang -Os	UNKNOWN STEP	2026-08-02T15:50:46.9427390Z ##[endgroup]
audit kyber-current / clang -Os	UNKNOWN STEP	2026-08-02T15:50:47.0435794Z Syncing repository: Ace7111/kyberslash-evaluation
audit kyber-current / clang -Os	UNKNOWN STEP	2026-08-02T15:50:47.0438497Z ##[group]Getting Git version info
audit kyber-current / clang -Os	UNKNOWN STEP	2026-08-02T15:50:47.0439877Z Working directory is '/home/runner/work/kyberslash-evaluation/kyberslash-evaluation'
audit kyber-current / clang -Os	UNKNOWN STEP	2026-08-02T15:50:47.0442011Z [command]/usr/bin/git version
audit kyber-current / clang -Os	UNKNOWN STEP	2026-08-02T15:50:47.0573681Z git version 2.54.0
audit kyber-current / clang -Os	UNKNOWN STEP	2026-08-02T15:50:47.0595154Z ##[endgroup]
audit kyber-current / clang -Os	UNKNOWN STEP	2026-08-02T15:50:47.0615069Z Temporarily overriding HOME='/home/runner/work/_temp/4be0d3eb-90d6-4ae1-b26f-7411672b0271' before making global git config changes
audit kyber-current / clang -Os	UNKNOWN STEP	2026-08-02T15:50:47.0617534Z Adding repository directory to the temporary git global config as a safe directory
audit kyber-current / clang -Os	UNKNOWN STEP	2026-08-02T15:50:47.0634396Z [command]/usr/bin/git config --global --add safe.directory /home/runner/work/kyberslash-evaluation/kyberslash-evaluation
audit kyber-current / clang -Os	UNKNOWN STEP	2026-08-02T15:50:47.0678986Z Deleting the contents of '/home/runner/work/kyberslash-evaluation/kyberslash-evaluation'
audit kyber-current / clang -Os	UNKNOWN STEP	2026-08-02T15:50:47.0683524Z ##[group]Initializing the repository
audit kyber-current / clang -Os	UNKNOWN STEP	2026-08-02T15:50:47.0690020Z [command]/usr/bin/git init /home/runner/work/kyberslash-evaluation/kyberslash-evaluation
audit kyber-current / clang -Os	UNKNOWN STEP	2026-08-02T15:50:47.0835577Z hint: Using 'master' as the name for the initial branch. This default branch name
audit kyber-current / clang -Os	UNKNOWN STEP	2026-08-02T15:50:47.0837323Z hint: will change to "main" in Git 3.0. To configure the initial branch name
audit kyber-current / clang -Os	UNKNOWN STEP	2026-08-02T15:50:47.0838799Z hint: to use in all of your new repositories, which will suppress this warning,
audit kyber-current / clang -Os	UNKNOWN STEP	2026-08-02T15:50:47.0840311Z hint: call:
audit kyber-current / clang -Os	UNKNOWN STEP	2026-08-02T15:50:47.0841131Z hint:
audit kyber-current / clang -Os	UNKNOWN STEP	2026-08-02T15:50:47.0842122Z hint: 	git config --global init.defaultBranch <name>
audit kyber-current / clang -Os	UNKNOWN STEP	2026-08-02T15:50:47.0843713Z hint:
audit kyber-current / clang -Os	UNKNOWN STEP	2026-08-02T15:50:47.0846157Z hint: Names commonly chosen instead of 'master' are 'main', 'trunk' and
audit kyber-current / clang -Os	UNKNOWN STEP	2026-08-02T15:50:47.0861033Z hint: 'development'. The just-created branch can be renamed via this command:
audit kyber-current / clang -Os	UNKNOWN STEP	2026-08-02T15:50:47.0868226Z hint:
audit kyber-current / clang -Os	UNKNOWN STEP	2026-08-02T15:50:47.0869269Z hint: 	git branch -m <name>
audit kyber-current / clang -Os	UNKNOWN STEP	2026-08-02T15:50:47.0876129Z hint:
audit kyber-current / clang -Os	UNKNOWN STEP	2026-08-02T15:50:47.0877293Z hint: Disable this message with "git config set advice.defaultBranchName false"
audit kyber-current / clang -Os	UNKNOWN STEP	2026-08-02T15:50:47.0879334Z Initialized empty Git repository in /home/runner/work/kyberslash-evaluation/kyberslash-evaluation/.git/
audit kyber-current / clang -Os	UNKNOWN STEP	2026-08-02T15:50:47.0882949Z [command]/usr/bin/git remote add origin https://github.com/Ace7111/kyberslash-evaluation
audit kyber-current / clang -Os	UNKNOWN STEP	2026-08-02T15:50:47.0958578Z ##[endgroup]
audit kyber-current / clang -Os	UNKNOWN STEP	2026-08-02T15:50:47.0960676Z ##[group]Disabling automatic garbage collection
audit kyber-current / clang -Os	UNKNOWN STEP	2026-08-02T15:50:47.0965346Z [command]/usr/bin/git config --local gc.auto 0
audit kyber-current / clang -Os	UNKNOWN STEP	2026-08-02T15:50:47.1079353Z ##[endgroup]
audit kyber-current / clang -Os	UNKNOWN STEP	2026-08-02T15:50:47.1114539Z ##[group]Setting up auth
audit kyber-current / clang -Os	UNKNOWN STEP	2026-08-02T15:50:47.1116490Z [command]/usr/bin/git config --local --name-only --get-regexp core\.sshCommand
audit kyber-current / clang -Os	UNKNOWN STEP	2026-08-02T15:50:47.1132851Z [command]/usr/bin/git submodule foreach --recursive sh -c "git config --local --name-only --get-regexp 'core\.sshCommand' && git config --local --unset-all 'core.sshCommand' || :"
audit kyber-current / clang -Os	UNKNOWN STEP	2026-08-02T15:50:47.1845013Z [command]/usr/bin/git config --local --name-only --get-regexp http\.https\:\/\/github\.com\/\.extraheader
audit kyber-current / clang -Os	UNKNOWN STEP	2026-08-02T15:50:47.1894156Z [command]/usr/bin/git submodule foreach --recursive sh -c "git config --local --name-only --get-regexp 'http\.https\:\/\/github\.com\/\.extraheader' && git config --local --unset-all 'http.https://github.com/.extraheader' || :"
audit kyber-current / clang -Os	UNKNOWN STEP	2026-08-02T15:50:47.2166411Z [command]/usr/bin/git config --local --name-only --get-regexp ^includeIf\.gitdir:
audit kyber-current / clang -Os	UNKNOWN STEP	2026-08-02T15:50:47.2206763Z [command]/usr/bin/git submodule foreach --recursive git config --local --show-origin --name-only --get-regexp remote.origin.url
audit kyber-current / clang -Os	UNKNOWN STEP	2026-08-02T15:50:47.2460341Z [command]/usr/bin/git config --local http.https://github.com/.extraheader AUTHORIZATION: basic ***
audit kyber-current / clang -Os	UNKNOWN STEP	2026-08-02T15:50:47.2503119Z ##[endgroup]
audit kyber-current / clang -Os	UNKNOWN STEP	2026-08-02T15:50:47.2503951Z ##[group]Fetching the repository
audit kyber-current / clang -Os	UNKNOWN STEP	2026-08-02T15:50:47.2513878Z [command]/usr/bin/git -c protocol.version=2 fetch --no-tags --prune --no-recurse-submodules --depth=1 origin +c36da0f41ae2be8e5a855b5edf63e5074665cffa:refs/remotes/origin/main
audit kyber-current / clang -Os	UNKNOWN STEP	2026-08-02T15:50:47.4807697Z From https://github.com/Ace7111/kyberslash-evaluation
audit kyber-current / clang -Os	UNKNOWN STEP	2026-08-02T15:50:47.4808887Z  * [new ref]         c36da0f41ae2be8e5a855b5edf63e5074665cffa -> origin/main
audit kyber-current / clang -Os	UNKNOWN STEP	2026-08-02T15:50:47.4846857Z ##[endgroup]
audit kyber-current / clang -Os	UNKNOWN STEP	2026-08-02T15:50:47.4847751Z ##[group]Determining the checkout info
audit kyber-current / clang -Os	UNKNOWN STEP	2026-08-02T15:50:47.4849659Z ##[endgroup]
audit kyber-current / clang -Os	UNKNOWN STEP	2026-08-02T15:50:47.4856054Z [command]/usr/bin/git sparse-checkout disable
audit kyber-current / clang -Os	UNKNOWN STEP	2026-08-02T15:50:47.4903905Z [command]/usr/bin/git config --local --unset-all extensions.worktreeConfig
audit kyber-current / clang -Os	UNKNOWN STEP	2026-08-02T15:50:47.4935276Z ##[group]Checking out the ref
audit kyber-current / clang -Os	UNKNOWN STEP	2026-08-02T15:50:47.4940134Z [command]/usr/bin/git checkout --progress --force -B main refs/remotes/origin/main
audit kyber-current / clang -Os	UNKNOWN STEP	2026-08-02T15:50:47.5103617Z Switched to a new branch 'main'
audit kyber-current / clang -Os	UNKNOWN STEP	2026-08-02T15:50:47.5107346Z branch 'main' set up to track 'origin/main'.
audit kyber-current / clang -Os	UNKNOWN STEP	2026-08-02T15:50:47.5114006Z ##[endgroup]
audit kyber-current / clang -Os	UNKNOWN STEP	2026-08-02T15:50:47.5155904Z [command]/usr/bin/git log -1 --format=%H
audit kyber-current / clang -Os	UNKNOWN STEP	2026-08-02T15:50:47.5182284Z c36da0f41ae2be8e5a855b5edf63e5074665cffa
audit kyber-current / clang -Os	UNKNOWN STEP	2026-08-02T15:50:47.5488264Z Node 20 is being deprecated. This workflow is running with Node 24 by default. If you need to temporarily use Node 20, you can set the ACTIONS_ALLOW_USE_UNSECURE_NODE_VERSION=true environment variable. For more information see: https://github.blog/changelog/2025-09-19-deprecation-of-node-20-on-github-actions-runners/
audit kyber-current / clang -Os	UNKNOWN STEP	2026-08-02T15:50:47.5491332Z ##[group]Run actions/setup-python@v5
audit kyber-current / clang -Os	UNKNOWN STEP	2026-08-02T15:50:47.5491893Z with:
audit kyber-current / clang -Os	UNKNOWN STEP	2026-08-02T15:50:47.5492320Z   python-version: 3.12
audit kyber-current / clang -Os	UNKNOWN STEP	2026-08-02T15:50:47.5493153Z   check-latest: false
audit kyber-current / clang -Os	UNKNOWN STEP	2026-08-02T15:50:47.5497198Z   token: ***
audit kyber-current / clang -Os	UNKNOWN STEP	2026-08-02T15:50:47.5497655Z   update-environment: true
audit kyber-current / clang -Os	UNKNOWN STEP	2026-08-02T15:50:47.5498171Z   allow-prereleases: false
audit kyber-current / clang -Os	UNKNOWN STEP	2026-08-02T15:50:47.5498661Z   freethreaded: false
audit kyber-current / clang -Os	UNKNOWN STEP	2026-08-02T15:50:47.5499115Z ##[endgroup]
audit kyber-current / clang -Os	UNKNOWN STEP	2026-08-02T15:50:47.6923673Z ##[group]Installed versions
audit kyber-current / clang -Os	UNKNOWN STEP	2026-08-02T15:50:47.7032101Z (node:2262) [DEP0040] DeprecationWarning: The `punycode` module is deprecated. Please use a userland alternative instead.
audit kyber-current / clang -Os	UNKNOWN STEP	2026-08-02T15:50:47.7034900Z (Use `node --trace-deprecation ...` to show where the warning was created)
audit kyber-current / clang -Os	UNKNOWN STEP	2026-08-02T15:50:47.7036364Z Successfully set up CPython (3.12.13)
audit kyber-current / clang -Os	UNKNOWN STEP	2026-08-02T15:50:47.7037862Z ##[endgroup]
audit kyber-current / clang -Os	UNKNOWN STEP	2026-08-02T15:50:47.7207805Z ##[group]Run git clone --quiet https://github.com/pq-crystals/kyber.git targets/pq-crystals-kyber
audit kyber-current / clang -Os	UNKNOWN STEP	2026-08-02T15:50:47.7209587Z ^[[36;1mgit clone --quiet https://github.com/pq-crystals/kyber.git targets/pq-crystals-kyber^[[0m
audit kyber-current / clang -Os	UNKNOWN STEP	2026-08-02T15:50:47.7282844Z shell: /usr/bin/bash -e {0}
audit kyber-current / clang -Os	UNKNOWN STEP	2026-08-02T15:50:47.7283845Z env:
audit kyber-current / clang -Os	UNKNOWN STEP	2026-08-02T15:50:47.7284874Z   pythonLocation: /opt/hostedtoolcache/Python/3.12.13/x64
audit kyber-current / clang -Os	UNKNOWN STEP	2026-08-02T15:50:47.7286477Z   PKG_CONFIG_PATH: /opt/hostedtoolcache/Python/3.12.13/x64/lib/pkgconfig
audit kyber-current / clang -Os	UNKNOWN STEP	2026-08-02T15:50:47.7287587Z   Python_ROOT_DIR: /opt/hostedtoolcache/Python/3.12.13/x64
audit kyber-current / clang -Os	UNKNOWN STEP	2026-08-02T15:50:47.7288588Z   Python2_ROOT_DIR: /opt/hostedtoolcache/Python/3.12.13/x64
audit kyber-current / clang -Os	UNKNOWN STEP	2026-08-02T15:50:47.7289564Z   Python3_ROOT_DIR: /opt/hostedtoolcache/Python/3.12.13/x64
audit kyber-current / clang -Os	UNKNOWN STEP	2026-08-02T15:50:47.7290561Z   LD_LIBRARY_PATH: /opt/hostedtoolcache/Python/3.12.13/x64/lib
audit kyber-current / clang -Os	UNKNOWN STEP	2026-08-02T15:50:47.7291382Z ##[endgroup]
audit kyber-current / clang -Os	UNKNOWN STEP	2026-08-02T15:50:47.9730645Z ##[group]Run clang --version
audit kyber-current / clang -Os	UNKNOWN STEP	2026-08-02T15:50:47.9731371Z ^[[36;1mclang --version^[[0m
audit kyber-current / clang -Os	UNKNOWN STEP	2026-08-02T15:50:47.9731990Z ^[[36;1mobjdump --version | head -1^[[0m
audit kyber-current / clang -Os	UNKNOWN STEP	2026-08-02T15:50:47.9732951Z ^[[36;1muname -m^[[0m
audit kyber-current / clang -Os	UNKNOWN STEP	2026-08-02T15:50:47.9778550Z shell: /usr/bin/bash -e {0}
audit kyber-current / clang -Os	UNKNOWN STEP	2026-08-02T15:50:47.9779165Z env:
audit kyber-current / clang -Os	UNKNOWN STEP	2026-08-02T15:50:47.9779800Z   pythonLocation: /opt/hostedtoolcache/Python/3.12.13/x64
audit kyber-current / clang -Os	UNKNOWN STEP	2026-08-02T15:50:47.9780907Z   PKG_CONFIG_PATH: /opt/hostedtoolcache/Python/3.12.13/x64/lib/pkgconfig
audit kyber-current / clang -Os	UNKNOWN STEP	2026-08-02T15:50:47.9782025Z   Python_ROOT_DIR: /opt/hostedtoolcache/Python/3.12.13/x64
audit kyber-current / clang -Os	UNKNOWN STEP	2026-08-02T15:50:47.9783354Z   Python2_ROOT_DIR: /opt/hostedtoolcache/Python/3.12.13/x64
audit kyber-current / clang -Os	UNKNOWN STEP	2026-08-02T15:50:47.9784345Z   Python3_ROOT_DIR: /opt/hostedtoolcache/Python/3.12.13/x64
audit kyber-current / clang -Os	UNKNOWN STEP	2026-08-02T15:50:47.9785389Z   LD_LIBRARY_PATH: /opt/hostedtoolcache/Python/3.12.13/x64/lib
audit kyber-current / clang -Os	UNKNOWN STEP	2026-08-02T15:50:47.9786237Z ##[endgroup]
audit kyber-current / clang -Os	UNKNOWN STEP	2026-08-02T15:50:48.8025614Z Ubuntu clang version 18.1.3 (1ubuntu1)
audit kyber-current / clang -Os	UNKNOWN STEP	2026-08-02T15:50:48.8026588Z Target: x86_64-pc-linux-gnu
audit kyber-current / clang -Os	UNKNOWN STEP	2026-08-02T15:50:48.8027236Z Thread model: posix
audit kyber-current / clang -Os	UNKNOWN STEP	2026-08-02T15:50:48.8027783Z InstalledDir: /usr/bin
audit kyber-current / clang -Os	UNKNOWN STEP	2026-08-02T15:50:48.8859253Z GNU objdump (GNU Binutils for Ubuntu) 2.42
audit kyber-current / clang -Os	UNKNOWN STEP	2026-08-02T15:50:48.8870977Z x86_64
audit kyber-current / clang -Os	UNKNOWN STEP	2026-08-02T15:50:48.8916575Z ##[group]Run # NOTE the "=" on --opt-levels. Without it argparse reads a value like
audit kyber-current / clang -Os	UNKNOWN STEP	2026-08-02T15:50:48.8917317Z ^[[36;1m# NOTE the "=" on --opt-levels. Without it argparse reads a value like^[[0m
audit kyber-current / clang -Os	UNKNOWN STEP	2026-08-02T15:50:48.8917962Z ^[[36;1m# "-Os" as a flag and the run fails with "expected at least one argument".^[[0m
audit kyber-current / clang -Os	UNKNOWN STEP	2026-08-02T15:50:48.8918491Z ^[[36;1mpython3 scripts/build_matrix.py \^[[0m
audit kyber-current / clang -Os	UNKNOWN STEP	2026-08-02T15:50:48.8918860Z ^[[36;1m  --targets kyber-current \^[[0m
audit kyber-current / clang -Os	UNKNOWN STEP	2026-08-02T15:50:48.8919194Z ^[[36;1m  --compilers clang \^[[0m
audit kyber-current / clang -Os	UNKNOWN STEP	2026-08-02T15:50:48.8919760Z ^[[36;1m  --opt-levels='-Os' \^[[0m
audit kyber-current / clang -Os	UNKNOWN STEP	2026-08-02T15:50:48.8920080Z ^[[36;1m  --out audit.json^[[0m
audit kyber-current / clang -Os	UNKNOWN STEP	2026-08-02T15:50:48.8967653Z shell: /usr/bin/bash -e {0}
audit kyber-current / clang -Os	UNKNOWN STEP	2026-08-02T15:50:48.8967993Z env:
audit kyber-current / clang -Os	UNKNOWN STEP	2026-08-02T15:50:48.8968322Z   pythonLocation: /opt/hostedtoolcache/Python/3.12.13/x64
audit kyber-current / clang -Os	UNKNOWN STEP	2026-08-02T15:50:48.8968867Z   PKG_CONFIG_PATH: /opt/hostedtoolcache/Python/3.12.13/x64/lib/pkgconfig
audit kyber-current / clang -Os	UNKNOWN STEP	2026-08-02T15:50:48.8969451Z   Python_ROOT_DIR: /opt/hostedtoolcache/Python/3.12.13/x64
audit kyber-current / clang -Os	UNKNOWN STEP	2026-08-02T15:50:48.8969923Z   Python2_ROOT_DIR: /opt/hostedtoolcache/Python/3.12.13/x64
audit kyber-current / clang -Os	UNKNOWN STEP	2026-08-02T15:50:48.8970410Z   Python3_ROOT_DIR: /opt/hostedtoolcache/Python/3.12.13/x64
audit kyber-current / clang -Os	UNKNOWN STEP	2026-08-02T15:50:48.8970907Z   LD_LIBRARY_PATH: /opt/hostedtoolcache/Python/3.12.13/x64/lib
audit kyber-current / clang -Os	UNKNOWN STEP	2026-08-02T15:50:48.8971313Z ##[endgroup]
audit kyber-current / clang -Os	UNKNOWN STEP	2026-08-02T15:50:52.5616013Z [NO_SECRET_DEPENDENT_DIV ] kyber-current_clang_Os_768  secret_div=0 total_div=0
audit kyber-current / clang -Os	UNKNOWN STEP	2026-08-02T15:50:52.5616454Z 
audit kyber-current / clang -Os	UNKNOWN STEP	2026-08-02T15:50:52.5616677Z Wrote 1 cells to audit.json
audit kyber-current / clang -Os	UNKNOWN STEP	2026-08-02T15:50:52.5733943Z ##[group]Run python3 - <<'PY'
audit kyber-current / clang -Os	UNKNOWN STEP	2026-08-02T15:50:52.5734291Z ^[[36;1mpython3 - <<'PY'^[[0m
audit kyber-current / clang -Os	UNKNOWN STEP	2026-08-02T15:50:52.5734524Z ^[[36;1mimport json, sys^[[0m
audit kyber-current / clang -Os	UNKNOWN STEP	2026-08-02T15:50:52.5734803Z ^[[36;1mrows = json.load(open("audit.json"))^[[0m
audit kyber-current / clang -Os	UNKNOWN STEP	2026-08-02T15:50:52.5735098Z ^[[36;1m^[[0m
audit kyber-current / clang -Os	UNKNOWN STEP	2026-08-02T15:50:52.5735382Z ^[[36;1mgated = [r for r in rows if r.get("gate_failed_at")]^[[0m
audit kyber-current / clang -Os	UNKNOWN STEP	2026-08-02T15:50:52.5735712Z ^[[36;1mfor r in gated:^[[0m
audit kyber-current / clang -Os	UNKNOWN STEP	2026-08-02T15:50:52.5736002Z ^[[36;1m    print(f"::warning::{r['experiment_id']} failed at "^[[0m
audit kyber-current / clang -Os	UNKNOWN STEP	2026-08-02T15:50:52.5736483Z ^[[36;1m          f"{r['gate_failed_at']} - no security verdict produced")^[[0m
audit kyber-current / clang -Os	UNKNOWN STEP	2026-08-02T15:50:52.5736842Z ^[[36;1m^[[0m
audit kyber-current / clang -Os	UNKNOWN STEP	2026-08-02T15:50:52.5737138Z ^[[36;1mvulnerable = [r for r in rows if r.get("verdict") == "VULNERABLE"]^[[0m
audit kyber-current / clang -Os	UNKNOWN STEP	2026-08-02T15:50:52.5737512Z ^[[36;1mfor r in vulnerable:^[[0m
audit kyber-current / clang -Os	UNKNOWN STEP	2026-08-02T15:50:52.5737811Z ^[[36;1m    fns = ", ".join(r.get("vulnerable_functions", []))^[[0m
audit kyber-current / clang -Os	UNKNOWN STEP	2026-08-02T15:50:52.5738236Z ^[[36;1m    variants = ", ".join(r.get("kyberslash_variants", []))^[[0m
audit kyber-current / clang -Os	UNKNOWN STEP	2026-08-02T15:50:52.5738700Z ^[[36;1m    print(f"::error::{r['experiment_id']}: secret-dependent division in "^[[0m
audit kyber-current / clang -Os	UNKNOWN STEP	2026-08-02T15:50:52.5739092Z ^[[36;1m          f"{fns} ({variants})")^[[0m
audit kyber-current / clang -Os	UNKNOWN STEP	2026-08-02T15:50:52.5739349Z ^[[36;1m^[[0m
audit kyber-current / clang -Os	UNKNOWN STEP	2026-08-02T15:50:52.5739533Z ^[[36;1mif vulnerable:^[[0m
audit kyber-current / clang -Os	UNKNOWN STEP	2026-08-02T15:50:52.5739753Z ^[[36;1m    sys.exit(1)^[[0m
audit kyber-current / clang -Os	UNKNOWN STEP	2026-08-02T15:50:52.5739962Z ^[[36;1m^[[0m
audit kyber-current / clang -Os	UNKNOWN STEP	2026-08-02T15:50:52.5740223Z ^[[36;1maudited = [r for r in rows if not r.get("gate_failed_at")]^[[0m
audit kyber-current / clang -Os	UNKNOWN STEP	2026-08-02T15:50:52.5740564Z ^[[36;1mif not audited:^[[0m
audit kyber-current / clang -Os	UNKNOWN STEP	2026-08-02T15:50:52.5740922Z ^[[36;1m    print("::error::no cell produced a verdict - nothing was actually audited")^[[0m
audit kyber-current / clang -Os	UNKNOWN STEP	2026-08-02T15:50:52.5741337Z ^[[36;1m    sys.exit(1)^[[0m
audit kyber-current / clang -Os	UNKNOWN STEP	2026-08-02T15:50:52.5741548Z ^[[36;1m^[[0m
audit kyber-current / clang -Os	UNKNOWN STEP	2026-08-02T15:50:52.5741865Z ^[[36;1m# Incidental divisions are expected and must not fail the build. Reporting^[[0m
audit kyber-current / clang -Os	UNKNOWN STEP	2026-08-02T15:50:52.5742391Z ^[[36;1m# them keeps the distinction visible: a correctly patched binary still^[[0m
audit kyber-current / clang -Os	UNKNOWN STEP	2026-08-02T15:50:52.5743179Z ^[[36;1m# contains divisions in Keccak and rejection sampling, and a check that^[[0m
audit kyber-current / clang -Os	UNKNOWN STEP	2026-08-02T15:50:52.5743657Z ^[[36;1m# merely grepped for a division mnemonic would reject it.^[[0m
audit kyber-current / clang -Os	UNKNOWN STEP	2026-08-02T15:50:52.5744002Z ^[[36;1mfor r in audited:^[[0m
audit kyber-current / clang -Os	UNKNOWN STEP	2026-08-02T15:50:52.5744278Z ^[[36;1m    print(f"{r['experiment_id']}: clean "^[[0m
audit kyber-current / clang -Os	UNKNOWN STEP	2026-08-02T15:50:52.5744754Z ^[[36;1m          f"({r.get('total_divisions', 0)} incidental division(s))")^[[0m
audit kyber-current / clang -Os	UNKNOWN STEP	2026-08-02T15:50:52.5745132Z ^[[36;1mPY^[[0m
audit kyber-current / clang -Os	UNKNOWN STEP	2026-08-02T15:50:52.5789977Z shell: /usr/bin/bash -e {0}
audit kyber-current / clang -Os	UNKNOWN STEP	2026-08-02T15:50:52.5790232Z env:
audit kyber-current / clang -Os	UNKNOWN STEP	2026-08-02T15:50:52.5790503Z   pythonLocation: /opt/hostedtoolcache/Python/3.12.13/x64
audit kyber-current / clang -Os	UNKNOWN STEP	2026-08-02T15:50:52.5790958Z   PKG_CONFIG_PATH: /opt/hostedtoolcache/Python/3.12.13/x64/lib/pkgconfig
audit kyber-current / clang -Os	UNKNOWN STEP	2026-08-02T15:50:52.5791415Z   Python_ROOT_DIR: /opt/hostedtoolcache/Python/3.12.13/x64
audit kyber-current / clang -Os	UNKNOWN STEP	2026-08-02T15:50:52.5791818Z   Python2_ROOT_DIR: /opt/hostedtoolcache/Python/3.12.13/x64
audit kyber-current / clang -Os	UNKNOWN STEP	2026-08-02T15:50:52.5792222Z   Python3_ROOT_DIR: /opt/hostedtoolcache/Python/3.12.13/x64
audit kyber-current / clang -Os	UNKNOWN STEP	2026-08-02T15:50:52.5793095Z   LD_LIBRARY_PATH: /opt/hostedtoolcache/Python/3.12.13/x64/lib
audit kyber-current / clang -Os	UNKNOWN STEP	2026-08-02T15:50:52.5793438Z ##[endgroup]
audit kyber-current / clang -Os	UNKNOWN STEP	2026-08-02T15:50:52.6049969Z EXP-kyber-current_clang_Os_768: clean (0 incidental division(s))
audit kyber-current / clang -Os	UNKNOWN STEP	2026-08-02T15:50:52.6141552Z Node 20 is being deprecated. This workflow is running with Node 24 by default. If you need to temporarily use Node 20, you can set the ACTIONS_ALLOW_USE_UNSECURE_NODE_VERSION=true environment variable. For more information see: https://github.blog/changelog/2025-09-19-deprecation-of-node-20-on-github-actions-runners/
audit kyber-current / clang -Os	UNKNOWN STEP	2026-08-02T15:50:52.6143126Z ##[group]Run actions/upload-artifact@v4
audit kyber-current / clang -Os	UNKNOWN STEP	2026-08-02T15:50:52.6143392Z with:
audit kyber-current / clang -Os	UNKNOWN STEP	2026-08-02T15:50:52.6143598Z   name: audit-kyber-current-clang--Os
audit kyber-current / clang -Os	UNKNOWN STEP	2026-08-02T15:50:52.6143861Z   path: audit.json
audit kyber-current / clang -Os	UNKNOWN STEP	2026-08-02T15:50:52.6144073Z   if-no-files-found: warn
audit kyber-current / clang -Os	UNKNOWN STEP	2026-08-02T15:50:52.6144305Z   compression-level: 6
audit kyber-current / clang -Os	UNKNOWN STEP	2026-08-02T15:50:52.6144518Z   overwrite: false
audit kyber-current / clang -Os	UNKNOWN STEP	2026-08-02T15:50:52.6144728Z   include-hidden-files: false
audit kyber-current / clang -Os	UNKNOWN STEP	2026-08-02T15:50:52.6144969Z env:
audit kyber-current / clang -Os	UNKNOWN STEP	2026-08-02T15:50:52.6145219Z   pythonLocation: /opt/hostedtoolcache/Python/3.12.13/x64
audit kyber-current / clang -Os	UNKNOWN STEP	2026-08-02T15:50:52.6145651Z   PKG_CONFIG_PATH: /opt/hostedtoolcache/Python/3.12.13/x64/lib/pkgconfig
audit kyber-current / clang -Os	UNKNOWN STEP	2026-08-02T15:50:52.6146103Z   Python_ROOT_DIR: /opt/hostedtoolcache/Python/3.12.13/x64
audit kyber-current / clang -Os	UNKNOWN STEP	2026-08-02T15:50:52.6146479Z   Python2_ROOT_DIR: /opt/hostedtoolcache/Python/3.12.13/x64
audit kyber-current / clang -Os	UNKNOWN STEP	2026-08-02T15:50:52.6146865Z   Python3_ROOT_DIR: /opt/hostedtoolcache/Python/3.12.13/x64
audit kyber-current / clang -Os	UNKNOWN STEP	2026-08-02T15:50:52.6147252Z   LD_LIBRARY_PATH: /opt/hostedtoolcache/Python/3.12.13/x64/lib
audit kyber-current / clang -Os	UNKNOWN STEP	2026-08-02T15:50:52.6147569Z ##[endgroup]
audit kyber-current / clang -Os	UNKNOWN STEP	2026-08-02T15:50:52.7817222Z (node:2309) [DEP0040] DeprecationWarning: The `punycode` module is deprecated. Please use a userland alternative instead.
audit kyber-current / clang -Os	UNKNOWN STEP	2026-08-02T15:50:52.7818579Z (Use `node --trace-deprecation ...` to show where the warning was created)
audit kyber-current / clang -Os	UNKNOWN STEP	2026-08-02T15:50:52.7864062Z With the provided path, there will be 1 file uploaded
audit kyber-current / clang -Os	UNKNOWN STEP	2026-08-02T15:50:52.7873296Z Artifact name is valid!
audit kyber-current / clang -Os	UNKNOWN STEP	2026-08-02T15:50:52.7884546Z Root directory input is valid!
audit kyber-current / clang -Os	UNKNOWN STEP	2026-08-02T15:50:52.9190110Z Beginning upload of artifact content to blob storage
audit kyber-current / clang -Os	UNKNOWN STEP	2026-08-02T15:50:52.9386650Z (node:2309) [DEP0169] DeprecationWarning: `url.parse()` behavior is not standardized and prone to errors that have security implications. Use the WHATWG URL API instead. CVEs are not issued for `url.parse()` vulnerabilities.
audit kyber-current / clang -Os	UNKNOWN STEP	2026-08-02T15:50:52.9609152Z Uploaded bytes 709
audit kyber-current / clang -Os	UNKNOWN STEP	2026-08-02T15:50:52.9744149Z Finished uploading artifact content to blob storage!
audit kyber-current / clang -Os	UNKNOWN STEP	2026-08-02T15:50:52.9746069Z SHA256 digest of uploaded artifact zip is b5e4f2cfdd3030590d9fe864dae177765fb226d4d29ce4295b32e015adc27731
audit kyber-current / clang -Os	UNKNOWN STEP	2026-08-02T15:50:52.9747148Z Finalizing artifact upload
audit kyber-current / clang -Os	UNKNOWN STEP	2026-08-02T15:50:53.2189502Z Artifact audit-kyber-current-clang--Os.zip successfully finalized. Artifact ID 8835719674
audit kyber-current / clang -Os	UNKNOWN STEP	2026-08-02T15:50:53.2190961Z Artifact audit-kyber-current-clang--Os has been successfully uploaded! Final size is 709 bytes. Artifact ID is 8835719674
audit kyber-current / clang -Os	UNKNOWN STEP	2026-08-02T15:50:53.2197381Z Artifact download URL: https://github.com/Ace7111/kyberslash-evaluation/actions/runs/30755244934/artifacts/8835719674
audit kyber-current / clang -Os	UNKNOWN STEP	2026-08-02T15:50:53.2378518Z Node 20 is being deprecated. This workflow is running with Node 24 by default. If you need to temporarily use Node 20, you can set the ACTIONS_ALLOW_USE_UNSECURE_NODE_VERSION=true environment variable. For more information see: https://github.blog/changelog/2025-09-19-deprecation-of-node-20-on-github-actions-runners/
audit kyber-current / clang -Os	UNKNOWN STEP	2026-08-02T15:50:53.2379776Z Post job cleanup.
audit kyber-current / clang -Os	UNKNOWN STEP	2026-08-02T15:50:53.3552062Z (node:2321) [DEP0040] DeprecationWarning: The `punycode` module is deprecated. Please use a userland alternative instead.
audit kyber-current / clang -Os	UNKNOWN STEP	2026-08-02T15:50:53.3553449Z (Use `node --trace-deprecation ...` to show where the warning was created)
audit kyber-current / clang -Os	UNKNOWN STEP	2026-08-02T15:50:53.3754235Z Node 20 is being deprecated. This workflow is running with Node 24 by default. If you need to temporarily use Node 20, you can set the ACTIONS_ALLOW_USE_UNSECURE_NODE_VERSION=true environment variable. For more information see: https://github.blog/changelog/2025-09-19-deprecation-of-node-20-on-github-actions-runners/
audit kyber-current / clang -Os	UNKNOWN STEP	2026-08-02T15:50:53.3756582Z Post job cleanup.
audit kyber-current / clang -Os	UNKNOWN STEP	2026-08-02T15:50:53.4857521Z [command]/usr/bin/git version
audit kyber-current / clang -Os	UNKNOWN STEP	2026-08-02T15:50:53.4906128Z git version 2.54.0
audit kyber-current / clang -Os	UNKNOWN STEP	2026-08-02T15:50:53.4982364Z Temporarily overriding HOME='/home/runner/work/_temp/fb14f1b6-a506-475a-a65b-35bd2ad7dc45' before making global git config changes
audit kyber-current / clang -Os	UNKNOWN STEP	2026-08-02T15:50:53.4997684Z Adding repository directory to the temporary git global config as a safe directory
audit kyber-current / clang -Os	UNKNOWN STEP	2026-08-02T15:50:53.4999306Z [command]/usr/bin/git config --global --add safe.directory /home/runner/work/kyberslash-evaluation/kyberslash-evaluation
audit kyber-current / clang -Os	UNKNOWN STEP	2026-08-02T15:50:53.5083727Z [command]/usr/bin/git config --local --name-only --get-regexp core\.sshCommand
audit kyber-current / clang -Os	UNKNOWN STEP	2026-08-02T15:50:53.5139083Z [command]/usr/bin/git submodule foreach --recursive sh -c "git config --local --name-only --get-regexp 'core\.sshCommand' && git config --local --unset-all 'core.sshCommand' || :"
audit kyber-current / clang -Os	UNKNOWN STEP	2026-08-02T15:50:53.5460765Z [command]/usr/bin/git config --local --name-only --get-regexp http\.https\:\/\/github\.com\/\.extraheader
audit kyber-current / clang -Os	UNKNOWN STEP	2026-08-02T15:50:53.5485026Z http.https://github.com/.extraheader
audit kyber-current / clang -Os	UNKNOWN STEP	2026-08-02T15:50:53.5513916Z [command]/usr/bin/git config --local --unset-all http.https://github.com/.extraheader
audit kyber-current / clang -Os	UNKNOWN STEP	2026-08-02T15:50:53.5553784Z [command]/usr/bin/git submodule foreach --recursive sh -c "git config --local --name-only --get-regexp 'http\.https\:\/\/github\.com\/\.extraheader' && git config --local --unset-all 'http.https://github.com/.extraheader' || :"
audit kyber-current / clang -Os	UNKNOWN STEP	2026-08-02T15:50:53.5913739Z [command]/usr/bin/git config --local --name-only --get-regexp ^includeIf\.gitdir:
audit kyber-current / clang -Os	UNKNOWN STEP	2026-08-02T15:50:53.5969162Z [command]/usr/bin/git submodule foreach --recursive git config --local --show-origin --name-only --get-regexp remote.origin.url
audit kyber-current / clang -Os	UNKNOWN STEP	2026-08-02T15:50:53.6387878Z Cleaning up orphan processes
audit kyber-current / clang -Os	UNKNOWN STEP	2026-08-02T15:50:53.6672984Z ##[warning]Node.js 20 is deprecated. The following actions target Node.js 20 but are being forced to run on Node.js 24: actions/checkout@v4, actions/setup-python@v5, actions/upload-artifact@v4. For more information see: https://github.blog/changelog/2025-09-19-deprecation-of-node-20-on-github-actions-runners/
audit kyber-current / clang -O0	UNKNOWN STEP	﻿2026-08-02T15:50:32.8536303Z Current runner version: '2.336.0'
audit kyber-current / clang -O0	UNKNOWN STEP	2026-08-02T15:50:32.8560747Z ##[group]Runner Image Provisioner
audit kyber-current / clang -O0	UNKNOWN STEP	2026-08-02T15:50:32.8561665Z Hosted Compute Agent
audit kyber-current / clang -O0	UNKNOWN STEP	2026-08-02T15:50:32.8562264Z Version: 20260707.563
audit kyber-current / clang -O0	UNKNOWN STEP	2026-08-02T15:50:32.8562960Z Commit: 02667638d2b423fbc733a8e32a88b44996a3ba6e
audit kyber-current / clang -O0	UNKNOWN STEP	2026-08-02T15:50:32.8563718Z Build Date: 2026-07-07T19:33:50Z
audit kyber-current / clang -O0	UNKNOWN STEP	2026-08-02T15:50:32.8564659Z Worker ID: {bce7f9c3-7353-48e6-9910-df1a9500a98d}
audit kyber-current / clang -O0	UNKNOWN STEP	2026-08-02T15:50:32.8565539Z Azure Region: northcentralus
audit kyber-current / clang -O0	UNKNOWN STEP	2026-08-02T15:50:32.8566162Z ##[endgroup]
audit kyber-current / clang -O0	UNKNOWN STEP	2026-08-02T15:50:32.8567688Z ##[group]Operating System
audit kyber-current / clang -O0	UNKNOWN STEP	2026-08-02T15:50:32.8568388Z Ubuntu
audit kyber-current / clang -O0	UNKNOWN STEP	2026-08-02T15:50:32.8568970Z 24.04.4
audit kyber-current / clang -O0	UNKNOWN STEP	2026-08-02T15:50:32.8569629Z LTS
audit kyber-current / clang -O0	UNKNOWN STEP	2026-08-02T15:50:32.8570198Z ##[endgroup]
audit kyber-current / clang -O0	UNKNOWN STEP	2026-08-02T15:50:32.8570780Z ##[group]Runner Image
audit kyber-current / clang -O0	UNKNOWN STEP	2026-08-02T15:50:32.8571458Z Image: ubuntu-24.04
audit kyber-current / clang -O0	UNKNOWN STEP	2026-08-02T15:50:32.8572026Z Version: 20260720.247.2
audit kyber-current / clang -O0	UNKNOWN STEP	2026-08-02T15:50:32.8573770Z Included Software: https://github.com/actions/runner-images/blob/ubuntu24/20260720.247/images/ubuntu/Ubuntu2404-Readme.md
audit kyber-current / clang -O0	UNKNOWN STEP	2026-08-02T15:50:32.8575911Z Image Release: https://github.com/actions/runner-images/releases/tag/ubuntu24%2F20260720.247
audit kyber-current / clang -O0	UNKNOWN STEP	2026-08-02T15:50:32.8576935Z ##[endgroup]
audit kyber-current / clang -O0	UNKNOWN STEP	2026-08-02T15:50:32.8578350Z ##[group]GITHUB_TOKEN Permissions
audit kyber-current / clang -O0	UNKNOWN STEP	2026-08-02T15:50:32.8580609Z Contents: read
audit kyber-current / clang -O0	UNKNOWN STEP	2026-08-02T15:50:32.8581214Z Metadata: read
audit kyber-current / clang -O0	UNKNOWN STEP	2026-08-02T15:50:32.8581857Z Packages: read
audit kyber-current / clang -O0	UNKNOWN STEP	2026-08-02T15:50:32.8582425Z ##[endgroup]
audit kyber-current / clang -O0	UNKNOWN STEP	2026-08-02T15:50:32.8584973Z Secret source: Actions
audit kyber-current / clang -O0	UNKNOWN STEP	2026-08-02T15:50:32.8586463Z Prepare workflow directory
audit kyber-current / clang -O0	UNKNOWN STEP	2026-08-02T15:50:32.8938107Z Prepare all required actions
audit kyber-current / clang -O0	UNKNOWN STEP	2026-08-02T15:50:32.8987101Z Getting action download info
audit kyber-current / clang -O0	UNKNOWN STEP	2026-08-02T15:50:33.1516264Z Download action repository 'actions/checkout@v4' (SHA:11d5960a326750d5838078e36cf38b85af677262)
audit kyber-current / clang -O0	UNKNOWN STEP	2026-08-02T15:50:33.5057588Z Download action repository 'actions/setup-python@v5' (SHA:a26af69be951a213d495a4c3e4e4022e16d87065)
audit kyber-current / clang -O0	UNKNOWN STEP	2026-08-02T15:50:33.5927089Z Download action repository 'actions/upload-artifact@v4' (SHA:ea165f8d65b6e75b540449e92b4886f43607fa02)
audit kyber-current / clang -O0	UNKNOWN STEP	2026-08-02T15:50:33.8373231Z Complete job name: audit kyber-current / clang -O0
audit kyber-current / clang -O0	UNKNOWN STEP	2026-08-02T15:50:33.9350534Z Node 20 is being deprecated. This workflow is running with Node 24 by default. If you need to temporarily use Node 20, you can set the ACTIONS_ALLOW_USE_UNSECURE_NODE_VERSION=true environment variable. For more information see: https://github.blog/changelog/2025-09-19-deprecation-of-node-20-on-github-actions-runners/
audit kyber-current / clang -O0	UNKNOWN STEP	2026-08-02T15:50:33.9361968Z ##[group]Run actions/checkout@v4
audit kyber-current / clang -O0	UNKNOWN STEP	2026-08-02T15:50:33.9363194Z with:
audit kyber-current / clang -O0	UNKNOWN STEP	2026-08-02T15:50:33.9364255Z   repository: Ace7111/kyberslash-evaluation
audit kyber-current / clang -O0	UNKNOWN STEP	2026-08-02T15:50:33.9374770Z   token: ***
audit kyber-current / clang -O0	UNKNOWN STEP	2026-08-02T15:50:33.9376027Z   ssh-strict: true
audit kyber-current / clang -O0	UNKNOWN STEP	2026-08-02T15:50:33.9377036Z   ssh-user: git
audit kyber-current / clang -O0	UNKNOWN STEP	2026-08-02T15:50:33.9378054Z   persist-credentials: true
audit kyber-current / clang -O0	UNKNOWN STEP	2026-08-02T15:50:33.9379197Z   clean: true
audit kyber-current / clang -O0	UNKNOWN STEP	2026-08-02T15:50:33.9380202Z   sparse-checkout-cone-mode: true
audit kyber-current / clang -O0	UNKNOWN STEP	2026-08-02T15:50:33.9381268Z   fetch-depth: 1
audit kyber-current / clang -O0	UNKNOWN STEP	2026-08-02T15:50:33.9382261Z   fetch-tags: false
audit kyber-current / clang -O0	UNKNOWN STEP	2026-08-02T15:50:33.9383282Z   show-progress: true
audit kyber-current / clang -O0	UNKNOWN STEP	2026-08-02T15:50:33.9384523Z   lfs: false
audit kyber-current / clang -O0	UNKNOWN STEP	2026-08-02T15:50:33.9385384Z   submodules: false
audit kyber-current / clang -O0	UNKNOWN STEP	2026-08-02T15:50:33.9386237Z   set-safe-directory: true
audit kyber-current / clang -O0	UNKNOWN STEP	2026-08-02T15:50:33.9387256Z   allow-unsafe-pr-checkout: false
audit kyber-current / clang -O0	UNKNOWN STEP	2026-08-02T15:50:33.9388749Z ##[endgroup]
audit kyber-current / clang -O0	UNKNOWN STEP	2026-08-02T15:50:34.0424867Z Syncing repository: Ace7111/kyberslash-evaluation
audit kyber-current / clang -O0	UNKNOWN STEP	2026-08-02T15:50:34.0427678Z ##[group]Getting Git version info
audit kyber-current / clang -O0	UNKNOWN STEP	2026-08-02T15:50:34.0429330Z Working directory is '/home/runner/work/kyberslash-evaluation/kyberslash-evaluation'
audit kyber-current / clang -O0	UNKNOWN STEP	2026-08-02T15:50:34.0431696Z [command]/usr/bin/git version
audit kyber-current / clang -O0	UNKNOWN STEP	2026-08-02T15:50:34.0462470Z git version 2.54.0
audit kyber-current / clang -O0	UNKNOWN STEP	2026-08-02T15:50:34.0487790Z ##[endgroup]
audit kyber-current / clang -O0	UNKNOWN STEP	2026-08-02T15:50:34.0502763Z Temporarily overriding HOME='/home/runner/work/_temp/de112a6a-2d69-496e-8493-6ce8f2394ce3' before making global git config changes
audit kyber-current / clang -O0	UNKNOWN STEP	2026-08-02T15:50:34.0508054Z Adding repository directory to the temporary git global config as a safe directory
audit kyber-current / clang -O0	UNKNOWN STEP	2026-08-02T15:50:34.0512658Z [command]/usr/bin/git config --global --add safe.directory /home/runner/work/kyberslash-evaluation/kyberslash-evaluation
audit kyber-current / clang -O0	UNKNOWN STEP	2026-08-02T15:50:34.0579290Z Deleting the contents of '/home/runner/work/kyberslash-evaluation/kyberslash-evaluation'
audit kyber-current / clang -O0	UNKNOWN STEP	2026-08-02T15:50:34.0584456Z ##[group]Initializing the repository
audit kyber-current / clang -O0	UNKNOWN STEP	2026-08-02T15:50:34.0590447Z [command]/usr/bin/git init /home/runner/work/kyberslash-evaluation/kyberslash-evaluation
audit kyber-current / clang -O0	UNKNOWN STEP	2026-08-02T15:50:34.0685968Z hint: Using 'master' as the name for the initial branch. This default branch name
audit kyber-current / clang -O0	UNKNOWN STEP	2026-08-02T15:50:34.0688710Z hint: will change to "main" in Git 3.0. To configure the initial branch name
audit kyber-current / clang -O0	UNKNOWN STEP	2026-08-02T15:50:34.0692794Z hint: to use in all of your new repositories, which will suppress this warning,
audit kyber-current / clang -O0	UNKNOWN STEP	2026-08-02T15:50:34.0696248Z hint: call:
audit kyber-current / clang -O0	UNKNOWN STEP	2026-08-02T15:50:34.0697862Z hint:
audit kyber-current / clang -O0	UNKNOWN STEP	2026-08-02T15:50:34.0700211Z hint: 	git config --global init.defaultBranch <name>
audit kyber-current / clang -O0	UNKNOWN STEP	2026-08-02T15:50:34.0702811Z hint:
audit kyber-current / clang -O0	UNKNOWN STEP	2026-08-02T15:50:34.0705382Z hint: Names commonly chosen instead of 'master' are 'main', 'trunk' and
audit kyber-current / clang -O0	UNKNOWN STEP	2026-08-02T15:50:34.0709079Z hint: 'development'. The just-created branch can be renamed via this command:
audit kyber-current / clang -O0	UNKNOWN STEP	2026-08-02T15:50:34.0711589Z hint:
audit kyber-current / clang -O0	UNKNOWN STEP	2026-08-02T15:50:34.0713054Z hint: 	git branch -m <name>
audit kyber-current / clang -O0	UNKNOWN STEP	2026-08-02T15:50:34.0714879Z hint:
audit kyber-current / clang -O0	UNKNOWN STEP	2026-08-02T15:50:34.0717232Z hint: Disable this message with "git config set advice.defaultBranchName false"
audit kyber-current / clang -O0	UNKNOWN STEP	2026-08-02T15:50:34.0722695Z Initialized empty Git repository in /home/runner/work/kyberslash-evaluation/kyberslash-evaluation/.git/
audit kyber-current / clang -O0	UNKNOWN STEP	2026-08-02T15:50:34.0727279Z [command]/usr/bin/git remote add origin https://github.com/Ace7111/kyberslash-evaluation
audit kyber-current / clang -O0	UNKNOWN STEP	2026-08-02T15:50:34.0753587Z ##[endgroup]
audit kyber-current / clang -O0	UNKNOWN STEP	2026-08-02T15:50:34.0764493Z ##[group]Disabling automatic garbage collection
audit kyber-current / clang -O0	UNKNOWN STEP	2026-08-02T15:50:34.0766696Z [command]/usr/bin/git config --local gc.auto 0
audit kyber-current / clang -O0	UNKNOWN STEP	2026-08-02T15:50:34.0791330Z ##[endgroup]
audit kyber-current / clang -O0	UNKNOWN STEP	2026-08-02T15:50:34.0794150Z ##[group]Setting up auth
audit kyber-current / clang -O0	UNKNOWN STEP	2026-08-02T15:50:34.0798568Z [command]/usr/bin/git config --local --name-only --get-regexp core\.sshCommand
audit kyber-current / clang -O0	UNKNOWN STEP	2026-08-02T15:50:34.0835595Z [command]/usr/bin/git submodule foreach --recursive sh -c "git config --local --name-only --get-regexp 'core\.sshCommand' && git config --local --unset-all 'core.sshCommand' || :"
audit kyber-current / clang -O0	UNKNOWN STEP	2026-08-02T15:50:34.1208743Z [command]/usr/bin/git config --local --name-only --get-regexp http\.https\:\/\/github\.com\/\.extraheader
audit kyber-current / clang -O0	UNKNOWN STEP	2026-08-02T15:50:34.1250626Z [command]/usr/bin/git submodule foreach --recursive sh -c "git config --local --name-only --get-regexp 'http\.https\:\/\/github\.com\/\.extraheader' && git config --local --unset-all 'http.https://github.com/.extraheader' || :"
audit kyber-current / clang -O0	UNKNOWN STEP	2026-08-02T15:50:34.1488879Z [command]/usr/bin/git config --local --name-only --get-regexp ^includeIf\.gitdir:
audit kyber-current / clang -O0	UNKNOWN STEP	2026-08-02T15:50:34.1525568Z [command]/usr/bin/git submodule foreach --recursive git config --local --show-origin --name-only --get-regexp remote.origin.url
audit kyber-current / clang -O0	UNKNOWN STEP	2026-08-02T15:50:34.1751503Z [command]/usr/bin/git config --local http.https://github.com/.extraheader AUTHORIZATION: basic ***
audit kyber-current / clang -O0	UNKNOWN STEP	2026-08-02T15:50:34.1790975Z ##[endgroup]
audit kyber-current / clang -O0	UNKNOWN STEP	2026-08-02T15:50:34.1792520Z ##[group]Fetching the repository
audit kyber-current / clang -O0	UNKNOWN STEP	2026-08-02T15:50:34.1802383Z [command]/usr/bin/git -c protocol.version=2 fetch --no-tags --prune --no-recurse-submodules --depth=1 origin +c36da0f41ae2be8e5a855b5edf63e5074665cffa:refs/remotes/origin/main
audit kyber-current / clang -O0	UNKNOWN STEP	2026-08-02T15:50:34.5116745Z From https://github.com/Ace7111/kyberslash-evaluation
audit kyber-current / clang -O0	UNKNOWN STEP	2026-08-02T15:50:34.5118320Z  * [new ref]         c36da0f41ae2be8e5a855b5edf63e5074665cffa -> origin/main
audit kyber-current / clang -O0	UNKNOWN STEP	2026-08-02T15:50:34.5151622Z ##[endgroup]
audit kyber-current / clang -O0	UNKNOWN STEP	2026-08-02T15:50:34.5152258Z ##[group]Determining the checkout info
audit kyber-current / clang -O0	UNKNOWN STEP	2026-08-02T15:50:34.5154837Z ##[endgroup]
audit kyber-current / clang -O0	UNKNOWN STEP	2026-08-02T15:50:34.5160634Z [command]/usr/bin/git sparse-checkout disable
audit kyber-current / clang -O0	UNKNOWN STEP	2026-08-02T15:50:34.5210434Z [command]/usr/bin/git config --local --unset-all extensions.worktreeConfig
audit kyber-current / clang -O0	UNKNOWN STEP	2026-08-02T15:50:34.5242664Z ##[group]Checking out the ref
audit kyber-current / clang -O0	UNKNOWN STEP	2026-08-02T15:50:34.5248304Z [command]/usr/bin/git checkout --progress --force -B main refs/remotes/origin/main
audit kyber-current / clang -O0	UNKNOWN STEP	2026-08-02T15:50:34.5411245Z Switched to a new branch 'main'
audit kyber-current / clang -O0	UNKNOWN STEP	2026-08-02T15:50:34.5415074Z branch 'main' set up to track 'origin/main'.
audit kyber-current / clang -O0	UNKNOWN STEP	2026-08-02T15:50:34.5421349Z ##[endgroup]
audit kyber-current / clang -O0	UNKNOWN STEP	2026-08-02T15:50:34.5464657Z [command]/usr/bin/git log -1 --format=%H
audit kyber-current / clang -O0	UNKNOWN STEP	2026-08-02T15:50:34.5491741Z c36da0f41ae2be8e5a855b5edf63e5074665cffa
audit kyber-current / clang -O0	UNKNOWN STEP	2026-08-02T15:50:34.5775032Z Node 20 is being deprecated. This workflow is running with Node 24 by default. If you need to temporarily use Node 20, you can set the ACTIONS_ALLOW_USE_UNSECURE_NODE_VERSION=true environment variable. For more information see: https://github.blog/changelog/2025-09-19-deprecation-of-node-20-on-github-actions-runners/
audit kyber-current / clang -O0	UNKNOWN STEP	2026-08-02T15:50:34.5777392Z ##[group]Run actions/setup-python@v5
audit kyber-current / clang -O0	UNKNOWN STEP	2026-08-02T15:50:34.5777821Z with:
audit kyber-current / clang -O0	UNKNOWN STEP	2026-08-02T15:50:34.5778165Z   python-version: 3.12
audit kyber-current / clang -O0	UNKNOWN STEP	2026-08-02T15:50:34.5778548Z   check-latest: false
audit kyber-current / clang -O0	UNKNOWN STEP	2026-08-02T15:50:34.5781265Z   token: ***
audit kyber-current / clang -O0	UNKNOWN STEP	2026-08-02T15:50:34.5781637Z   update-environment: true
audit kyber-current / clang -O0	UNKNOWN STEP	2026-08-02T15:50:34.5782038Z   allow-prereleases: false
audit kyber-current / clang -O0	UNKNOWN STEP	2026-08-02T15:50:34.5782424Z   freethreaded: false
audit kyber-current / clang -O0	UNKNOWN STEP	2026-08-02T15:50:34.5782784Z ##[endgroup]
audit kyber-current / clang -O0	UNKNOWN STEP	2026-08-02T15:50:34.7082677Z ##[group]Installed versions
audit kyber-current / clang -O0	UNKNOWN STEP	2026-08-02T15:50:34.7220783Z (node:2376) [DEP0040] DeprecationWarning: The `punycode` module is deprecated. Please use a userland alternative instead.
audit kyber-current / clang -O0	UNKNOWN STEP	2026-08-02T15:50:34.7222504Z (Use `node --trace-deprecation ...` to show where the warning was created)
audit kyber-current / clang -O0	UNKNOWN STEP	2026-08-02T15:50:34.7226652Z Successfully set up CPython (3.12.13)
audit kyber-current / clang -O0	UNKNOWN STEP	2026-08-02T15:50:34.7227963Z ##[endgroup]
audit kyber-current / clang -O0	UNKNOWN STEP	2026-08-02T15:50:34.7400510Z ##[group]Run git clone --quiet https://github.com/pq-crystals/kyber.git targets/pq-crystals-kyber
audit kyber-current / clang -O0	UNKNOWN STEP	2026-08-02T15:50:34.7402024Z ^[[36;1mgit clone --quiet https://github.com/pq-crystals/kyber.git targets/pq-crystals-kyber^[[0m
audit kyber-current / clang -O0	UNKNOWN STEP	2026-08-02T15:50:34.7482633Z shell: /usr/bin/bash -e {0}
audit kyber-current / clang -O0	UNKNOWN STEP	2026-08-02T15:50:34.7483310Z env:
audit kyber-current / clang -O0	UNKNOWN STEP	2026-08-02T15:50:34.7484540Z   pythonLocation: /opt/hostedtoolcache/Python/3.12.13/x64
audit kyber-current / clang -O0	UNKNOWN STEP	2026-08-02T15:50:34.7485589Z   PKG_CONFIG_PATH: /opt/hostedtoolcache/Python/3.12.13/x64/lib/pkgconfig
audit kyber-current / clang -O0	UNKNOWN STEP	2026-08-02T15:50:34.7486523Z   Python_ROOT_DIR: /opt/hostedtoolcache/Python/3.12.13/x64
audit kyber-current / clang -O0	UNKNOWN STEP	2026-08-02T15:50:34.7487401Z   Python2_ROOT_DIR: /opt/hostedtoolcache/Python/3.12.13/x64
audit kyber-current / clang -O0	UNKNOWN STEP	2026-08-02T15:50:34.7488230Z   Python3_ROOT_DIR: /opt/hostedtoolcache/Python/3.12.13/x64
audit kyber-current / clang -O0	UNKNOWN STEP	2026-08-02T15:50:34.7489056Z   LD_LIBRARY_PATH: /opt/hostedtoolcache/Python/3.12.13/x64/lib
audit kyber-current / clang -O0	UNKNOWN STEP	2026-08-02T15:50:34.7489768Z ##[endgroup]
audit kyber-current / clang -O0	UNKNOWN STEP	2026-08-02T15:50:35.2036398Z ##[group]Run clang --version
audit kyber-current / clang -O0	UNKNOWN STEP	2026-08-02T15:50:35.2036892Z ^[[36;1mclang --version^[[0m
audit kyber-current / clang -O0	UNKNOWN STEP	2026-08-02T15:50:35.2037291Z ^[[36;1mobjdump --version | head -1^[[0m
audit kyber-current / clang -O0	UNKNOWN STEP	2026-08-02T15:50:35.2037690Z ^[[36;1muname -m^[[0m
audit kyber-current / clang -O0	UNKNOWN STEP	2026-08-02T15:50:35.2087418Z shell: /usr/bin/bash -e {0}
audit kyber-current / clang -O0	UNKNOWN STEP	2026-08-02T15:50:35.2087852Z env:
audit kyber-current / clang -O0	UNKNOWN STEP	2026-08-02T15:50:35.2088286Z   pythonLocation: /opt/hostedtoolcache/Python/3.12.13/x64
audit kyber-current / clang -O0	UNKNOWN STEP	2026-08-02T15:50:35.2088948Z   PKG_CONFIG_PATH: /opt/hostedtoolcache/Python/3.12.13/x64/lib/pkgconfig
audit kyber-current / clang -O0	UNKNOWN STEP	2026-08-02T15:50:35.2089592Z   Python_ROOT_DIR: /opt/hostedtoolcache/Python/3.12.13/x64
audit kyber-current / clang -O0	UNKNOWN STEP	2026-08-02T15:50:35.2090187Z   Python2_ROOT_DIR: /opt/hostedtoolcache/Python/3.12.13/x64
audit kyber-current / clang -O0	UNKNOWN STEP	2026-08-02T15:50:35.2090782Z   Python3_ROOT_DIR: /opt/hostedtoolcache/Python/3.12.13/x64
audit kyber-current / clang -O0	UNKNOWN STEP	2026-08-02T15:50:35.2091400Z   LD_LIBRARY_PATH: /opt/hostedtoolcache/Python/3.12.13/x64/lib
audit kyber-current / clang -O0	UNKNOWN STEP	2026-08-02T15:50:35.2091918Z ##[endgroup]
audit kyber-current / clang -O0	UNKNOWN STEP	2026-08-02T15:50:35.4741957Z Ubuntu clang version 18.1.3 (1ubuntu1)
audit kyber-current / clang -O0	UNKNOWN STEP	2026-08-02T15:50:35.4742851Z Target: x86_64-pc-linux-gnu
audit kyber-current / clang -O0	UNKNOWN STEP	2026-08-02T15:50:35.4743464Z Thread model: posix
audit kyber-current / clang -O0	UNKNOWN STEP	2026-08-02T15:50:35.4744622Z InstalledDir: /usr/bin
audit kyber-current / clang -O0	UNKNOWN STEP	2026-08-02T15:50:35.5634738Z GNU objdump (GNU Binutils for Ubuntu) 2.42
audit kyber-current / clang -O0	UNKNOWN STEP	2026-08-02T15:50:35.5648749Z x86_64
audit kyber-current / clang -O0	UNKNOWN STEP	2026-08-02T15:50:35.5694812Z ##[group]Run # NOTE the "=" on --opt-levels. Without it argparse reads a value like
audit kyber-current / clang -O0	UNKNOWN STEP	2026-08-02T15:50:35.5695603Z ^[[36;1m# NOTE the "=" on --opt-levels. Without it argparse reads a value like^[[0m
audit kyber-current / clang -O0	UNKNOWN STEP	2026-08-02T15:50:35.5696262Z ^[[36;1m# "-Os" as a flag and the run fails with "expected at least one argument".^[[0m
audit kyber-current / clang -O0	UNKNOWN STEP	2026-08-02T15:50:35.5696815Z ^[[36;1mpython3 scripts/build_matrix.py \^[[0m
audit kyber-current / clang -O0	UNKNOWN STEP	2026-08-02T15:50:35.5697249Z ^[[36;1m  --targets kyber-current \^[[0m
audit kyber-current / clang -O0	UNKNOWN STEP	2026-08-02T15:50:35.5697828Z ^[[36;1m  --compilers clang \^[[0m
audit kyber-current / clang -O0	UNKNOWN STEP	2026-08-02T15:50:35.5698206Z ^[[36;1m  --opt-levels='-O0' \^[[0m
audit kyber-current / clang -O0	UNKNOWN STEP	2026-08-02T15:50:35.5698598Z ^[[36;1m  --out audit.json^[[0m
audit kyber-current / clang -O0	UNKNOWN STEP	2026-08-02T15:50:35.5748543Z shell: /usr/bin/bash -e {0}
audit kyber-current / clang -O0	UNKNOWN STEP	2026-08-02T15:50:35.5748943Z env:
audit kyber-current / clang -O0	UNKNOWN STEP	2026-08-02T15:50:35.5749350Z   pythonLocation: /opt/hostedtoolcache/Python/3.12.13/x64
audit kyber-current / clang -O0	UNKNOWN STEP	2026-08-02T15:50:35.5749953Z   PKG_CONFIG_PATH: /opt/hostedtoolcache/Python/3.12.13/x64/lib/pkgconfig
audit kyber-current / clang -O0	UNKNOWN STEP	2026-08-02T15:50:35.5750594Z   Python_ROOT_DIR: /opt/hostedtoolcache/Python/3.12.13/x64
audit kyber-current / clang -O0	UNKNOWN STEP	2026-08-02T15:50:35.5751144Z   Python2_ROOT_DIR: /opt/hostedtoolcache/Python/3.12.13/x64
audit kyber-current / clang -O0	UNKNOWN STEP	2026-08-02T15:50:35.5751704Z   Python3_ROOT_DIR: /opt/hostedtoolcache/Python/3.12.13/x64
audit kyber-current / clang -O0	UNKNOWN STEP	2026-08-02T15:50:35.5752268Z   LD_LIBRARY_PATH: /opt/hostedtoolcache/Python/3.12.13/x64/lib
audit kyber-current / clang -O0	UNKNOWN STEP	2026-08-02T15:50:35.5752752Z ##[endgroup]
audit kyber-current / clang -O0	UNKNOWN STEP	2026-08-02T15:50:40.7449128Z [NO_SECRET_DEPENDENT_DIV ] kyber-current_clang_O0_768  secret_div=0 total_div=3
audit kyber-current / clang -O0	UNKNOWN STEP	2026-08-02T15:50:40.7449938Z 
audit kyber-current / clang -O0	UNKNOWN STEP	2026-08-02T15:50:40.7450231Z Wrote 1 cells to audit.json
audit kyber-current / clang -O0	UNKNOWN STEP	2026-08-02T15:50:40.7568254Z ##[group]Run python3 - <<'PY'
audit kyber-current / clang -O0	UNKNOWN STEP	2026-08-02T15:50:40.7568643Z ^[[36;1mpython3 - <<'PY'^[[0m
audit kyber-current / clang -O0	UNKNOWN STEP	2026-08-02T15:50:40.7568918Z ^[[36;1mimport json, sys^[[0m
audit kyber-current / clang -O0	UNKNOWN STEP	2026-08-02T15:50:40.7569221Z ^[[36;1mrows = json.load(open("audit.json"))^[[0m
audit kyber-current / clang -O0	UNKNOWN STEP	2026-08-02T15:50:40.7569552Z ^[[36;1m^[[0m
audit kyber-current / clang -O0	UNKNOWN STEP	2026-08-02T15:50:40.7569852Z ^[[36;1mgated = [r for r in rows if r.get("gate_failed_at")]^[[0m
audit kyber-current / clang -O0	UNKNOWN STEP	2026-08-02T15:50:40.7570229Z ^[[36;1mfor r in gated:^[[0m
audit kyber-current / clang -O0	UNKNOWN STEP	2026-08-02T15:50:40.7570573Z ^[[36;1m    print(f"::warning::{r['experiment_id']} failed at "^[[0m
audit kyber-current / clang -O0	UNKNOWN STEP	2026-08-02T15:50:40.7571024Z ^[[36;1m          f"{r['gate_failed_at']} - no security verdict produced")^[[0m
audit kyber-current / clang -O0	UNKNOWN STEP	2026-08-02T15:50:40.7571401Z ^[[36;1m^[[0m
audit kyber-current / clang -O0	UNKNOWN STEP	2026-08-02T15:50:40.7571740Z ^[[36;1mvulnerable = [r for r in rows if r.get("verdict") == "VULNERABLE"]^[[0m
audit kyber-current / clang -O0	UNKNOWN STEP	2026-08-02T15:50:40.7572196Z ^[[36;1mfor r in vulnerable:^[[0m
audit kyber-current / clang -O0	UNKNOWN STEP	2026-08-02T15:50:40.7572554Z ^[[36;1m    fns = ", ".join(r.get("vulnerable_functions", []))^[[0m
audit kyber-current / clang -O0	UNKNOWN STEP	2026-08-02T15:50:40.7573030Z ^[[36;1m    variants = ", ".join(r.get("kyberslash_variants", []))^[[0m
audit kyber-current / clang -O0	UNKNOWN STEP	2026-08-02T15:50:40.7573542Z ^[[36;1m    print(f"::error::{r['experiment_id']}: secret-dependent division in "^[[0m
audit kyber-current / clang -O0	UNKNOWN STEP	2026-08-02T15:50:40.7574278Z ^[[36;1m          f"{fns} ({variants})")^[[0m
audit kyber-current / clang -O0	UNKNOWN STEP	2026-08-02T15:50:40.7574598Z ^[[36;1m^[[0m
audit kyber-current / clang -O0	UNKNOWN STEP	2026-08-02T15:50:40.7574830Z ^[[36;1mif vulnerable:^[[0m
audit kyber-current / clang -O0	UNKNOWN STEP	2026-08-02T15:50:40.7575097Z ^[[36;1m    sys.exit(1)^[[0m
audit kyber-current / clang -O0	UNKNOWN STEP	2026-08-02T15:50:40.7575368Z ^[[36;1m^[[0m
audit kyber-current / clang -O0	UNKNOWN STEP	2026-08-02T15:50:40.7575680Z ^[[36;1maudited = [r for r in rows if not r.get("gate_failed_at")]^[[0m
audit kyber-current / clang -O0	UNKNOWN STEP	2026-08-02T15:50:40.7576075Z ^[[36;1mif not audited:^[[0m
audit kyber-current / clang -O0	UNKNOWN STEP	2026-08-02T15:50:40.7576488Z ^[[36;1m    print("::error::no cell produced a verdict - nothing was actually audited")^[[0m
audit kyber-current / clang -O0	UNKNOWN STEP	2026-08-02T15:50:40.7576941Z ^[[36;1m    sys.exit(1)^[[0m
audit kyber-current / clang -O0	UNKNOWN STEP	2026-08-02T15:50:40.7577197Z ^[[36;1m^[[0m
audit kyber-current / clang -O0	UNKNOWN STEP	2026-08-02T15:50:40.7577565Z ^[[36;1m# Incidental divisions are expected and must not fail the build. Reporting^[[0m
audit kyber-current / clang -O0	UNKNOWN STEP	2026-08-02T15:50:40.7578169Z ^[[36;1m# them keeps the distinction visible: a correctly patched binary still^[[0m
audit kyber-current / clang -O0	UNKNOWN STEP	2026-08-02T15:50:40.7578759Z ^[[36;1m# contains divisions in Keccak and rejection sampling, and a check that^[[0m
audit kyber-current / clang -O0	UNKNOWN STEP	2026-08-02T15:50:40.7579317Z ^[[36;1m# merely grepped for a division mnemonic would reject it.^[[0m
audit kyber-current / clang -O0	UNKNOWN STEP	2026-08-02T15:50:40.7579729Z ^[[36;1mfor r in audited:^[[0m
audit kyber-current / clang -O0	UNKNOWN STEP	2026-08-02T15:50:40.7580041Z ^[[36;1m    print(f"{r['experiment_id']}: clean "^[[0m
audit kyber-current / clang -O0	UNKNOWN STEP	2026-08-02T15:50:40.7580467Z ^[[36;1m          f"({r.get('total_divisions', 0)} incidental division(s))")^[[0m
audit kyber-current / clang -O0	UNKNOWN STEP	2026-08-02T15:50:40.7580861Z ^[[36;1mPY^[[0m
audit kyber-current / clang -O0	UNKNOWN STEP	2026-08-02T15:50:40.7625139Z shell: /usr/bin/bash -e {0}
audit kyber-current / clang -O0	UNKNOWN STEP	2026-08-02T15:50:40.7625441Z env:
audit kyber-current / clang -O0	UNKNOWN STEP	2026-08-02T15:50:40.7625746Z   pythonLocation: /opt/hostedtoolcache/Python/3.12.13/x64
audit kyber-current / clang -O0	UNKNOWN STEP	2026-08-02T15:50:40.7626239Z   PKG_CONFIG_PATH: /opt/hostedtoolcache/Python/3.12.13/x64/lib/pkgconfig
audit kyber-current / clang -O0	UNKNOWN STEP	2026-08-02T15:50:40.7626723Z   Python_ROOT_DIR: /opt/hostedtoolcache/Python/3.12.13/x64
audit kyber-current / clang -O0	UNKNOWN STEP	2026-08-02T15:50:40.7627166Z   Python2_ROOT_DIR: /opt/hostedtoolcache/Python/3.12.13/x64
audit kyber-current / clang -O0	UNKNOWN STEP	2026-08-02T15:50:40.7627607Z   Python3_ROOT_DIR: /opt/hostedtoolcache/Python/3.12.13/x64
audit kyber-current / clang -O0	UNKNOWN STEP	2026-08-02T15:50:40.7628292Z   LD_LIBRARY_PATH: /opt/hostedtoolcache/Python/3.12.13/x64/lib
audit kyber-current / clang -O0	UNKNOWN STEP	2026-08-02T15:50:40.7628679Z ##[endgroup]
audit kyber-current / clang -O0	UNKNOWN STEP	2026-08-02T15:50:40.7879378Z EXP-kyber-current_clang_O0_768: clean (3 incidental division(s))
audit kyber-current / clang -O0	UNKNOWN STEP	2026-08-02T15:50:40.7976490Z Node 20 is being deprecated. This workflow is running with Node 24 by default. If you need to temporarily use Node 20, you can set the ACTIONS_ALLOW_USE_UNSECURE_NODE_VERSION=true environment variable. For more information see: https://github.blog/changelog/2025-09-19-deprecation-of-node-20-on-github-actions-runners/
audit kyber-current / clang -O0	UNKNOWN STEP	2026-08-02T15:50:40.7977822Z ##[group]Run actions/upload-artifact@v4
audit kyber-current / clang -O0	UNKNOWN STEP	2026-08-02T15:50:40.7978131Z with:
audit kyber-current / clang -O0	UNKNOWN STEP	2026-08-02T15:50:40.7978376Z   name: audit-kyber-current-clang--O0
audit kyber-current / clang -O0	UNKNOWN STEP	2026-08-02T15:50:40.7978680Z   path: audit.json
audit kyber-current / clang -O0	UNKNOWN STEP	2026-08-02T15:50:40.7978934Z   if-no-files-found: warn
audit kyber-current / clang -O0	UNKNOWN STEP	2026-08-02T15:50:40.7979203Z   compression-level: 6
audit kyber-current / clang -O0	UNKNOWN STEP	2026-08-02T15:50:40.7979454Z   overwrite: false
audit kyber-current / clang -O0	UNKNOWN STEP	2026-08-02T15:50:40.7979702Z   include-hidden-files: false
audit kyber-current / clang -O0	UNKNOWN STEP	2026-08-02T15:50:40.7979982Z env:
audit kyber-current / clang -O0	UNKNOWN STEP	2026-08-02T15:50:40.7980270Z   pythonLocation: /opt/hostedtoolcache/Python/3.12.13/x64
audit kyber-current / clang -O0	UNKNOWN STEP	2026-08-02T15:50:40.7980732Z   PKG_CONFIG_PATH: /opt/hostedtoolcache/Python/3.12.13/x64/lib/pkgconfig
audit kyber-current / clang -O0	UNKNOWN STEP	2026-08-02T15:50:40.7981214Z   Python_ROOT_DIR: /opt/hostedtoolcache/Python/3.12.13/x64
audit kyber-current / clang -O0	UNKNOWN STEP	2026-08-02T15:50:40.7981626Z   Python2_ROOT_DIR: /opt/hostedtoolcache/Python/3.12.13/x64
audit kyber-current / clang -O0	UNKNOWN STEP	2026-08-02T15:50:40.7982058Z   Python3_ROOT_DIR: /opt/hostedtoolcache/Python/3.12.13/x64
audit kyber-current / clang -O0	UNKNOWN STEP	2026-08-02T15:50:40.7982486Z   LD_LIBRARY_PATH: /opt/hostedtoolcache/Python/3.12.13/x64/lib
audit kyber-current / clang -O0	UNKNOWN STEP	2026-08-02T15:50:40.7982846Z ##[endgroup]
audit kyber-current / clang -O0	UNKNOWN STEP	2026-08-02T15:50:40.9619400Z (node:2424) [DEP0040] DeprecationWarning: The `punycode` module is deprecated. Please use a userland alternative instead.
audit kyber-current / clang -O0	UNKNOWN STEP	2026-08-02T15:50:40.9621119Z (Use `node --trace-deprecation ...` to show where the warning was created)
audit kyber-current / clang -O0	UNKNOWN STEP	2026-08-02T15:50:40.9671492Z With the provided path, there will be 1 file uploaded
audit kyber-current / clang -O0	UNKNOWN STEP	2026-08-02T15:50:40.9694543Z Artifact name is valid!
audit kyber-current / clang -O0	UNKNOWN STEP	2026-08-02T15:50:40.9695460Z Root directory input is valid!
audit kyber-current / clang -O0	UNKNOWN STEP	2026-08-02T15:50:41.1364684Z Beginning upload of artifact content to blob storage
audit kyber-current / clang -O0	UNKNOWN STEP	2026-08-02T15:50:41.1549825Z (node:2424) [DEP0169] DeprecationWarning: `url.parse()` behavior is not standardized and prone to errors that have security implications. Use the WHATWG URL API instead. CVEs are not issued for `url.parse()` vulnerabilities.
audit kyber-current / clang -O0	UNKNOWN STEP	2026-08-02T15:50:41.2547064Z Uploaded bytes 713
audit kyber-current / clang -O0	UNKNOWN STEP	2026-08-02T15:50:41.2845361Z Finished uploading artifact content to blob storage!
audit kyber-current / clang -O0	UNKNOWN STEP	2026-08-02T15:50:41.2847595Z SHA256 digest of uploaded artifact zip is eb370960b77edb90a5b5009e72653b137c7d6e87abcb808ee43437ade049d273
audit kyber-current / clang -O0	UNKNOWN STEP	2026-08-02T15:50:41.2855662Z Finalizing artifact upload
audit kyber-current / clang -O0	UNKNOWN STEP	2026-08-02T15:50:41.4532558Z Artifact audit-kyber-current-clang--O0.zip successfully finalized. Artifact ID 8835717548
audit kyber-current / clang -O0	UNKNOWN STEP	2026-08-02T15:50:41.4534825Z Artifact audit-kyber-current-clang--O0 has been successfully uploaded! Final size is 713 bytes. Artifact ID is 8835717548
audit kyber-current / clang -O0	UNKNOWN STEP	2026-08-02T15:50:41.4541463Z Artifact download URL: https://github.com/Ace7111/kyberslash-evaluation/actions/runs/30755244934/artifacts/8835717548
audit kyber-current / clang -O0	UNKNOWN STEP	2026-08-02T15:50:41.4725065Z Node 20 is being deprecated. This workflow is running with Node 24 by default. If you need to temporarily use Node 20, you can set the ACTIONS_ALLOW_USE_UNSECURE_NODE_VERSION=true environment variable. For more information see: https://github.blog/changelog/2025-09-19-deprecation-of-node-20-on-github-actions-runners/
audit kyber-current / clang -O0	UNKNOWN STEP	2026-08-02T15:50:41.4726440Z Post job cleanup.
audit kyber-current / clang -O0	UNKNOWN STEP	2026-08-02T15:50:41.5902442Z (node:2436) [DEP0040] DeprecationWarning: The `punycode` module is deprecated. Please use a userland alternative instead.
audit kyber-current / clang -O0	UNKNOWN STEP	2026-08-02T15:50:41.5903534Z (Use `node --trace-deprecation ...` to show where the warning was created)
audit kyber-current / clang -O0	UNKNOWN STEP	2026-08-02T15:50:41.6069359Z Node 20 is being deprecated. This workflow is running with Node 24 by default. If you need to temporarily use Node 20, you can set the ACTIONS_ALLOW_USE_UNSECURE_NODE_VERSION=true environment variable. For more information see: https://github.blog/changelog/2025-09-19-deprecation-of-node-20-on-github-actions-runners/
audit kyber-current / clang -O0	UNKNOWN STEP	2026-08-02T15:50:41.6070780Z Post job cleanup.
audit kyber-current / clang -O0	UNKNOWN STEP	2026-08-02T15:50:41.7101626Z [command]/usr/bin/git version
audit kyber-current / clang -O0	UNKNOWN STEP	2026-08-02T15:50:41.7144763Z git version 2.54.0
audit kyber-current / clang -O0	UNKNOWN STEP	2026-08-02T15:50:41.7214535Z Temporarily overriding HOME='/home/runner/work/_temp/b4512f36-95e3-46d1-9237-2d2ca79017e4' before making global git config changes
audit kyber-current / clang -O0	UNKNOWN STEP	2026-08-02T15:50:41.7232232Z Adding repository directory to the temporary git global config as a safe directory
audit kyber-current / clang -O0	UNKNOWN STEP	2026-08-02T15:50:41.7233780Z [command]/usr/bin/git config --global --add safe.directory /home/runner/work/kyberslash-evaluation/kyberslash-evaluation
audit kyber-current / clang -O0	UNKNOWN STEP	2026-08-02T15:50:41.7306156Z [command]/usr/bin/git config --local --name-only --get-regexp core\.sshCommand
audit kyber-current / clang -O0	UNKNOWN STEP	2026-08-02T15:50:41.7391283Z [command]/usr/bin/git submodule foreach --recursive sh -c "git config --local --name-only --get-regexp 'core\.sshCommand' && git config --local --unset-all 'core.sshCommand' || :"
audit kyber-current / clang -O0	UNKNOWN STEP	2026-08-02T15:50:41.7725372Z [command]/usr/bin/git config --local --name-only --get-regexp http\.https\:\/\/github\.com\/\.extraheader
audit kyber-current / clang -O0	UNKNOWN STEP	2026-08-02T15:50:41.7755329Z http.https://github.com/.extraheader
audit kyber-current / clang -O0	UNKNOWN STEP	2026-08-02T15:50:41.7772045Z [command]/usr/bin/git config --local --unset-all http.https://github.com/.extraheader
audit kyber-current / clang -O0	UNKNOWN STEP	2026-08-02T15:50:41.7820577Z [command]/usr/bin/git submodule foreach --recursive sh -c "git config --local --name-only --get-regexp 'http\.https\:\/\/github\.com\/\.extraheader' && git config --local --unset-all 'http.https://github.com/.extraheader' || :"
audit kyber-current / clang -O0	UNKNOWN STEP	2026-08-02T15:50:41.8170981Z [command]/usr/bin/git config --local --name-only --get-regexp ^includeIf\.gitdir:
audit kyber-current / clang -O0	UNKNOWN STEP	2026-08-02T15:50:41.8229250Z [command]/usr/bin/git submodule foreach --recursive git config --local --show-origin --name-only --get-regexp remote.origin.url
audit kyber-current / clang -O0	UNKNOWN STEP	2026-08-02T15:50:41.8671678Z Cleaning up orphan processes
audit kyber-current / clang -O0	UNKNOWN STEP	2026-08-02T15:50:41.8938037Z ##[warning]Node.js 20 is deprecated. The following actions target Node.js 20 but are being forced to run on Node.js 24: actions/checkout@v4, actions/setup-python@v5, actions/upload-artifact@v4. For more information see: https://github.blog/changelog/2025-09-19-deprecation-of-node-20-on-github-actions-runners/
audit kyber-vulnerable / gcc -O2	UNKNOWN STEP	﻿2026-08-02T15:50:34.3485451Z Current runner version: '2.336.0'
audit kyber-vulnerable / gcc -O2	UNKNOWN STEP	2026-08-02T15:50:34.3511039Z ##[group]Runner Image Provisioner
audit kyber-vulnerable / gcc -O2	UNKNOWN STEP	2026-08-02T15:50:34.3512545Z Hosted Compute Agent
audit kyber-vulnerable / gcc -O2	UNKNOWN STEP	2026-08-02T15:50:34.3513192Z Version: 20260707.563
audit kyber-vulnerable / gcc -O2	UNKNOWN STEP	2026-08-02T15:50:34.3513789Z Commit: 02667638d2b423fbc733a8e32a88b44996a3ba6e
audit kyber-vulnerable / gcc -O2	UNKNOWN STEP	2026-08-02T15:50:34.3514594Z Build Date: 2026-07-07T19:33:50Z
audit kyber-vulnerable / gcc -O2	UNKNOWN STEP	2026-08-02T15:50:34.3515269Z Worker ID: {dcc000fb-607b-47bb-9665-e05df55808a8}
audit kyber-vulnerable / gcc -O2	UNKNOWN STEP	2026-08-02T15:50:34.3516042Z Azure Region: westus
audit kyber-vulnerable / gcc -O2	UNKNOWN STEP	2026-08-02T15:50:34.3516608Z ##[endgroup]
audit kyber-vulnerable / gcc -O2	UNKNOWN STEP	2026-08-02T15:50:34.3518177Z ##[group]Operating System
audit kyber-vulnerable / gcc -O2	UNKNOWN STEP	2026-08-02T15:50:34.3518880Z Ubuntu
audit kyber-vulnerable / gcc -O2	UNKNOWN STEP	2026-08-02T15:50:34.3519384Z 24.04.4
audit kyber-vulnerable / gcc -O2	UNKNOWN STEP	2026-08-02T15:50:34.3519896Z LTS
audit kyber-vulnerable / gcc -O2	UNKNOWN STEP	2026-08-02T15:50:34.3520461Z ##[endgroup]
audit kyber-vulnerable / gcc -O2	UNKNOWN STEP	2026-08-02T15:50:34.3521045Z ##[group]Runner Image
audit kyber-vulnerable / gcc -O2	UNKNOWN STEP	2026-08-02T15:50:34.3521667Z Image: ubuntu-24.04
audit kyber-vulnerable / gcc -O2	UNKNOWN STEP	2026-08-02T15:50:34.3522476Z Version: 20260720.247.2
audit kyber-vulnerable / gcc -O2	UNKNOWN STEP	2026-08-02T15:50:34.3524215Z Included Software: https://github.com/actions/runner-images/blob/ubuntu24/20260720.247/images/ubuntu/Ubuntu2404-Readme.md
audit kyber-vulnerable / gcc -O2	UNKNOWN STEP	2026-08-02T15:50:34.3525765Z Image Release: https://github.com/actions/runner-images/releases/tag/ubuntu24%2F20260720.247
audit kyber-vulnerable / gcc -O2	UNKNOWN STEP	2026-08-02T15:50:34.3526756Z ##[endgroup]
audit kyber-vulnerable / gcc -O2	UNKNOWN STEP	2026-08-02T15:50:34.3527919Z ##[group]GITHUB_TOKEN Permissions
audit kyber-vulnerable / gcc -O2	UNKNOWN STEP	2026-08-02T15:50:34.3530248Z Contents: read
audit kyber-vulnerable / gcc -O2	UNKNOWN STEP	2026-08-02T15:50:34.3530849Z Metadata: read
audit kyber-vulnerable / gcc -O2	UNKNOWN STEP	2026-08-02T15:50:34.3531362Z Packages: read
audit kyber-vulnerable / gcc -O2	UNKNOWN STEP	2026-08-02T15:50:34.3532240Z ##[endgroup]
audit kyber-vulnerable / gcc -O2	UNKNOWN STEP	2026-08-02T15:50:34.3534391Z Secret source: Actions
audit kyber-vulnerable / gcc -O2	UNKNOWN STEP	2026-08-02T15:50:34.3535551Z Prepare workflow directory
audit kyber-vulnerable / gcc -O2	UNKNOWN STEP	2026-08-02T15:50:34.3886811Z Prepare all required actions
audit kyber-vulnerable / gcc -O2	UNKNOWN STEP	2026-08-02T15:50:34.3948153Z Getting action download info
audit kyber-vulnerable / gcc -O2	UNKNOWN STEP	2026-08-02T15:50:34.7589509Z Download action repository 'actions/checkout@v4' (SHA:11d5960a326750d5838078e36cf38b85af677262)
audit kyber-vulnerable / gcc -O2	UNKNOWN STEP	2026-08-02T15:50:35.1839724Z Download action repository 'actions/setup-python@v5' (SHA:a26af69be951a213d495a4c3e4e4022e16d87065)
audit kyber-vulnerable / gcc -O2	UNKNOWN STEP	2026-08-02T15:50:35.2705243Z Download action repository 'actions/upload-artifact@v4' (SHA:ea165f8d65b6e75b540449e92b4886f43607fa02)
audit kyber-vulnerable / gcc -O2	UNKNOWN STEP	2026-08-02T15:50:35.4903077Z Complete job name: audit kyber-vulnerable / gcc -O2
audit kyber-vulnerable / gcc -O2	UNKNOWN STEP	2026-08-02T15:50:35.5685253Z Node 20 is being deprecated. This workflow is running with Node 24 by default. If you need to temporarily use Node 20, you can set the ACTIONS_ALLOW_USE_UNSECURE_NODE_VERSION=true environment variable. For more information see: https://github.blog/changelog/2025-09-19-deprecation-of-node-20-on-github-actions-runners/
audit kyber-vulnerable / gcc -O2	UNKNOWN STEP	2026-08-02T15:50:35.5694038Z ##[group]Run actions/checkout@v4
audit kyber-vulnerable / gcc -O2	UNKNOWN STEP	2026-08-02T15:50:35.5694774Z with:
audit kyber-vulnerable / gcc -O2	UNKNOWN STEP	2026-08-02T15:50:35.5695230Z   repository: Ace7111/kyberslash-evaluation
audit kyber-vulnerable / gcc -O2	UNKNOWN STEP	2026-08-02T15:50:35.5699441Z   token: ***
audit kyber-vulnerable / gcc -O2	UNKNOWN STEP	2026-08-02T15:50:35.5700146Z   ssh-strict: true
audit kyber-vulnerable / gcc -O2	UNKNOWN STEP	2026-08-02T15:50:35.5700849Z   ssh-user: git
audit kyber-vulnerable / gcc -O2	UNKNOWN STEP	2026-08-02T15:50:35.5701624Z   persist-credentials: true
audit kyber-vulnerable / gcc -O2	UNKNOWN STEP	2026-08-02T15:50:35.5702689Z   clean: true
audit kyber-vulnerable / gcc -O2	UNKNOWN STEP	2026-08-02T15:50:35.5703466Z   sparse-checkout-cone-mode: true
audit kyber-vulnerable / gcc -O2	UNKNOWN STEP	2026-08-02T15:50:35.5704353Z   fetch-depth: 1
audit kyber-vulnerable / gcc -O2	UNKNOWN STEP	2026-08-02T15:50:35.5705075Z   fetch-tags: false
audit kyber-vulnerable / gcc -O2	UNKNOWN STEP	2026-08-02T15:50:35.5705821Z   show-progress: true
audit kyber-vulnerable / gcc -O2	UNKNOWN STEP	2026-08-02T15:50:35.5706634Z   lfs: false
audit kyber-vulnerable / gcc -O2	UNKNOWN STEP	2026-08-02T15:50:35.5707382Z   submodules: false
audit kyber-vulnerable / gcc -O2	UNKNOWN STEP	2026-08-02T15:50:35.5708146Z   set-safe-directory: true
audit kyber-vulnerable / gcc -O2	UNKNOWN STEP	2026-08-02T15:50:35.5708920Z   allow-unsafe-pr-checkout: false
audit kyber-vulnerable / gcc -O2	UNKNOWN STEP	2026-08-02T15:50:35.5710285Z ##[endgroup]
audit kyber-vulnerable / gcc -O2	UNKNOWN STEP	2026-08-02T15:50:35.6757046Z Syncing repository: Ace7111/kyberslash-evaluation
audit kyber-vulnerable / gcc -O2	UNKNOWN STEP	2026-08-02T15:50:35.6759615Z ##[group]Getting Git version info
audit kyber-vulnerable / gcc -O2	UNKNOWN STEP	2026-08-02T15:50:35.6760973Z Working directory is '/home/runner/work/kyberslash-evaluation/kyberslash-evaluation'
audit kyber-vulnerable / gcc -O2	UNKNOWN STEP	2026-08-02T15:50:35.6763116Z [command]/usr/bin/git version
audit kyber-vulnerable / gcc -O2	UNKNOWN STEP	2026-08-02T15:50:35.6807133Z git version 2.54.0
audit kyber-vulnerable / gcc -O2	UNKNOWN STEP	2026-08-02T15:50:35.6831653Z ##[endgroup]
audit kyber-vulnerable / gcc -O2	UNKNOWN STEP	2026-08-02T15:50:35.6848424Z Temporarily overriding HOME='/home/runner/work/_temp/54d4c202-c881-4ea5-82b4-66e3df3fd639' before making global git config changes
audit kyber-vulnerable / gcc -O2	UNKNOWN STEP	2026-08-02T15:50:35.6850886Z Adding repository directory to the temporary git global config as a safe directory
audit kyber-vulnerable / gcc -O2	UNKNOWN STEP	2026-08-02T15:50:35.6854381Z [command]/usr/bin/git config --global --add safe.directory /home/runner/work/kyberslash-evaluation/kyberslash-evaluation
audit kyber-vulnerable / gcc -O2	UNKNOWN STEP	2026-08-02T15:50:35.6911790Z Deleting the contents of '/home/runner/work/kyberslash-evaluation/kyberslash-evaluation'
audit kyber-vulnerable / gcc -O2	UNKNOWN STEP	2026-08-02T15:50:35.6916768Z ##[group]Initializing the repository
audit kyber-vulnerable / gcc -O2	UNKNOWN STEP	2026-08-02T15:50:35.6924105Z [command]/usr/bin/git init /home/runner/work/kyberslash-evaluation/kyberslash-evaluation
audit kyber-vulnerable / gcc -O2	UNKNOWN STEP	2026-08-02T15:50:35.7058309Z hint: Using 'master' as the name for the initial branch. This default branch name
audit kyber-vulnerable / gcc -O2	UNKNOWN STEP	2026-08-02T15:50:35.7059910Z hint: will change to "main" in Git 3.0. To configure the initial branch name
audit kyber-vulnerable / gcc -O2	UNKNOWN STEP	2026-08-02T15:50:35.7061067Z hint: to use in all of your new repositories, which will suppress this warning,
audit kyber-vulnerable / gcc -O2	UNKNOWN STEP	2026-08-02T15:50:35.7062124Z hint: call:
audit kyber-vulnerable / gcc -O2	UNKNOWN STEP	2026-08-02T15:50:35.7062614Z hint:
audit kyber-vulnerable / gcc -O2	UNKNOWN STEP	2026-08-02T15:50:35.7063212Z hint: 	git config --global init.defaultBranch <name>
audit kyber-vulnerable / gcc -O2	UNKNOWN STEP	2026-08-02T15:50:35.7063960Z hint:
audit kyber-vulnerable / gcc -O2	UNKNOWN STEP	2026-08-02T15:50:35.7064647Z hint: Names commonly chosen instead of 'master' are 'main', 'trunk' and
audit kyber-vulnerable / gcc -O2	UNKNOWN STEP	2026-08-02T15:50:35.7065795Z hint: 'development'. The just-created branch can be renamed via this command:
audit kyber-vulnerable / gcc -O2	UNKNOWN STEP	2026-08-02T15:50:35.7066733Z hint:
audit kyber-vulnerable / gcc -O2	UNKNOWN STEP	2026-08-02T15:50:35.7067213Z hint: 	git branch -m <name>
audit kyber-vulnerable / gcc -O2	UNKNOWN STEP	2026-08-02T15:50:35.7067771Z hint:
audit kyber-vulnerable / gcc -O2	UNKNOWN STEP	2026-08-02T15:50:35.7068510Z hint: Disable this message with "git config set advice.defaultBranchName false"
audit kyber-vulnerable / gcc -O2	UNKNOWN STEP	2026-08-02T15:50:35.7077804Z Initialized empty Git repository in /home/runner/work/kyberslash-evaluation/kyberslash-evaluation/.git/
audit kyber-vulnerable / gcc -O2	UNKNOWN STEP	2026-08-02T15:50:35.7088906Z [command]/usr/bin/git remote add origin https://github.com/Ace7111/kyberslash-evaluation
audit kyber-vulnerable / gcc -O2	UNKNOWN STEP	2026-08-02T15:50:35.7137953Z ##[endgroup]
audit kyber-vulnerable / gcc -O2	UNKNOWN STEP	2026-08-02T15:50:35.7138999Z ##[group]Disabling automatic garbage collection
audit kyber-vulnerable / gcc -O2	UNKNOWN STEP	2026-08-02T15:50:35.7143270Z [command]/usr/bin/git config --local gc.auto 0
audit kyber-vulnerable / gcc -O2	UNKNOWN STEP	2026-08-02T15:50:35.7176656Z ##[endgroup]
audit kyber-vulnerable / gcc -O2	UNKNOWN STEP	2026-08-02T15:50:35.7177707Z ##[group]Setting up auth
audit kyber-vulnerable / gcc -O2	UNKNOWN STEP	2026-08-02T15:50:35.7184394Z [command]/usr/bin/git config --local --name-only --get-regexp core\.sshCommand
audit kyber-vulnerable / gcc -O2	UNKNOWN STEP	2026-08-02T15:50:35.7226454Z [command]/usr/bin/git submodule foreach --recursive sh -c "git config --local --name-only --get-regexp 'core\.sshCommand' && git config --local --unset-all 'core.sshCommand' || :"
audit kyber-vulnerable / gcc -O2	UNKNOWN STEP	2026-08-02T15:50:35.7621711Z [command]/usr/bin/git config --local --name-only --get-regexp http\.https\:\/\/github\.com\/\.extraheader
audit kyber-vulnerable / gcc -O2	UNKNOWN STEP	2026-08-02T15:50:35.7669741Z [command]/usr/bin/git submodule foreach --recursive sh -c "git config --local --name-only --get-regexp 'http\.https\:\/\/github\.com\/\.extraheader' && git config --local --unset-all 'http.https://github.com/.extraheader' || :"
audit kyber-vulnerable / gcc -O2	UNKNOWN STEP	2026-08-02T15:50:35.7910104Z [command]/usr/bin/git config --local --name-only --get-regexp ^includeIf\.gitdir:
audit kyber-vulnerable / gcc -O2	UNKNOWN STEP	2026-08-02T15:50:35.7946731Z [command]/usr/bin/git submodule foreach --recursive git config --local --show-origin --name-only --get-regexp remote.origin.url
audit kyber-vulnerable / gcc -O2	UNKNOWN STEP	2026-08-02T15:50:35.8186987Z [command]/usr/bin/git config --local http.https://github.com/.extraheader AUTHORIZATION: basic ***
audit kyber-vulnerable / gcc -O2	UNKNOWN STEP	2026-08-02T15:50:35.8233644Z ##[endgroup]
audit kyber-vulnerable / gcc -O2	UNKNOWN STEP	2026-08-02T15:50:35.8234763Z ##[group]Fetching the repository
audit kyber-vulnerable / gcc -O2	UNKNOWN STEP	2026-08-02T15:50:35.8250344Z [command]/usr/bin/git -c protocol.version=2 fetch --no-tags --prune --no-recurse-submodules --depth=1 origin +c36da0f41ae2be8e5a855b5edf63e5074665cffa:refs/remotes/origin/main
audit kyber-vulnerable / gcc -O2	UNKNOWN STEP	2026-08-02T15:50:36.5715464Z From https://github.com/Ace7111/kyberslash-evaluation
audit kyber-vulnerable / gcc -O2	UNKNOWN STEP	2026-08-02T15:50:36.5716938Z  * [new ref]         c36da0f41ae2be8e5a855b5edf63e5074665cffa -> origin/main
audit kyber-vulnerable / gcc -O2	UNKNOWN STEP	2026-08-02T15:50:36.6681512Z ##[endgroup]
audit kyber-vulnerable / gcc -O2	UNKNOWN STEP	2026-08-02T15:50:36.6683008Z ##[group]Determining the checkout info
audit kyber-vulnerable / gcc -O2	UNKNOWN STEP	2026-08-02T15:50:36.6684075Z ##[endgroup]
audit kyber-vulnerable / gcc -O2	UNKNOWN STEP	2026-08-02T15:50:36.6684821Z [command]/usr/bin/git sparse-checkout disable
audit kyber-vulnerable / gcc -O2	UNKNOWN STEP	2026-08-02T15:50:36.6731303Z [command]/usr/bin/git config --local --unset-all extensions.worktreeConfig
audit kyber-vulnerable / gcc -O2	UNKNOWN STEP	2026-08-02T15:50:36.6766455Z ##[group]Checking out the ref
audit kyber-vulnerable / gcc -O2	UNKNOWN STEP	2026-08-02T15:50:36.6772364Z [command]/usr/bin/git checkout --progress --force -B main refs/remotes/origin/main
audit kyber-vulnerable / gcc -O2	UNKNOWN STEP	2026-08-02T15:50:36.6939805Z Switched to a new branch 'main'
audit kyber-vulnerable / gcc -O2	UNKNOWN STEP	2026-08-02T15:50:36.6942369Z branch 'main' set up to track 'origin/main'.
audit kyber-vulnerable / gcc -O2	UNKNOWN STEP	2026-08-02T15:50:36.6949764Z ##[endgroup]
audit kyber-vulnerable / gcc -O2	UNKNOWN STEP	2026-08-02T15:50:36.6996217Z [command]/usr/bin/git log -1 --format=%H
audit kyber-vulnerable / gcc -O2	UNKNOWN STEP	2026-08-02T15:50:36.7025447Z c36da0f41ae2be8e5a855b5edf63e5074665cffa
audit kyber-vulnerable / gcc -O2	UNKNOWN STEP	2026-08-02T15:50:36.7300418Z Node 20 is being deprecated. This workflow is running with Node 24 by default. If you need to temporarily use Node 20, you can set the ACTIONS_ALLOW_USE_UNSECURE_NODE_VERSION=true environment variable. For more information see: https://github.blog/changelog/2025-09-19-deprecation-of-node-20-on-github-actions-runners/
audit kyber-vulnerable / gcc -O2	UNKNOWN STEP	2026-08-02T15:50:36.7302528Z ##[group]Run actions/setup-python@v5
audit kyber-vulnerable / gcc -O2	UNKNOWN STEP	2026-08-02T15:50:36.7302853Z with:
audit kyber-vulnerable / gcc -O2	UNKNOWN STEP	2026-08-02T15:50:36.7303099Z   python-version: 3.12
audit kyber-vulnerable / gcc -O2	UNKNOWN STEP	2026-08-02T15:50:36.7303371Z   check-latest: false
audit kyber-vulnerable / gcc -O2	UNKNOWN STEP	2026-08-02T15:50:36.7306514Z   token: ***
audit kyber-vulnerable / gcc -O2	UNKNOWN STEP	2026-08-02T15:50:36.7306798Z   update-environment: true
audit kyber-vulnerable / gcc -O2	UNKNOWN STEP	2026-08-02T15:50:36.7307098Z   allow-prereleases: false
audit kyber-vulnerable / gcc -O2	UNKNOWN STEP	2026-08-02T15:50:36.7307373Z   freethreaded: false
audit kyber-vulnerable / gcc -O2	UNKNOWN STEP	2026-08-02T15:50:36.7307624Z ##[endgroup]
audit kyber-vulnerable / gcc -O2	UNKNOWN STEP	2026-08-02T15:50:36.8744288Z ##[group]Installed versions
audit kyber-vulnerable / gcc -O2	UNKNOWN STEP	2026-08-02T15:50:36.8850957Z (node:2247) [DEP0040] DeprecationWarning: The `punycode` module is deprecated. Please use a userland alternative instead.
audit kyber-vulnerable / gcc -O2	UNKNOWN STEP	2026-08-02T15:50:36.8852890Z (Use `node --trace-deprecation ...` to show where the warning was created)
audit kyber-vulnerable / gcc -O2	UNKNOWN STEP	2026-08-02T15:50:36.8853708Z Successfully set up CPython (3.12.13)
audit kyber-vulnerable / gcc -O2	UNKNOWN STEP	2026-08-02T15:50:36.8855309Z ##[endgroup]
audit kyber-vulnerable / gcc -O2	UNKNOWN STEP	2026-08-02T15:50:36.9026888Z ##[group]Run git clone --quiet https://github.com/pq-crystals/kyber.git targets/pq-crystals-kyber
audit kyber-vulnerable / gcc -O2	UNKNOWN STEP	2026-08-02T15:50:36.9027774Z ^[[36;1mgit clone --quiet https://github.com/pq-crystals/kyber.git targets/pq-crystals-kyber^[[0m
audit kyber-vulnerable / gcc -O2	UNKNOWN STEP	2026-08-02T15:50:36.9092574Z shell: /usr/bin/bash -e {0}
audit kyber-vulnerable / gcc -O2	UNKNOWN STEP	2026-08-02T15:50:36.9093214Z env:
audit kyber-vulnerable / gcc -O2	UNKNOWN STEP	2026-08-02T15:50:36.9093812Z   pythonLocation: /opt/hostedtoolcache/Python/3.12.13/x64
audit kyber-vulnerable / gcc -O2	UNKNOWN STEP	2026-08-02T15:50:36.9094798Z   PKG_CONFIG_PATH: /opt/hostedtoolcache/Python/3.12.13/x64/lib/pkgconfig
audit kyber-vulnerable / gcc -O2	UNKNOWN STEP	2026-08-02T15:50:36.9095768Z   Python_ROOT_DIR: /opt/hostedtoolcache/Python/3.12.13/x64
audit kyber-vulnerable / gcc -O2	UNKNOWN STEP	2026-08-02T15:50:36.9096491Z   Python2_ROOT_DIR: /opt/hostedtoolcache/Python/3.12.13/x64
audit kyber-vulnerable / gcc -O2	UNKNOWN STEP	2026-08-02T15:50:36.9097300Z   Python3_ROOT_DIR: /opt/hostedtoolcache/Python/3.12.13/x64
audit kyber-vulnerable / gcc -O2	UNKNOWN STEP	2026-08-02T15:50:36.9098096Z   LD_LIBRARY_PATH: /opt/hostedtoolcache/Python/3.12.13/x64/lib
audit kyber-vulnerable / gcc -O2	UNKNOWN STEP	2026-08-02T15:50:36.9098792Z ##[endgroup]
audit kyber-vulnerable / gcc -O2	UNKNOWN STEP	2026-08-02T15:50:37.5808097Z ##[group]Run gcc --version
audit kyber-vulnerable / gcc -O2	UNKNOWN STEP	2026-08-02T15:50:37.5808468Z ^[[36;1mgcc --version^[[0m
audit kyber-vulnerable / gcc -O2	UNKNOWN STEP	2026-08-02T15:50:37.5808752Z ^[[36;1mobjdump --version | head -1^[[0m
audit kyber-vulnerable / gcc -O2	UNKNOWN STEP	2026-08-02T15:50:37.5809059Z ^[[36;1muname -m^[[0m
audit kyber-vulnerable / gcc -O2	UNKNOWN STEP	2026-08-02T15:50:37.5855768Z shell: /usr/bin/bash -e {0}
audit kyber-vulnerable / gcc -O2	UNKNOWN STEP	2026-08-02T15:50:37.5856067Z env:
audit kyber-vulnerable / gcc -O2	UNKNOWN STEP	2026-08-02T15:50:37.5856377Z   pythonLocation: /opt/hostedtoolcache/Python/3.12.13/x64
audit kyber-vulnerable / gcc -O2	UNKNOWN STEP	2026-08-02T15:50:37.5856872Z   PKG_CONFIG_PATH: /opt/hostedtoolcache/Python/3.12.13/x64/lib/pkgconfig
audit kyber-vulnerable / gcc -O2	UNKNOWN STEP	2026-08-02T15:50:37.5857347Z   Python_ROOT_DIR: /opt/hostedtoolcache/Python/3.12.13/x64
audit kyber-vulnerable / gcc -O2	UNKNOWN STEP	2026-08-02T15:50:37.5857776Z   Python2_ROOT_DIR: /opt/hostedtoolcache/Python/3.12.13/x64
audit kyber-vulnerable / gcc -O2	UNKNOWN STEP	2026-08-02T15:50:37.5858202Z   Python3_ROOT_DIR: /opt/hostedtoolcache/Python/3.12.13/x64
audit kyber-vulnerable / gcc -O2	UNKNOWN STEP	2026-08-02T15:50:37.5858638Z   LD_LIBRARY_PATH: /opt/hostedtoolcache/Python/3.12.13/x64/lib
audit kyber-vulnerable / gcc -O2	UNKNOWN STEP	2026-08-02T15:50:37.5859004Z ##[endgroup]
audit kyber-vulnerable / gcc -O2	UNKNOWN STEP	2026-08-02T15:50:37.6546963Z gcc (Ubuntu 13.3.0-6ubuntu2~24.04.1) 13.3.0
audit kyber-vulnerable / gcc -O2	UNKNOWN STEP	2026-08-02T15:50:37.6548164Z Copyright (C) 2023 Free Software Foundation, Inc.
audit kyber-vulnerable / gcc -O2	UNKNOWN STEP	2026-08-02T15:50:37.6549481Z This is free software; see the source for copying conditions.  There is NO
audit kyber-vulnerable / gcc -O2	UNKNOWN STEP	2026-08-02T15:50:37.6550851Z warranty; not even for MERCHANTABILITY or FITNESS FOR A PARTICULAR PURPOSE.
audit kyber-vulnerable / gcc -O2	UNKNOWN STEP	2026-08-02T15:50:37.6551815Z 
audit kyber-vulnerable / gcc -O2	UNKNOWN STEP	2026-08-02T15:50:37.7438154Z GNU objdump (GNU Binutils for Ubuntu) 2.42
audit kyber-vulnerable / gcc -O2	UNKNOWN STEP	2026-08-02T15:50:37.7451162Z x86_64
audit kyber-vulnerable / gcc -O2	UNKNOWN STEP	2026-08-02T15:50:37.7491736Z ##[group]Run # NOTE the "=" on --opt-levels. Without it argparse reads a value like
audit kyber-vulnerable / gcc -O2	UNKNOWN STEP	2026-08-02T15:50:37.7492596Z ^[[36;1m# NOTE the "=" on --opt-levels. Without it argparse reads a value like^[[0m
audit kyber-vulnerable / gcc -O2	UNKNOWN STEP	2026-08-02T15:50:37.7493151Z ^[[36;1m# "-Os" as a flag and the run fails with "expected at least one argument".^[[0m
audit kyber-vulnerable / gcc -O2	UNKNOWN STEP	2026-08-02T15:50:37.7493931Z ^[[36;1mpython3 scripts/build_matrix.py \^[[0m
audit kyber-vulnerable / gcc -O2	UNKNOWN STEP	2026-08-02T15:50:37.7494301Z ^[[36;1m  --targets kyber-vulnerable \^[[0m
audit kyber-vulnerable / gcc -O2	UNKNOWN STEP	2026-08-02T15:50:37.7494626Z ^[[36;1m  --compilers gcc \^[[0m
audit kyber-vulnerable / gcc -O2	UNKNOWN STEP	2026-08-02T15:50:37.7494919Z ^[[36;1m  --opt-levels='-O2' \^[[0m
audit kyber-vulnerable / gcc -O2	UNKNOWN STEP	2026-08-02T15:50:37.7495212Z ^[[36;1m  --out audit.json^[[0m
audit kyber-vulnerable / gcc -O2	UNKNOWN STEP	2026-08-02T15:50:37.7540124Z shell: /usr/bin/bash -e {0}
audit kyber-vulnerable / gcc -O2	UNKNOWN STEP	2026-08-02T15:50:37.7540428Z env:
audit kyber-vulnerable / gcc -O2	UNKNOWN STEP	2026-08-02T15:50:37.7540734Z   pythonLocation: /opt/hostedtoolcache/Python/3.12.13/x64
audit kyber-vulnerable / gcc -O2	UNKNOWN STEP	2026-08-02T15:50:37.7541222Z   PKG_CONFIG_PATH: /opt/hostedtoolcache/Python/3.12.13/x64/lib/pkgconfig
audit kyber-vulnerable / gcc -O2	UNKNOWN STEP	2026-08-02T15:50:37.7541736Z   Python_ROOT_DIR: /opt/hostedtoolcache/Python/3.12.13/x64
audit kyber-vulnerable / gcc -O2	UNKNOWN STEP	2026-08-02T15:50:37.7542316Z   Python2_ROOT_DIR: /opt/hostedtoolcache/Python/3.12.13/x64
audit kyber-vulnerable / gcc -O2	UNKNOWN STEP	2026-08-02T15:50:37.7542744Z   Python3_ROOT_DIR: /opt/hostedtoolcache/Python/3.12.13/x64
audit kyber-vulnerable / gcc -O2	UNKNOWN STEP	2026-08-02T15:50:37.7543164Z   LD_LIBRARY_PATH: /opt/hostedtoolcache/Python/3.12.13/x64/lib
audit kyber-vulnerable / gcc -O2	UNKNOWN STEP	2026-08-02T15:50:37.7543533Z ##[endgroup]
audit kyber-vulnerable / gcc -O2	UNKNOWN STEP	2026-08-02T15:50:41.0235323Z [NO_SECRET_DEPENDENT_DIV ] kyber-vulnerable_gcc_O2_768  secret_div=0 total_div=0
audit kyber-vulnerable / gcc -O2	UNKNOWN STEP	2026-08-02T15:50:41.0236072Z 
audit kyber-vulnerable / gcc -O2	UNKNOWN STEP	2026-08-02T15:50:41.0236371Z Wrote 1 cells to audit.json
audit kyber-vulnerable / gcc -O2	UNKNOWN STEP	2026-08-02T15:50:41.0381400Z ##[group]Run python3 - <<'PY'
audit kyber-vulnerable / gcc -O2	UNKNOWN STEP	2026-08-02T15:50:41.0382966Z ^[[36;1mpython3 - <<'PY'^[[0m
audit kyber-vulnerable / gcc -O2	UNKNOWN STEP	2026-08-02T15:50:41.0383340Z ^[[36;1mimport json, sys^[[0m
audit kyber-vulnerable / gcc -O2	UNKNOWN STEP	2026-08-02T15:50:41.0383649Z ^[[36;1mrows = json.load(open("audit.json"))^[[0m
audit kyber-vulnerable / gcc -O2	UNKNOWN STEP	2026-08-02T15:50:41.0384599Z ^[[36;1m^[[0m
audit kyber-vulnerable / gcc -O2	UNKNOWN STEP	2026-08-02T15:50:41.0384863Z ^[[36;1mgated = [r for r in rows if r.get("gate_failed_at")]^[[0m
audit kyber-vulnerable / gcc -O2	UNKNOWN STEP	2026-08-02T15:50:41.0385748Z ^[[36;1mfor r in gated:^[[0m
audit kyber-vulnerable / gcc -O2	UNKNOWN STEP	2026-08-02T15:50:41.0386331Z ^[[36;1m    print(f"::warning::{r['experiment_id']} failed at "^[[0m
audit kyber-vulnerable / gcc -O2	UNKNOWN STEP	2026-08-02T15:50:41.0386736Z ^[[36;1m          f"{r['gate_failed_at']} - no security verdict produced")^[[0m
audit kyber-vulnerable / gcc -O2	UNKNOWN STEP	2026-08-02T15:50:41.0387072Z ^[[36;1m^[[0m
audit kyber-vulnerable / gcc -O2	UNKNOWN STEP	2026-08-02T15:50:41.0387356Z ^[[36;1mvulnerable = [r for r in rows if r.get("verdict") == "VULNERABLE"]^[[0m
audit kyber-vulnerable / gcc -O2	UNKNOWN STEP	2026-08-02T15:50:41.0387726Z ^[[36;1mfor r in vulnerable:^[[0m
audit kyber-vulnerable / gcc -O2	UNKNOWN STEP	2026-08-02T15:50:41.0388033Z ^[[36;1m    fns = ", ".join(r.get("vulnerable_functions", []))^[[0m
audit kyber-vulnerable / gcc -O2	UNKNOWN STEP	2026-08-02T15:50:41.0388446Z ^[[36;1m    variants = ", ".join(r.get("kyberslash_variants", []))^[[0m
audit kyber-vulnerable / gcc -O2	UNKNOWN STEP	2026-08-02T15:50:41.0388889Z ^[[36;1m    print(f"::error::{r['experiment_id']}: secret-dependent division in "^[[0m
audit kyber-vulnerable / gcc -O2	UNKNOWN STEP	2026-08-02T15:50:41.0389292Z ^[[36;1m          f"{fns} ({variants})")^[[0m
audit kyber-vulnerable / gcc -O2	UNKNOWN STEP	2026-08-02T15:50:41.0389557Z ^[[36;1m^[[0m
audit kyber-vulnerable / gcc -O2	UNKNOWN STEP	2026-08-02T15:50:41.0389746Z ^[[36;1mif vulnerable:^[[0m
audit kyber-vulnerable / gcc -O2	UNKNOWN STEP	2026-08-02T15:50:41.0389974Z ^[[36;1m    sys.exit(1)^[[0m
audit kyber-vulnerable / gcc -O2	UNKNOWN STEP	2026-08-02T15:50:41.0390190Z ^[[36;1m^[[0m
audit kyber-vulnerable / gcc -O2	UNKNOWN STEP	2026-08-02T15:50:41.0390461Z ^[[36;1maudited = [r for r in rows if not r.get("gate_failed_at")]^[[0m
audit kyber-vulnerable / gcc -O2	UNKNOWN STEP	2026-08-02T15:50:41.0390822Z ^[[36;1mif not audited:^[[0m
audit kyber-vulnerable / gcc -O2	UNKNOWN STEP	2026-08-02T15:50:41.0391200Z ^[[36;1m    print("::error::no cell produced a verdict - nothing was actually audited")^[[0m
audit kyber-vulnerable / gcc -O2	UNKNOWN STEP	2026-08-02T15:50:41.0391618Z ^[[36;1m    sys.exit(1)^[[0m
audit kyber-vulnerable / gcc -O2	UNKNOWN STEP	2026-08-02T15:50:41.0391836Z ^[[36;1m^[[0m
audit kyber-vulnerable / gcc -O2	UNKNOWN STEP	2026-08-02T15:50:41.0392457Z ^[[36;1m# Incidental divisions are expected and must not fail the build. Reporting^[[0m
audit kyber-vulnerable / gcc -O2	UNKNOWN STEP	2026-08-02T15:50:41.0393045Z ^[[36;1m# them keeps the distinction visible: a correctly patched binary still^[[0m
audit kyber-vulnerable / gcc -O2	UNKNOWN STEP	2026-08-02T15:50:41.0393582Z ^[[36;1m# contains divisions in Keccak and rejection sampling, and a check that^[[0m
audit kyber-vulnerable / gcc -O2	UNKNOWN STEP	2026-08-02T15:50:41.0394097Z ^[[36;1m# merely grepped for a division mnemonic would reject it.^[[0m
audit kyber-vulnerable / gcc -O2	UNKNOWN STEP	2026-08-02T15:50:41.0394459Z ^[[36;1mfor r in audited:^[[0m
audit kyber-vulnerable / gcc -O2	UNKNOWN STEP	2026-08-02T15:50:41.0394727Z ^[[36;1m    print(f"{r['experiment_id']}: clean "^[[0m
audit kyber-vulnerable / gcc -O2	UNKNOWN STEP	2026-08-02T15:50:41.0395186Z ^[[36;1m          f"({r.get('total_divisions', 0)} incidental division(s))")^[[0m
audit kyber-vulnerable / gcc -O2	UNKNOWN STEP	2026-08-02T15:50:41.0395569Z ^[[36;1mPY^[[0m
audit kyber-vulnerable / gcc -O2	UNKNOWN STEP	2026-08-02T15:50:41.0442591Z shell: /usr/bin/bash -e {0}
audit kyber-vulnerable / gcc -O2	UNKNOWN STEP	2026-08-02T15:50:41.0442882Z env:
audit kyber-vulnerable / gcc -O2	UNKNOWN STEP	2026-08-02T15:50:41.0443143Z   pythonLocation: /opt/hostedtoolcache/Python/3.12.13/x64
audit kyber-vulnerable / gcc -O2	UNKNOWN STEP	2026-08-02T15:50:41.0443575Z   PKG_CONFIG_PATH: /opt/hostedtoolcache/Python/3.12.13/x64/lib/pkgconfig
audit kyber-vulnerable / gcc -O2	UNKNOWN STEP	2026-08-02T15:50:41.0444001Z   Python_ROOT_DIR: /opt/hostedtoolcache/Python/3.12.13/x64
audit kyber-vulnerable / gcc -O2	UNKNOWN STEP	2026-08-02T15:50:41.0444560Z   Python2_ROOT_DIR: /opt/hostedtoolcache/Python/3.12.13/x64
audit kyber-vulnerable / gcc -O2	UNKNOWN STEP	2026-08-02T15:50:41.0444934Z   Python3_ROOT_DIR: /opt/hostedtoolcache/Python/3.12.13/x64
audit kyber-vulnerable / gcc -O2	UNKNOWN STEP	2026-08-02T15:50:41.0445464Z   LD_LIBRARY_PATH: /opt/hostedtoolcache/Python/3.12.13/x64/lib
audit kyber-vulnerable / gcc -O2	UNKNOWN STEP	2026-08-02T15:50:41.0446015Z ##[endgroup]
audit kyber-vulnerable / gcc -O2	UNKNOWN STEP	2026-08-02T15:50:41.0701395Z EXP-kyber-vulnerable_gcc_O2_768: clean (0 incidental division(s))
audit kyber-vulnerable / gcc -O2	UNKNOWN STEP	2026-08-02T15:50:41.0859348Z Node 20 is being deprecated. This workflow is running with Node 24 by default. If you need to temporarily use Node 20, you can set the ACTIONS_ALLOW_USE_UNSECURE_NODE_VERSION=true environment variable. For more information see: https://github.blog/changelog/2025-09-19-deprecation-of-node-20-on-github-actions-runners/
audit kyber-vulnerable / gcc -O2	UNKNOWN STEP	2026-08-02T15:50:41.0863014Z ##[group]Run actions/upload-artifact@v4
audit kyber-vulnerable / gcc -O2	UNKNOWN STEP	2026-08-02T15:50:41.0863351Z with:
audit kyber-vulnerable / gcc -O2	UNKNOWN STEP	2026-08-02T15:50:41.0863627Z   name: audit-kyber-vulnerable-gcc--O2
audit kyber-vulnerable / gcc -O2	UNKNOWN STEP	2026-08-02T15:50:41.0863950Z   path: audit.json
audit kyber-vulnerable / gcc -O2	UNKNOWN STEP	2026-08-02T15:50:41.0864835Z   if-no-files-found: warn
audit kyber-vulnerable / gcc -O2	UNKNOWN STEP	2026-08-02T15:50:41.0865208Z   compression-level: 6
audit kyber-vulnerable / gcc -O2	UNKNOWN STEP	2026-08-02T15:50:41.0865465Z   overwrite: false
audit kyber-vulnerable / gcc -O2	UNKNOWN STEP	2026-08-02T15:50:41.0865714Z   include-hidden-files: false
audit kyber-vulnerable / gcc -O2	UNKNOWN STEP	2026-08-02T15:50:41.0866636Z env:
audit kyber-vulnerable / gcc -O2	UNKNOWN STEP	2026-08-02T15:50:41.0867000Z   pythonLocation: /opt/hostedtoolcache/Python/3.12.13/x64
audit kyber-vulnerable / gcc -O2	UNKNOWN STEP	2026-08-02T15:50:41.0867513Z   PKG_CONFIG_PATH: /opt/hostedtoolcache/Python/3.12.13/x64/lib/pkgconfig
audit kyber-vulnerable / gcc -O2	UNKNOWN STEP	2026-08-02T15:50:41.0868783Z   Python_ROOT_DIR: /opt/hostedtoolcache/Python/3.12.13/x64
audit kyber-vulnerable / gcc -O2	UNKNOWN STEP	2026-08-02T15:50:41.0869237Z   Python2_ROOT_DIR: /opt/hostedtoolcache/Python/3.12.13/x64
audit kyber-vulnerable / gcc -O2	UNKNOWN STEP	2026-08-02T15:50:41.0870452Z   Python3_ROOT_DIR: /opt/hostedtoolcache/Python/3.12.13/x64
audit kyber-vulnerable / gcc -O2	UNKNOWN STEP	2026-08-02T15:50:41.0870914Z   LD_LIBRARY_PATH: /opt/hostedtoolcache/Python/3.12.13/x64/lib
audit kyber-vulnerable / gcc -O2	UNKNOWN STEP	2026-08-02T15:50:41.0872284Z ##[endgroup]
audit kyber-vulnerable / gcc -O2	UNKNOWN STEP	2026-08-02T15:50:41.2602924Z (node:2313) [DEP0040] DeprecationWarning: The `punycode` module is deprecated. Please use a userland alternative instead.
audit kyber-vulnerable / gcc -O2	UNKNOWN STEP	2026-08-02T15:50:41.2604037Z (Use `node --trace-deprecation ...` to show where the warning was created)
audit kyber-vulnerable / gcc -O2	UNKNOWN STEP	2026-08-02T15:50:41.2649650Z With the provided path, there will be 1 file uploaded
audit kyber-vulnerable / gcc -O2	UNKNOWN STEP	2026-08-02T15:50:41.2671055Z Artifact name is valid!
audit kyber-vulnerable / gcc -O2	UNKNOWN STEP	2026-08-02T15:50:41.2671576Z Root directory input is valid!
audit kyber-vulnerable / gcc -O2	UNKNOWN STEP	2026-08-02T15:50:41.5850191Z Beginning upload of artifact content to blob storage
audit kyber-vulnerable / gcc -O2	UNKNOWN STEP	2026-08-02T15:50:41.6039210Z (node:2313) [DEP0169] DeprecationWarning: `url.parse()` behavior is not standardized and prone to errors that have security implications. Use the WHATWG URL API instead. CVEs are not issued for `url.parse()` vulnerabilities.
audit kyber-vulnerable / gcc -O2	UNKNOWN STEP	2026-08-02T15:50:41.8798937Z Uploaded bytes 677
audit kyber-vulnerable / gcc -O2	UNKNOWN STEP	2026-08-02T15:50:41.9583456Z Finished uploading artifact content to blob storage!
audit kyber-vulnerable / gcc -O2	UNKNOWN STEP	2026-08-02T15:50:41.9584890Z SHA256 digest of uploaded artifact zip is fa38fc85fa94ce0ee453525a2a6ef77c37e270327d991e89fc7747139d449cdb
audit kyber-vulnerable / gcc -O2	UNKNOWN STEP	2026-08-02T15:50:41.9586242Z Finalizing artifact upload
audit kyber-vulnerable / gcc -O2	UNKNOWN STEP	2026-08-02T15:50:42.1504352Z Artifact audit-kyber-vulnerable-gcc--O2.zip successfully finalized. Artifact ID 8835717672
audit kyber-vulnerable / gcc -O2	UNKNOWN STEP	2026-08-02T15:50:42.1505588Z Artifact audit-kyber-vulnerable-gcc--O2 has been successfully uploaded! Final size is 677 bytes. Artifact ID is 8835717672
audit kyber-vulnerable / gcc -O2	UNKNOWN STEP	2026-08-02T15:50:42.1510723Z Artifact download URL: https://github.com/Ace7111/kyberslash-evaluation/actions/runs/30755244934/artifacts/8835717672
audit kyber-vulnerable / gcc -O2	UNKNOWN STEP	2026-08-02T15:50:42.1699911Z Node 20 is being deprecated. This workflow is running with Node 24 by default. If you need to temporarily use Node 20, you can set the ACTIONS_ALLOW_USE_UNSECURE_NODE_VERSION=true environment variable. For more information see: https://github.blog/changelog/2025-09-19-deprecation-of-node-20-on-github-actions-runners/
audit kyber-vulnerable / gcc -O2	UNKNOWN STEP	2026-08-02T15:50:42.1701200Z Post job cleanup.
audit kyber-vulnerable / gcc -O2	UNKNOWN STEP	2026-08-02T15:50:42.2917122Z (node:2327) [DEP0040] DeprecationWarning: The `punycode` module is deprecated. Please use a userland alternative instead.
audit kyber-vulnerable / gcc -O2	UNKNOWN STEP	2026-08-02T15:50:42.2918170Z (Use `node --trace-deprecation ...` to show where the warning was created)
audit kyber-vulnerable / gcc -O2	UNKNOWN STEP	2026-08-02T15:50:42.3110382Z Node 20 is being deprecated. This workflow is running with Node 24 by default. If you need to temporarily use Node 20, you can set the ACTIONS_ALLOW_USE_UNSECURE_NODE_VERSION=true environment variable. For more information see: https://github.blog/changelog/2025-09-19-deprecation-of-node-20-on-github-actions-runners/
audit kyber-vulnerable / gcc -O2	UNKNOWN STEP	2026-08-02T15:50:42.3112949Z Post job cleanup.
audit kyber-vulnerable / gcc -O2	UNKNOWN STEP	2026-08-02T15:50:42.4005670Z [command]/usr/bin/git version
audit kyber-vulnerable / gcc -O2	UNKNOWN STEP	2026-08-02T15:50:42.4050405Z git version 2.54.0
audit kyber-vulnerable / gcc -O2	UNKNOWN STEP	2026-08-02T15:50:42.4123603Z Temporarily overriding HOME='/home/runner/work/_temp/9aa23165-b224-4a09-b2d9-5bf17a39e340' before making global git config changes
audit kyber-vulnerable / gcc -O2	UNKNOWN STEP	2026-08-02T15:50:42.4124907Z Adding repository directory to the temporary git global config as a safe directory
audit kyber-vulnerable / gcc -O2	UNKNOWN STEP	2026-08-02T15:50:42.4128619Z [command]/usr/bin/git config --global --add safe.directory /home/runner/work/kyberslash-evaluation/kyberslash-evaluation
audit kyber-vulnerable / gcc -O2	UNKNOWN STEP	2026-08-02T15:50:42.4189825Z [command]/usr/bin/git config --local --name-only --get-regexp core\.sshCommand
audit kyber-vulnerable / gcc -O2	UNKNOWN STEP	2026-08-02T15:50:42.4228530Z [command]/usr/bin/git submodule foreach --recursive sh -c "git config --local --name-only --get-regexp 'core\.sshCommand' && git config --local --unset-all 'core.sshCommand' || :"
audit kyber-vulnerable / gcc -O2	UNKNOWN STEP	2026-08-02T15:50:42.4560162Z [command]/usr/bin/git config --local --name-only --get-regexp http\.https\:\/\/github\.com\/\.extraheader
audit kyber-vulnerable / gcc -O2	UNKNOWN STEP	2026-08-02T15:50:42.4796354Z http.https://github.com/.extraheader
audit kyber-vulnerable / gcc -O2	UNKNOWN STEP	2026-08-02T15:50:42.4815303Z [command]/usr/bin/git config --local --unset-all http.https://github.com/.extraheader
audit kyber-vulnerable / gcc -O2	UNKNOWN STEP	2026-08-02T15:50:42.4882885Z [command]/usr/bin/git submodule foreach --recursive sh -c "git config --local --name-only --get-regexp 'http\.https\:\/\/github\.com\/\.extraheader' && git config --local --unset-all 'http.https://github.com/.extraheader' || :"
audit kyber-vulnerable / gcc -O2	UNKNOWN STEP	2026-08-02T15:50:42.5144508Z [command]/usr/bin/git config --local --name-only --get-regexp ^includeIf\.gitdir:
audit kyber-vulnerable / gcc -O2	UNKNOWN STEP	2026-08-02T15:50:42.5180768Z [command]/usr/bin/git submodule foreach --recursive git config --local --show-origin --name-only --get-regexp remote.origin.url
audit kyber-vulnerable / gcc -O2	UNKNOWN STEP	2026-08-02T15:50:42.5558167Z Cleaning up orphan processes
audit kyber-vulnerable / gcc -O2	UNKNOWN STEP	2026-08-02T15:50:42.5863045Z ##[warning]Node.js 20 is deprecated. The following actions target Node.js 20 but are being forced to run on Node.js 24: actions/checkout@v4, actions/setup-python@v5, actions/upload-artifact@v4. For more information see: https://github.blog/changelog/2025-09-19-deprecation-of-node-20-on-github-actions-runners/
audit kyber-patched / clang -O2	UNKNOWN STEP	﻿2026-08-02T15:50:51.0593733Z Current runner version: '2.336.0'
audit kyber-patched / clang -O2	UNKNOWN STEP	2026-08-02T15:50:51.0611627Z ##[group]Runner Image Provisioner
audit kyber-patched / clang -O2	UNKNOWN STEP	2026-08-02T15:50:51.0612431Z Hosted Compute Agent
audit kyber-patched / clang -O2	UNKNOWN STEP	2026-08-02T15:50:51.0612926Z Version: 20260707.563
audit kyber-patched / clang -O2	UNKNOWN STEP	2026-08-02T15:50:51.0613426Z Commit: 02667638d2b423fbc733a8e32a88b44996a3ba6e
audit kyber-patched / clang -O2	UNKNOWN STEP	2026-08-02T15:50:51.0614055Z Build Date: 2026-07-07T19:33:50Z
audit kyber-patched / clang -O2	UNKNOWN STEP	2026-08-02T15:50:51.0614606Z Worker ID: {bf1dab24-b02a-42db-b4f8-81101e05248c}
audit kyber-patched / clang -O2	UNKNOWN STEP	2026-08-02T15:50:51.0615172Z Azure Region: westus3
audit kyber-patched / clang -O2	UNKNOWN STEP	2026-08-02T15:50:51.0615665Z ##[endgroup]
audit kyber-patched / clang -O2	UNKNOWN STEP	2026-08-02T15:50:51.0616858Z ##[group]Operating System
audit kyber-patched / clang -O2	UNKNOWN STEP	2026-08-02T15:50:51.0617377Z Ubuntu
audit kyber-patched / clang -O2	UNKNOWN STEP	2026-08-02T15:50:51.0617831Z 24.04.4
audit kyber-patched / clang -O2	UNKNOWN STEP	2026-08-02T15:50:51.0618242Z LTS
audit kyber-patched / clang -O2	UNKNOWN STEP	2026-08-02T15:50:51.0618681Z ##[endgroup]
audit kyber-patched / clang -O2	UNKNOWN STEP	2026-08-02T15:50:51.0619120Z ##[group]Runner Image
audit kyber-patched / clang -O2	UNKNOWN STEP	2026-08-02T15:50:51.0619643Z Image: ubuntu-24.04
audit kyber-patched / clang -O2	UNKNOWN STEP	2026-08-02T15:50:51.0620101Z Version: 20260720.247.2
audit kyber-patched / clang -O2	UNKNOWN STEP	2026-08-02T15:50:51.0621600Z Included Software: https://github.com/actions/runner-images/blob/ubuntu24/20260720.247/images/ubuntu/Ubuntu2404-Readme.md
audit kyber-patched / clang -O2	UNKNOWN STEP	2026-08-02T15:50:51.0622849Z Image Release: https://github.com/actions/runner-images/releases/tag/ubuntu24%2F20260720.247
audit kyber-patched / clang -O2	UNKNOWN STEP	2026-08-02T15:50:51.0623630Z ##[endgroup]
audit kyber-patched / clang -O2	UNKNOWN STEP	2026-08-02T15:50:51.0624566Z ##[group]GITHUB_TOKEN Permissions
audit kyber-patched / clang -O2	UNKNOWN STEP	2026-08-02T15:50:51.0626471Z Contents: read
audit kyber-patched / clang -O2	UNKNOWN STEP	2026-08-02T15:50:51.0626952Z Metadata: read
audit kyber-patched / clang -O2	UNKNOWN STEP	2026-08-02T15:50:51.0627409Z Packages: read
audit kyber-patched / clang -O2	UNKNOWN STEP	2026-08-02T15:50:51.0627892Z ##[endgroup]
audit kyber-patched / clang -O2	UNKNOWN STEP	2026-08-02T15:50:51.0629519Z Secret source: Actions
audit kyber-patched / clang -O2	UNKNOWN STEP	2026-08-02T15:50:51.0630331Z Prepare workflow directory
audit kyber-patched / clang -O2	UNKNOWN STEP	2026-08-02T15:50:51.0897157Z Prepare all required actions
audit kyber-patched / clang -O2	UNKNOWN STEP	2026-08-02T15:50:51.0965550Z Getting action download info
audit kyber-patched / clang -O2	UNKNOWN STEP	2026-08-02T15:50:51.3809095Z Download action repository 'actions/checkout@v4' (SHA:11d5960a326750d5838078e36cf38b85af677262)
audit kyber-patched / clang -O2	UNKNOWN STEP	2026-08-02T15:50:52.0008843Z Download action repository 'actions/setup-python@v5' (SHA:a26af69be951a213d495a4c3e4e4022e16d87065)
audit kyber-patched / clang -O2	UNKNOWN STEP	2026-08-02T15:50:52.1880212Z Download action repository 'actions/upload-artifact@v4' (SHA:ea165f8d65b6e75b540449e92b4886f43607fa02)
audit kyber-patched / clang -O2	UNKNOWN STEP	2026-08-02T15:50:52.5156726Z Complete job name: audit kyber-patched / clang -O2
audit kyber-patched / clang -O2	UNKNOWN STEP	2026-08-02T15:50:52.5887995Z Node 20 is being deprecated. This workflow is running with Node 24 by default. If you need to temporarily use Node 20, you can set the ACTIONS_ALLOW_USE_UNSECURE_NODE_VERSION=true environment variable. For more information see: https://github.blog/changelog/2025-09-19-deprecation-of-node-20-on-github-actions-runners/
audit kyber-patched / clang -O2	UNKNOWN STEP	2026-08-02T15:50:52.5900302Z ##[group]Run actions/checkout@v4
audit kyber-patched / clang -O2	UNKNOWN STEP	2026-08-02T15:50:52.5902172Z with:
audit kyber-patched / clang -O2	UNKNOWN STEP	2026-08-02T15:50:52.5903234Z   repository: Ace7111/kyberslash-evaluation
audit kyber-patched / clang -O2	UNKNOWN STEP	2026-08-02T15:50:52.5911726Z   token: ***
audit kyber-patched / clang -O2	UNKNOWN STEP	2026-08-02T15:50:52.5912736Z   ssh-strict: true
audit kyber-patched / clang -O2	UNKNOWN STEP	2026-08-02T15:50:52.5913713Z   ssh-user: git
audit kyber-patched / clang -O2	UNKNOWN STEP	2026-08-02T15:50:52.5914708Z   persist-credentials: true
audit kyber-patched / clang -O2	UNKNOWN STEP	2026-08-02T15:50:52.5915786Z   clean: true
audit kyber-patched / clang -O2	UNKNOWN STEP	2026-08-02T15:50:52.5916798Z   sparse-checkout-cone-mode: true
audit kyber-patched / clang -O2	UNKNOWN STEP	2026-08-02T15:50:52.5917949Z   fetch-depth: 1
audit kyber-patched / clang -O2	UNKNOWN STEP	2026-08-02T15:50:52.5918912Z   fetch-tags: false
audit kyber-patched / clang -O2	UNKNOWN STEP	2026-08-02T15:50:52.5919883Z   show-progress: true
audit kyber-patched / clang -O2	UNKNOWN STEP	2026-08-02T15:50:52.5921047Z   lfs: false
audit kyber-patched / clang -O2	UNKNOWN STEP	2026-08-02T15:50:52.5922113Z   submodules: false
audit kyber-patched / clang -O2	UNKNOWN STEP	2026-08-02T15:50:52.5923147Z   set-safe-directory: true
audit kyber-patched / clang -O2	UNKNOWN STEP	2026-08-02T15:50:52.5924266Z   allow-unsafe-pr-checkout: false
audit kyber-patched / clang -O2	UNKNOWN STEP	2026-08-02T15:50:52.5925614Z ##[endgroup]
audit kyber-patched / clang -O2	UNKNOWN STEP	2026-08-02T15:50:52.6829667Z Syncing repository: Ace7111/kyberslash-evaluation
audit kyber-patched / clang -O2	UNKNOWN STEP	2026-08-02T15:50:52.6832863Z ##[group]Getting Git version info
audit kyber-patched / clang -O2	UNKNOWN STEP	2026-08-02T15:50:52.6834763Z Working directory is '/home/runner/work/kyberslash-evaluation/kyberslash-evaluation'
audit kyber-patched / clang -O2	UNKNOWN STEP	2026-08-02T15:50:52.6837068Z [command]/usr/bin/git version
audit kyber-patched / clang -O2	UNKNOWN STEP	2026-08-02T15:50:52.6857765Z git version 2.54.0
audit kyber-patched / clang -O2	UNKNOWN STEP	2026-08-02T15:50:52.6879816Z ##[endgroup]
audit kyber-patched / clang -O2	UNKNOWN STEP	2026-08-02T15:50:52.6897310Z Temporarily overriding HOME='/home/runner/work/_temp/b5a0557e-9556-428d-a422-cf566b156df1' before making global git config changes
audit kyber-patched / clang -O2	UNKNOWN STEP	2026-08-02T15:50:52.6901584Z Adding repository directory to the temporary git global config as a safe directory
audit kyber-patched / clang -O2	UNKNOWN STEP	2026-08-02T15:50:52.6905620Z [command]/usr/bin/git config --global --add safe.directory /home/runner/work/kyberslash-evaluation/kyberslash-evaluation
audit kyber-patched / clang -O2	UNKNOWN STEP	2026-08-02T15:50:52.6939902Z Deleting the contents of '/home/runner/work/kyberslash-evaluation/kyberslash-evaluation'
audit kyber-patched / clang -O2	UNKNOWN STEP	2026-08-02T15:50:52.6943144Z ##[group]Initializing the repository
audit kyber-patched / clang -O2	UNKNOWN STEP	2026-08-02T15:50:52.6947446Z [command]/usr/bin/git init /home/runner/work/kyberslash-evaluation/kyberslash-evaluation
audit kyber-patched / clang -O2	UNKNOWN STEP	2026-08-02T15:50:52.7034890Z hint: Using 'master' as the name for the initial branch. This default branch name
audit kyber-patched / clang -O2	UNKNOWN STEP	2026-08-02T15:50:52.7037970Z hint: will change to "main" in Git 3.0. To configure the initial branch name
audit kyber-patched / clang -O2	UNKNOWN STEP	2026-08-02T15:50:52.7041075Z hint: to use in all of your new repositories, which will suppress this warning,
audit kyber-patched / clang -O2	UNKNOWN STEP	2026-08-02T15:50:52.7043727Z hint: call:
audit kyber-patched / clang -O2	UNKNOWN STEP	2026-08-02T15:50:52.7045139Z hint:
audit kyber-patched / clang -O2	UNKNOWN STEP	2026-08-02T15:50:52.7046942Z hint: 	git config --global init.defaultBranch <name>
audit kyber-patched / clang -O2	UNKNOWN STEP	2026-08-02T15:50:52.7048894Z hint:
audit kyber-patched / clang -O2	UNKNOWN STEP	2026-08-02T15:50:52.7051252Z hint: Names commonly chosen instead of 'master' are 'main', 'trunk' and
audit kyber-patched / clang -O2	UNKNOWN STEP	2026-08-02T15:50:52.7053798Z hint: 'development'. The just-created branch can be renamed via this command:
audit kyber-patched / clang -O2	UNKNOWN STEP	2026-08-02T15:50:52.7055376Z hint:
audit kyber-patched / clang -O2	UNKNOWN STEP	2026-08-02T15:50:52.7056443Z hint: 	git branch -m <name>
audit kyber-patched / clang -O2	UNKNOWN STEP	2026-08-02T15:50:52.7057850Z hint:
audit kyber-patched / clang -O2	UNKNOWN STEP	2026-08-02T15:50:52.7059602Z hint: Disable this message with "git config set advice.defaultBranchName false"
audit kyber-patched / clang -O2	UNKNOWN STEP	2026-08-02T15:50:52.7062421Z Initialized empty Git repository in /home/runner/work/kyberslash-evaluation/kyberslash-evaluation/.git/
audit kyber-patched / clang -O2	UNKNOWN STEP	2026-08-02T15:50:52.7067506Z [command]/usr/bin/git remote add origin https://github.com/Ace7111/kyberslash-evaluation
audit kyber-patched / clang -O2	UNKNOWN STEP	2026-08-02T15:50:52.7076192Z ##[endgroup]
audit kyber-patched / clang -O2	UNKNOWN STEP	2026-08-02T15:50:52.7079317Z ##[group]Disabling automatic garbage collection
audit kyber-patched / clang -O2	UNKNOWN STEP	2026-08-02T15:50:52.7081646Z [command]/usr/bin/git config --local gc.auto 0
audit kyber-patched / clang -O2	UNKNOWN STEP	2026-08-02T15:50:52.7101751Z ##[endgroup]
audit kyber-patched / clang -O2	UNKNOWN STEP	2026-08-02T15:50:52.7103761Z ##[group]Setting up auth
audit kyber-patched / clang -O2	UNKNOWN STEP	2026-08-02T15:50:52.7105768Z [command]/usr/bin/git config --local --name-only --get-regexp core\.sshCommand
audit kyber-patched / clang -O2	UNKNOWN STEP	2026-08-02T15:50:52.7134588Z [command]/usr/bin/git submodule foreach --recursive sh -c "git config --local --name-only --get-regexp 'core\.sshCommand' && git config --local --unset-all 'core.sshCommand' || :"
audit kyber-patched / clang -O2	UNKNOWN STEP	2026-08-02T15:50:52.7401373Z [command]/usr/bin/git config --local --name-only --get-regexp http\.https\:\/\/github\.com\/\.extraheader
audit kyber-patched / clang -O2	UNKNOWN STEP	2026-08-02T15:50:52.7427911Z [command]/usr/bin/git submodule foreach --recursive sh -c "git config --local --name-only --get-regexp 'http\.https\:\/\/github\.com\/\.extraheader' && git config --local --unset-all 'http.https://github.com/.extraheader' || :"
audit kyber-patched / clang -O2	UNKNOWN STEP	2026-08-02T15:50:52.7606127Z [command]/usr/bin/git config --local --name-only --get-regexp ^includeIf\.gitdir:
audit kyber-patched / clang -O2	UNKNOWN STEP	2026-08-02T15:50:52.7634983Z [command]/usr/bin/git submodule foreach --recursive git config --local --show-origin --name-only --get-regexp remote.origin.url
audit kyber-patched / clang -O2	UNKNOWN STEP	2026-08-02T15:50:52.7794420Z [command]/usr/bin/git config --local http.https://github.com/.extraheader AUTHORIZATION: basic ***
audit kyber-patched / clang -O2	UNKNOWN STEP	2026-08-02T15:50:52.7821536Z ##[endgroup]
audit kyber-patched / clang -O2	UNKNOWN STEP	2026-08-02T15:50:52.7823125Z ##[group]Fetching the repository
audit kyber-patched / clang -O2	UNKNOWN STEP	2026-08-02T15:50:52.7829363Z [command]/usr/bin/git -c protocol.version=2 fetch --no-tags --prune --no-recurse-submodules --depth=1 origin +c36da0f41ae2be8e5a855b5edf63e5074665cffa:refs/remotes/origin/main
audit kyber-patched / clang -O2	UNKNOWN STEP	2026-08-02T15:50:53.4730481Z From https://github.com/Ace7111/kyberslash-evaluation
audit kyber-patched / clang -O2	UNKNOWN STEP	2026-08-02T15:50:53.4732477Z  * [new ref]         c36da0f41ae2be8e5a855b5edf63e5074665cffa -> origin/main
audit kyber-patched / clang -O2	UNKNOWN STEP	2026-08-02T15:50:53.4751624Z ##[endgroup]
audit kyber-patched / clang -O2	UNKNOWN STEP	2026-08-02T15:50:53.4753381Z ##[group]Determining the checkout info
audit kyber-patched / clang -O2	UNKNOWN STEP	2026-08-02T15:50:53.4758839Z ##[endgroup]
audit kyber-patched / clang -O2	UNKNOWN STEP	2026-08-02T15:50:53.4766838Z [command]/usr/bin/git sparse-checkout disable
audit kyber-patched / clang -O2	UNKNOWN STEP	2026-08-02T15:50:53.5351777Z [command]/usr/bin/git config --local --unset-all extensions.worktreeConfig
audit kyber-patched / clang -O2	UNKNOWN STEP	2026-08-02T15:50:53.6423545Z ##[group]Checking out the ref
audit kyber-patched / clang -O2	UNKNOWN STEP	2026-08-02T15:50:53.6427073Z [command]/usr/bin/git checkout --progress --force -B main refs/remotes/origin/main
audit kyber-patched / clang -O2	UNKNOWN STEP	2026-08-02T15:50:53.6602144Z Switched to a new branch 'main'
audit kyber-patched / clang -O2	UNKNOWN STEP	2026-08-02T15:50:53.6603621Z branch 'main' set up to track 'origin/main'.
audit kyber-patched / clang -O2	UNKNOWN STEP	2026-08-02T15:50:53.6608338Z ##[endgroup]
audit kyber-patched / clang -O2	UNKNOWN STEP	2026-08-02T15:50:53.6638433Z [command]/usr/bin/git log -1 --format=%H
audit kyber-patched / clang -O2	UNKNOWN STEP	2026-08-02T15:50:53.6657404Z c36da0f41ae2be8e5a855b5edf63e5074665cffa
audit kyber-patched / clang -O2	UNKNOWN STEP	2026-08-02T15:50:53.6980655Z Node 20 is being deprecated. This workflow is running with Node 24 by default. If you need to temporarily use Node 20, you can set the ACTIONS_ALLOW_USE_UNSECURE_NODE_VERSION=true environment variable. For more information see: https://github.blog/changelog/2025-09-19-deprecation-of-node-20-on-github-actions-runners/
audit kyber-patched / clang -O2	UNKNOWN STEP	2026-08-02T15:50:53.6985729Z ##[group]Run actions/setup-python@v5
audit kyber-patched / clang -O2	UNKNOWN STEP	2026-08-02T15:50:53.6986812Z with:
audit kyber-patched / clang -O2	UNKNOWN STEP	2026-08-02T15:50:53.6987681Z   python-version: 3.12
audit kyber-patched / clang -O2	UNKNOWN STEP	2026-08-02T15:50:53.6988687Z   check-latest: false
audit kyber-patched / clang -O2	UNKNOWN STEP	2026-08-02T15:50:53.6998566Z   token: ***
audit kyber-patched / clang -O2	UNKNOWN STEP	2026-08-02T15:50:53.6999530Z   update-environment: true
audit kyber-patched / clang -O2	UNKNOWN STEP	2026-08-02T15:50:53.7000592Z   allow-prereleases: false
audit kyber-patched / clang -O2	UNKNOWN STEP	2026-08-02T15:50:53.7001922Z   freethreaded: false
audit kyber-patched / clang -O2	UNKNOWN STEP	2026-08-02T15:50:53.7002878Z ##[endgroup]
audit kyber-patched / clang -O2	UNKNOWN STEP	2026-08-02T15:50:53.8195930Z ##[group]Installed versions
audit kyber-patched / clang -O2	UNKNOWN STEP	2026-08-02T15:50:53.9797442Z (node:2045) [DEP0040] DeprecationWarning: The `punycode` module is deprecated. Please use a userland alternative instead.
audit kyber-patched / clang -O2	UNKNOWN STEP	2026-08-02T15:50:53.9801081Z (Use `node --trace-deprecation ...` to show where the warning was created)
audit kyber-patched / clang -O2	UNKNOWN STEP	2026-08-02T15:50:53.9803141Z Successfully set up CPython (3.12.13)
audit kyber-patched / clang -O2	UNKNOWN STEP	2026-08-02T15:50:53.9805436Z ##[endgroup]
audit kyber-patched / clang -O2	UNKNOWN STEP	2026-08-02T15:50:53.9960640Z ##[group]Run git clone --quiet https://github.com/pq-crystals/kyber.git targets/pq-crystals-kyber
audit kyber-patched / clang -O2	UNKNOWN STEP	2026-08-02T15:50:53.9963191Z ^[[36;1mgit clone --quiet https://github.com/pq-crystals/kyber.git targets/pq-crystals-kyber^[[0m
audit kyber-patched / clang -O2	UNKNOWN STEP	2026-08-02T15:50:54.0010229Z shell: /usr/bin/bash -e {0}
audit kyber-patched / clang -O2	UNKNOWN STEP	2026-08-02T15:50:54.0011269Z env:
audit kyber-patched / clang -O2	UNKNOWN STEP	2026-08-02T15:50:54.0012248Z   pythonLocation: /opt/hostedtoolcache/Python/3.12.13/x64
audit kyber-patched / clang -O2	UNKNOWN STEP	2026-08-02T15:50:54.0013639Z   PKG_CONFIG_PATH: /opt/hostedtoolcache/Python/3.12.13/x64/lib/pkgconfig
audit kyber-patched / clang -O2	UNKNOWN STEP	2026-08-02T15:50:54.0015060Z   Python_ROOT_DIR: /opt/hostedtoolcache/Python/3.12.13/x64
audit kyber-patched / clang -O2	UNKNOWN STEP	2026-08-02T15:50:54.0016395Z   Python2_ROOT_DIR: /opt/hostedtoolcache/Python/3.12.13/x64
audit kyber-patched / clang -O2	UNKNOWN STEP	2026-08-02T15:50:54.0017652Z   Python3_ROOT_DIR: /opt/hostedtoolcache/Python/3.12.13/x64
audit kyber-patched / clang -O2	UNKNOWN STEP	2026-08-02T15:50:54.0018968Z   LD_LIBRARY_PATH: /opt/hostedtoolcache/Python/3.12.13/x64/lib
audit kyber-patched / clang -O2	UNKNOWN STEP	2026-08-02T15:50:54.0020053Z ##[endgroup]
audit kyber-patched / clang -O2	UNKNOWN STEP	2026-08-02T15:50:55.4967317Z ##[group]Run clang --version
audit kyber-patched / clang -O2	UNKNOWN STEP	2026-08-02T15:50:55.4967767Z ^[[36;1mclang --version^[[0m
audit kyber-patched / clang -O2	UNKNOWN STEP	2026-08-02T15:50:55.4968184Z ^[[36;1mobjdump --version | head -1^[[0m
audit kyber-patched / clang -O2	UNKNOWN STEP	2026-08-02T15:50:55.4968603Z ^[[36;1muname -m^[[0m
audit kyber-patched / clang -O2	UNKNOWN STEP	2026-08-02T15:50:55.4996942Z shell: /usr/bin/bash -e {0}
audit kyber-patched / clang -O2	UNKNOWN STEP	2026-08-02T15:50:55.4997294Z env:
audit kyber-patched / clang -O2	UNKNOWN STEP	2026-08-02T15:50:55.4997751Z   pythonLocation: /opt/hostedtoolcache/Python/3.12.13/x64
audit kyber-patched / clang -O2	UNKNOWN STEP	2026-08-02T15:50:55.4998242Z   PKG_CONFIG_PATH: /opt/hostedtoolcache/Python/3.12.13/x64/lib/pkgconfig
audit kyber-patched / clang -O2	UNKNOWN STEP	2026-08-02T15:50:55.4998725Z   Python_ROOT_DIR: /opt/hostedtoolcache/Python/3.12.13/x64
audit kyber-patched / clang -O2	UNKNOWN STEP	2026-08-02T15:50:55.4999170Z   Python2_ROOT_DIR: /opt/hostedtoolcache/Python/3.12.13/x64
audit kyber-patched / clang -O2	UNKNOWN STEP	2026-08-02T15:50:55.4999608Z   Python3_ROOT_DIR: /opt/hostedtoolcache/Python/3.12.13/x64
audit kyber-patched / clang -O2	UNKNOWN STEP	2026-08-02T15:50:55.5000063Z   LD_LIBRARY_PATH: /opt/hostedtoolcache/Python/3.12.13/x64/lib
audit kyber-patched / clang -O2	UNKNOWN STEP	2026-08-02T15:50:55.5000462Z ##[endgroup]
audit kyber-patched / clang -O2	UNKNOWN STEP	2026-08-02T15:50:57.3780309Z Ubuntu clang version 18.1.3 (1ubuntu1)
audit kyber-patched / clang -O2	UNKNOWN STEP	2026-08-02T15:50:57.3781388Z Target: x86_64-pc-linux-gnu
audit kyber-patched / clang -O2	UNKNOWN STEP	2026-08-02T15:50:57.3781786Z Thread model: posix
audit kyber-patched / clang -O2	UNKNOWN STEP	2026-08-02T15:50:57.3782153Z InstalledDir: /usr/bin
audit kyber-patched / clang -O2	UNKNOWN STEP	2026-08-02T15:50:57.4563324Z GNU objdump (GNU Binutils for Ubuntu) 2.42
audit kyber-patched / clang -O2	UNKNOWN STEP	2026-08-02T15:50:57.4572758Z x86_64
audit kyber-patched / clang -O2	UNKNOWN STEP	2026-08-02T15:50:57.4605378Z ##[group]Run # NOTE the "=" on --opt-levels. Without it argparse reads a value like
audit kyber-patched / clang -O2	UNKNOWN STEP	2026-08-02T15:50:57.4605910Z ^[[36;1m# NOTE the "=" on --opt-levels. Without it argparse reads a value like^[[0m
audit kyber-patched / clang -O2	UNKNOWN STEP	2026-08-02T15:50:57.4606398Z ^[[36;1m# "-Os" as a flag and the run fails with "expected at least one argument".^[[0m
audit kyber-patched / clang -O2	UNKNOWN STEP	2026-08-02T15:50:57.4606823Z ^[[36;1mpython3 scripts/build_matrix.py \^[[0m
audit kyber-patched / clang -O2	UNKNOWN STEP	2026-08-02T15:50:57.4607168Z ^[[36;1m  --targets kyber-patched \^[[0m
audit kyber-patched / clang -O2	UNKNOWN STEP	2026-08-02T15:50:57.4607484Z ^[[36;1m  --compilers clang \^[[0m
audit kyber-patched / clang -O2	UNKNOWN STEP	2026-08-02T15:50:57.4607899Z ^[[36;1m  --opt-levels='-O2' \^[[0m
audit kyber-patched / clang -O2	UNKNOWN STEP	2026-08-02T15:50:57.4608199Z ^[[36;1m  --out audit.json^[[0m
audit kyber-patched / clang -O2	UNKNOWN STEP	2026-08-02T15:50:57.4633693Z shell: /usr/bin/bash -e {0}
audit kyber-patched / clang -O2	UNKNOWN STEP	2026-08-02T15:50:57.4634022Z env:
audit kyber-patched / clang -O2	UNKNOWN STEP	2026-08-02T15:50:57.4634375Z   pythonLocation: /opt/hostedtoolcache/Python/3.12.13/x64
audit kyber-patched / clang -O2	UNKNOWN STEP	2026-08-02T15:50:57.4634891Z   PKG_CONFIG_PATH: /opt/hostedtoolcache/Python/3.12.13/x64/lib/pkgconfig
audit kyber-patched / clang -O2	UNKNOWN STEP	2026-08-02T15:50:57.4635440Z   Python_ROOT_DIR: /opt/hostedtoolcache/Python/3.12.13/x64
audit kyber-patched / clang -O2	UNKNOWN STEP	2026-08-02T15:50:57.4635847Z   Python2_ROOT_DIR: /opt/hostedtoolcache/Python/3.12.13/x64
audit kyber-patched / clang -O2	UNKNOWN STEP	2026-08-02T15:50:57.4636234Z   Python3_ROOT_DIR: /opt/hostedtoolcache/Python/3.12.13/x64
audit kyber-patched / clang -O2	UNKNOWN STEP	2026-08-02T15:50:57.4636608Z   LD_LIBRARY_PATH: /opt/hostedtoolcache/Python/3.12.13/x64/lib
audit kyber-patched / clang -O2	UNKNOWN STEP	2026-08-02T15:50:57.4636998Z ##[endgroup]
audit kyber-patched / clang -O2	UNKNOWN STEP	2026-08-02T15:50:59.2513023Z [NO_SECRET_DEPENDENT_DIV ] kyber-patched_clang_O2_768  secret_div=0 total_div=0
audit kyber-patched / clang -O2	UNKNOWN STEP	2026-08-02T15:50:59.2513560Z 
audit kyber-patched / clang -O2	UNKNOWN STEP	2026-08-02T15:50:59.2513952Z Wrote 1 cells to audit.json
audit kyber-patched / clang -O2	UNKNOWN STEP	2026-08-02T15:50:59.2631681Z ##[group]Run python3 - <<'PY'
audit kyber-patched / clang -O2	UNKNOWN STEP	2026-08-02T15:50:59.2632110Z ^[[36;1mpython3 - <<'PY'^[[0m
audit kyber-patched / clang -O2	UNKNOWN STEP	2026-08-02T15:50:59.2632429Z ^[[36;1mimport json, sys^[[0m
audit kyber-patched / clang -O2	UNKNOWN STEP	2026-08-02T15:50:59.2632752Z ^[[36;1mrows = json.load(open("audit.json"))^[[0m
audit kyber-patched / clang -O2	UNKNOWN STEP	2026-08-02T15:50:59.2633122Z ^[[36;1m^[[0m
audit kyber-patched / clang -O2	UNKNOWN STEP	2026-08-02T15:50:59.2633445Z ^[[36;1mgated = [r for r in rows if r.get("gate_failed_at")]^[[0m
audit kyber-patched / clang -O2	UNKNOWN STEP	2026-08-02T15:50:59.2633811Z ^[[36;1mfor r in gated:^[[0m
audit kyber-patched / clang -O2	UNKNOWN STEP	2026-08-02T15:50:59.2634194Z ^[[36;1m    print(f"::warning::{r['experiment_id']} failed at "^[[0m
audit kyber-patched / clang -O2	UNKNOWN STEP	2026-08-02T15:50:59.2634645Z ^[[36;1m          f"{r['gate_failed_at']} - no security verdict produced")^[[0m
audit kyber-patched / clang -O2	UNKNOWN STEP	2026-08-02T15:50:59.2635051Z ^[[36;1m^[[0m
audit kyber-patched / clang -O2	UNKNOWN STEP	2026-08-02T15:50:59.2635404Z ^[[36;1mvulnerable = [r for r in rows if r.get("verdict") == "VULNERABLE"]^[[0m
audit kyber-patched / clang -O2	UNKNOWN STEP	2026-08-02T15:50:59.2635816Z ^[[36;1mfor r in vulnerable:^[[0m
audit kyber-patched / clang -O2	UNKNOWN STEP	2026-08-02T15:50:59.2636183Z ^[[36;1m    fns = ", ".join(r.get("vulnerable_functions", []))^[[0m
audit kyber-patched / clang -O2	UNKNOWN STEP	2026-08-02T15:50:59.2636715Z ^[[36;1m    variants = ", ".join(r.get("kyberslash_variants", []))^[[0m
audit kyber-patched / clang -O2	UNKNOWN STEP	2026-08-02T15:50:59.2637216Z ^[[36;1m    print(f"::error::{r['experiment_id']}: secret-dependent division in "^[[0m
audit kyber-patched / clang -O2	UNKNOWN STEP	2026-08-02T15:50:59.2637641Z ^[[36;1m          f"{fns} ({variants})")^[[0m
audit kyber-patched / clang -O2	UNKNOWN STEP	2026-08-02T15:50:59.2637940Z ^[[36;1m^[[0m
audit kyber-patched / clang -O2	UNKNOWN STEP	2026-08-02T15:50:59.2638233Z ^[[36;1mif vulnerable:^[[0m
audit kyber-patched / clang -O2	UNKNOWN STEP	2026-08-02T15:50:59.2638525Z ^[[36;1m    sys.exit(1)^[[0m
audit kyber-patched / clang -O2	UNKNOWN STEP	2026-08-02T15:50:59.2638827Z ^[[36;1m^[[0m
audit kyber-patched / clang -O2	UNKNOWN STEP	2026-08-02T15:50:59.2639157Z ^[[36;1maudited = [r for r in rows if not r.get("gate_failed_at")]^[[0m
audit kyber-patched / clang -O2	UNKNOWN STEP	2026-08-02T15:50:59.2639542Z ^[[36;1mif not audited:^[[0m
audit kyber-patched / clang -O2	UNKNOWN STEP	2026-08-02T15:50:59.2639954Z ^[[36;1m    print("::error::no cell produced a verdict - nothing was actually audited")^[[0m
audit kyber-patched / clang -O2	UNKNOWN STEP	2026-08-02T15:50:59.2640385Z ^[[36;1m    sys.exit(1)^[[0m
audit kyber-patched / clang -O2	UNKNOWN STEP	2026-08-02T15:50:59.2640669Z ^[[36;1m^[[0m
audit kyber-patched / clang -O2	UNKNOWN STEP	2026-08-02T15:50:59.2641369Z ^[[36;1m# Incidental divisions are expected and must not fail the build. Reporting^[[0m
audit kyber-patched / clang -O2	UNKNOWN STEP	2026-08-02T15:50:59.2641917Z ^[[36;1m# them keeps the distinction visible: a correctly patched binary still^[[0m
audit kyber-patched / clang -O2	UNKNOWN STEP	2026-08-02T15:50:59.2642450Z ^[[36;1m# contains divisions in Keccak and rejection sampling, and a check that^[[0m
audit kyber-patched / clang -O2	UNKNOWN STEP	2026-08-02T15:50:59.2642995Z ^[[36;1m# merely grepped for a division mnemonic would reject it.^[[0m
audit kyber-patched / clang -O2	UNKNOWN STEP	2026-08-02T15:50:59.2643395Z ^[[36;1mfor r in audited:^[[0m
audit kyber-patched / clang -O2	UNKNOWN STEP	2026-08-02T15:50:59.2643758Z ^[[36;1m    print(f"{r['experiment_id']}: clean "^[[0m
audit kyber-patched / clang -O2	UNKNOWN STEP	2026-08-02T15:50:59.2644171Z ^[[36;1m          f"({r.get('total_divisions', 0)} incidental division(s))")^[[0m
audit kyber-patched / clang -O2	UNKNOWN STEP	2026-08-02T15:50:59.2644552Z ^[[36;1mPY^[[0m
audit kyber-patched / clang -O2	UNKNOWN STEP	2026-08-02T15:50:59.2671154Z shell: /usr/bin/bash -e {0}
audit kyber-patched / clang -O2	UNKNOWN STEP	2026-08-02T15:50:59.2671523Z env:
audit kyber-patched / clang -O2	UNKNOWN STEP	2026-08-02T15:50:59.2671848Z   pythonLocation: /opt/hostedtoolcache/Python/3.12.13/x64
audit kyber-patched / clang -O2	UNKNOWN STEP	2026-08-02T15:50:59.2672318Z   PKG_CONFIG_PATH: /opt/hostedtoolcache/Python/3.12.13/x64/lib/pkgconfig
audit kyber-patched / clang -O2	UNKNOWN STEP	2026-08-02T15:50:59.2672796Z   Python_ROOT_DIR: /opt/hostedtoolcache/Python/3.12.13/x64
audit kyber-patched / clang -O2	UNKNOWN STEP	2026-08-02T15:50:59.2673183Z   Python2_ROOT_DIR: /opt/hostedtoolcache/Python/3.12.13/x64
audit kyber-patched / clang -O2	UNKNOWN STEP	2026-08-02T15:50:59.2673588Z   Python3_ROOT_DIR: /opt/hostedtoolcache/Python/3.12.13/x64
audit kyber-patched / clang -O2	UNKNOWN STEP	2026-08-02T15:50:59.2674115Z   LD_LIBRARY_PATH: /opt/hostedtoolcache/Python/3.12.13/x64/lib
audit kyber-patched / clang -O2	UNKNOWN STEP	2026-08-02T15:50:59.2674445Z ##[endgroup]
audit kyber-patched / clang -O2	UNKNOWN STEP	2026-08-02T15:50:59.2865863Z EXP-kyber-patched_clang_O2_768: clean (0 incidental division(s))
audit kyber-patched / clang -O2	UNKNOWN STEP	2026-08-02T15:50:59.2945608Z Node 20 is being deprecated. This workflow is running with Node 24 by default. If you need to temporarily use Node 20, you can set the ACTIONS_ALLOW_USE_UNSECURE_NODE_VERSION=true environment variable. For more information see: https://github.blog/changelog/2025-09-19-deprecation-of-node-20-on-github-actions-runners/
audit kyber-patched / clang -O2	UNKNOWN STEP	2026-08-02T15:50:59.2946602Z ##[group]Run actions/upload-artifact@v4
audit kyber-patched / clang -O2	UNKNOWN STEP	2026-08-02T15:50:59.2946873Z with:
audit kyber-patched / clang -O2	UNKNOWN STEP	2026-08-02T15:50:59.2947146Z   name: audit-kyber-patched-clang--O2
audit kyber-patched / clang -O2	UNKNOWN STEP	2026-08-02T15:50:59.2947456Z   path: audit.json
audit kyber-patched / clang -O2	UNKNOWN STEP	2026-08-02T15:50:59.2947704Z   if-no-files-found: warn
audit kyber-patched / clang -O2	UNKNOWN STEP	2026-08-02T15:50:59.2947969Z   compression-level: 6
audit kyber-patched / clang -O2	UNKNOWN STEP	2026-08-02T15:50:59.2948212Z   overwrite: false
audit kyber-patched / clang -O2	UNKNOWN STEP	2026-08-02T15:50:59.2948460Z   include-hidden-files: false
audit kyber-patched / clang -O2	UNKNOWN STEP	2026-08-02T15:50:59.2948717Z env:
audit kyber-patched / clang -O2	UNKNOWN STEP	2026-08-02T15:50:59.2948998Z   pythonLocation: /opt/hostedtoolcache/Python/3.12.13/x64
audit kyber-patched / clang -O2	UNKNOWN STEP	2026-08-02T15:50:59.2949419Z   PKG_CONFIG_PATH: /opt/hostedtoolcache/Python/3.12.13/x64/lib/pkgconfig
audit kyber-patched / clang -O2	UNKNOWN STEP	2026-08-02T15:50:59.2949863Z   Python_ROOT_DIR: /opt/hostedtoolcache/Python/3.12.13/x64
audit kyber-patched / clang -O2	UNKNOWN STEP	2026-08-02T15:50:59.2950252Z   Python2_ROOT_DIR: /opt/hostedtoolcache/Python/3.12.13/x64
audit kyber-patched / clang -O2	UNKNOWN STEP	2026-08-02T15:50:59.2950631Z   Python3_ROOT_DIR: /opt/hostedtoolcache/Python/3.12.13/x64
audit kyber-patched / clang -O2	UNKNOWN STEP	2026-08-02T15:50:59.2951224Z   LD_LIBRARY_PATH: /opt/hostedtoolcache/Python/3.12.13/x64/lib
audit kyber-patched / clang -O2	UNKNOWN STEP	2026-08-02T15:50:59.2951557Z ##[endgroup]
audit kyber-patched / clang -O2	UNKNOWN STEP	2026-08-02T15:50:59.4387996Z (node:2092) [DEP0040] DeprecationWarning: The `punycode` module is deprecated. Please use a userland alternative instead.
audit kyber-patched / clang -O2	UNKNOWN STEP	2026-08-02T15:50:59.4389134Z (Use `node --trace-deprecation ...` to show where the warning was created)
audit kyber-patched / clang -O2	UNKNOWN STEP	2026-08-02T15:50:59.4428660Z With the provided path, there will be 1 file uploaded
audit kyber-patched / clang -O2	UNKNOWN STEP	2026-08-02T15:50:59.4431474Z Artifact name is valid!
audit kyber-patched / clang -O2	UNKNOWN STEP	2026-08-02T15:50:59.4433371Z Root directory input is valid!
audit kyber-patched / clang -O2	UNKNOWN STEP	2026-08-02T15:50:59.7327660Z Beginning upload of artifact content to blob storage
audit kyber-patched / clang -O2	UNKNOWN STEP	2026-08-02T15:50:59.7488485Z (node:2092) [DEP0169] DeprecationWarning: `url.parse()` behavior is not standardized and prone to errors that have security implications. Use the WHATWG URL API instead. CVEs are not issued for `url.parse()` vulnerabilities.
audit kyber-patched / clang -O2	UNKNOWN STEP	2026-08-02T15:50:59.9757603Z Uploaded bytes 684
audit kyber-patched / clang -O2	UNKNOWN STEP	2026-08-02T15:51:00.0385963Z Finished uploading artifact content to blob storage!
audit kyber-patched / clang -O2	UNKNOWN STEP	2026-08-02T15:51:00.0386829Z SHA256 digest of uploaded artifact zip is 0703953ed9a2e15f9777bbdef4294ae723aa78a0ea62688ab0825ffafa581273
audit kyber-patched / clang -O2	UNKNOWN STEP	2026-08-02T15:51:00.0388472Z Finalizing artifact upload
audit kyber-patched / clang -O2	UNKNOWN STEP	2026-08-02T15:51:00.2356157Z Artifact audit-kyber-patched-clang--O2.zip successfully finalized. Artifact ID 8835720933
audit kyber-patched / clang -O2	UNKNOWN STEP	2026-08-02T15:51:00.2357463Z Artifact audit-kyber-patched-clang--O2 has been successfully uploaded! Final size is 684 bytes. Artifact ID is 8835720933
audit kyber-patched / clang -O2	UNKNOWN STEP	2026-08-02T15:51:00.2363869Z Artifact download URL: https://github.com/Ace7111/kyberslash-evaluation/actions/runs/30755244934/artifacts/8835720933
audit kyber-patched / clang -O2	UNKNOWN STEP	2026-08-02T15:51:00.2504793Z Node 20 is being deprecated. This workflow is running with Node 24 by default. If you need to temporarily use Node 20, you can set the ACTIONS_ALLOW_USE_UNSECURE_NODE_VERSION=true environment variable. For more information see: https://github.blog/changelog/2025-09-19-deprecation-of-node-20-on-github-actions-runners/
audit kyber-patched / clang -O2	UNKNOWN STEP	2026-08-02T15:51:00.2506059Z Post job cleanup.
audit kyber-patched / clang -O2	UNKNOWN STEP	2026-08-02T15:51:00.3543226Z (node:2104) [DEP0040] DeprecationWarning: The `punycode` module is deprecated. Please use a userland alternative instead.
audit kyber-patched / clang -O2	UNKNOWN STEP	2026-08-02T15:51:00.3543916Z (Use `node --trace-deprecation ...` to show where the warning was created)
audit kyber-patched / clang -O2	UNKNOWN STEP	2026-08-02T15:51:00.3646808Z Node 20 is being deprecated. This workflow is running with Node 24 by default. If you need to temporarily use Node 20, you can set the ACTIONS_ALLOW_USE_UNSECURE_NODE_VERSION=true environment variable. For more information see: https://github.blog/changelog/2025-09-19-deprecation-of-node-20-on-github-actions-runners/
audit kyber-patched / clang -O2	UNKNOWN STEP	2026-08-02T15:51:00.3647895Z Post job cleanup.
audit kyber-patched / clang -O2	UNKNOWN STEP	2026-08-02T15:51:00.4388222Z [command]/usr/bin/git version
audit kyber-patched / clang -O2	UNKNOWN STEP	2026-08-02T15:51:00.4419128Z git version 2.54.0
audit kyber-patched / clang -O2	UNKNOWN STEP	2026-08-02T15:51:00.4449315Z Temporarily overriding HOME='/home/runner/work/_temp/d53bec95-79a0-464d-b50f-47c063b7ea04' before making global git config changes
audit kyber-patched / clang -O2	UNKNOWN STEP	2026-08-02T15:51:00.4450932Z Adding repository directory to the temporary git global config as a safe directory
audit kyber-patched / clang -O2	UNKNOWN STEP	2026-08-02T15:51:00.4461925Z [command]/usr/bin/git config --global --add safe.directory /home/runner/work/kyberslash-evaluation/kyberslash-evaluation
audit kyber-patched / clang -O2	UNKNOWN STEP	2026-08-02T15:51:00.4521754Z [command]/usr/bin/git config --local --name-only --get-regexp core\.sshCommand
audit kyber-patched / clang -O2	UNKNOWN STEP	2026-08-02T15:51:00.4542977Z [command]/usr/bin/git submodule foreach --recursive sh -c "git config --local --name-only --get-regexp 'core\.sshCommand' && git config --local --unset-all 'core.sshCommand' || :"
audit kyber-patched / clang -O2	UNKNOWN STEP	2026-08-02T15:51:00.4803172Z [command]/usr/bin/git config --local --name-only --get-regexp http\.https\:\/\/github\.com\/\.extraheader
audit kyber-patched / clang -O2	UNKNOWN STEP	2026-08-02T15:51:00.4819959Z http.https://github.com/.extraheader
audit kyber-patched / clang -O2	UNKNOWN STEP	2026-08-02T15:51:00.4836440Z [command]/usr/bin/git config --local --unset-all http.https://github.com/.extraheader
audit kyber-patched / clang -O2	UNKNOWN STEP	2026-08-02T15:51:00.4876910Z [command]/usr/bin/git submodule foreach --recursive sh -c "git config --local --name-only --get-regexp 'http\.https\:\/\/github\.com\/\.extraheader' && git config --local --unset-all 'http.https://github.com/.extraheader' || :"
audit kyber-patched / clang -O2	UNKNOWN STEP	2026-08-02T15:51:00.5130004Z [command]/usr/bin/git config --local --name-only --get-regexp ^includeIf\.gitdir:
audit kyber-patched / clang -O2	UNKNOWN STEP	2026-08-02T15:51:00.5165035Z [command]/usr/bin/git submodule foreach --recursive git config --local --show-origin --name-only --get-regexp remote.origin.url
audit kyber-patched / clang -O2	UNKNOWN STEP	2026-08-02T15:51:00.5485246Z Cleaning up orphan processes
audit kyber-patched / clang -O2	UNKNOWN STEP	2026-08-02T15:51:00.5682673Z ##[warning]Node.js 20 is deprecated. The following actions target Node.js 20 but are being forced to run on Node.js 24: actions/checkout@v4, actions/setup-python@v5, actions/upload-artifact@v4. For more information see: https://github.blog/changelog/2025-09-19-deprecation-of-node-20-on-github-actions-runners/
